edge_id,from_address,from_file_offset,from_address_status,from_space,encoded_operand,effective_address,logical_target,to_space,mapping_basis,mechanism,version,evidence,executed,execution_source,count,comment,from_routine,to_routine
bsc:ROM:F88434:FF863E,$F88434,ROM+0x08434,mapped,ROM,$863E,$FF863E,$00863E,HIGH-RAM-ALIAS-CANDIDATE,mirror-hypothesis,binding-slot-call,ROM,static-abs.w,unknown,,1,jmp,,
bsc:ROM:F884F4:FF8638,$F884F4,ROM+0x084F4,mapped,ROM,$8638,$FF8638,$008638,HIGH-RAM-ALIAS-CANDIDATE,mirror-hypothesis,binding-slot-call,ROM,static-abs.w,unknown,,1,jmp,,
bsc:ROM:F885A0:FF8CC8,$F885A0,ROM+0x085A0,mapped,ROM,$8CC8,$FF8CC8,$008CC8,HIGH-RAM-ALIAS-CANDIDATE,mirror-hypothesis,binding-slot-call,ROM,static-abs.w,unknown,,1,jsr,,
bsc:ROM:F88610:FF86D0,$F88610,ROM+0x08610,mapped,ROM,$86D0,$FF86D0,$0086D0,HIGH-RAM-ALIAS-CANDIDATE,mirror-hypothesis,binding-slot-call,ROM,static-abs.w,unknown,,1,jsr,,
bsc:ROM:F88614:FF86DC,$F88614,ROM+0x08614,mapped,ROM,$86DC,$FF86DC,$0086DC,HIGH-RAM-ALIAS-CANDIDATE,mirror-hypothesis,binding-slot-call,ROM,static-abs.w,unknown,,1,jmp,,
bsc:ROM:F8861C:FF86EE,$F8861C,ROM+0x0861C,mapped,ROM,$86EE,$FF86EE,$0086EE,HIGH-RAM-ALIAS-CANDIDATE,mirror-hypothesis,binding-slot-call,ROM,static-abs.w,unknown,,1,jsr,,
bsc:ROM:F88622:FF86DC,$F88622,ROM+0x08622,mapped,ROM,$86DC,$FF86DC,$0086DC,HIGH-RAM-ALIAS-CANDIDATE,mirror-hypothesis,binding-slot-call,ROM,static-abs.w,unknown,,1,jmp,,
bsc:ROM:F8864C:FF86D0,$F8864C,ROM+0x0864C,mapped,ROM,$86D0,$FF86D0,$0086D0,HIGH-RAM-ALIAS-CANDIDATE,mirror-hypothesis,binding-slot-call,ROM,static-abs.w,unknown,,1,jsr,,
bsc:ROM:F88674:FF86D0,$F88674,ROM+0x08674,mapped,ROM,$86D0,$FF86D0,$0086D0,HIGH-RAM-ALIAS-CANDIDATE,mirror-hypothesis,binding-slot-call,ROM,static-abs.w,unknown,,1,jsr,,
bsc:ROM:F88678:FF86DC,$F88678,ROM+0x08678,mapped,ROM,$86DC,$FF86DC,$0086DC,HIGH-RAM-ALIAS-CANDIDATE,mirror-hypothesis,binding-slot-call,ROM,static-abs.w,unknown,,1,jmp,,
bsc:ROM:F88680:FF86D6,$F88680,ROM+0x08680,mapped,ROM,$86D6,$FF86D6,$0086D6,HIGH-RAM-ALIAS-CANDIDATE,mirror-hypothesis,binding-slot-call,ROM,static-abs.w,unknown,,1,jsr,,
bsc:ROM:F88684:FF86DC,$F88684,ROM+0x08684,mapped,ROM,$86DC,$FF86DC,$0086DC,HIGH-RAM-ALIAS-CANDIDATE,mirror-hypothesis,binding-slot-call,ROM,static-abs.w,unknown,,1,jmp,,
bsc:ROM:F8868C:FF86D0,$F8868C,ROM+0x0868C,mapped,ROM,$86D0,$FF86D0,$0086D0,HIGH-RAM-ALIAS-CANDIDATE,mirror-hypothesis,binding-slot-call,ROM,static-abs.w,unknown,,1,jsr,,
bsc:ROM:F88690:FF86DC,$F88690,ROM+0x08690,mapped,ROM,$86DC,$FF86DC,$0086DC,HIGH-RAM-ALIAS-CANDIDATE,mirror-hypothesis,binding-slot-call,ROM,static-abs.w,unknown,,1,jmp,,
bsc:ROM:F886A6:FF8CC8,$F886A6,ROM+0x086A6,mapped,ROM,$8CC8,$FF8CC8,$008CC8,HIGH-RAM-ALIAS-CANDIDATE,mirror-hypothesis,binding-slot-call,ROM,static-abs.w,unknown,,1,jsr,,
bsc:ROM:F8873E:FF86DC,$F8873E,ROM+0x0873E,mapped,ROM,$86DC,$FF86DC,$0086DC,HIGH-RAM-ALIAS-CANDIDATE,mirror-hypothesis,binding-slot-call,ROM,static-abs.w,unknown,,1,jmp,,
bsc:ROM:F8874C:FF86EE,$F8874C,ROM+0x0874C,mapped,ROM,$86EE,$FF86EE,$0086EE,HIGH-RAM-ALIAS-CANDIDATE,mirror-hypothesis,binding-slot-call,ROM,static-abs.w,unknown,,1,jsr,,
bsc:ROM:F88752:FF86DC,$F88752,ROM+0x08752,mapped,ROM,$86DC,$FF86DC,$0086DC,HIGH-RAM-ALIAS-CANDIDATE,mirror-hypothesis,binding-slot-call,ROM,static-abs.w,unknown,,1,jmp,,
bsc:ROM:F88778:FF86D0,$F88778,ROM+0x08778,mapped,ROM,$86D0,$FF86D0,$0086D0,HIGH-RAM-ALIAS-CANDIDATE,mirror-hypothesis,binding-slot-call,ROM,static-abs.w,unknown,,1,jsr,,
bsc:ROM:F887DA:FF86D6,$F887DA,ROM+0x087DA,mapped,ROM,$86D6,$FF86D6,$0086D6,HIGH-RAM-ALIAS-CANDIDATE,mirror-hypothesis,binding-slot-call,ROM,static-abs.w,unknown,,1,jsr,,
bsc:ROM:F887DE:FF86DC,$F887DE,ROM+0x087DE,mapped,ROM,$86DC,$FF86DC,$0086DC,HIGH-RAM-ALIAS-CANDIDATE,mirror-hypothesis,binding-slot-call,ROM,static-abs.w,unknown,,1,jmp,,
bsc:ROM:F887E6:FF86EE,$F887E6,ROM+0x087E6,mapped,ROM,$86EE,$FF86EE,$0086EE,HIGH-RAM-ALIAS-CANDIDATE,mirror-hypothesis,binding-slot-call,ROM,static-abs.w,unknown,,1,jsr,,
bsc:ROM:F887EC:FF86DC,$F887EC,ROM+0x087EC,mapped,ROM,$86DC,$FF86DC,$0086DC,HIGH-RAM-ALIAS-CANDIDATE,mirror-hypothesis,binding-slot-call,ROM,static-abs.w,unknown,,1,jmp,,
bsc:ROM:F88800:FF86D6,$F88800,ROM+0x08800,mapped,ROM,$86D6,$FF86D6,$0086D6,HIGH-RAM-ALIAS-CANDIDATE,mirror-hypothesis,binding-slot-call,ROM,static-abs.w,unknown,,1,jsr,,
bsc:ROM:F88810:FF86D6,$F88810,ROM+0x08810,mapped,ROM,$86D6,$FF86D6,$0086D6,HIGH-RAM-ALIAS-CANDIDATE,mirror-hypothesis,binding-slot-call,ROM,static-abs.w,unknown,,1,jsr,,
bsc:ROM:F88814:FF86DC,$F88814,ROM+0x08814,mapped,ROM,$86DC,$FF86DC,$0086DC,HIGH-RAM-ALIAS-CANDIDATE,mirror-hypothesis,binding-slot-call,ROM,static-abs.w,unknown,,1,jmp,,
bsc:ROM:F8882A:FF86F4,$F8882A,ROM+0x0882A,mapped,ROM,$86F4,$FF86F4,$0086F4,HIGH-RAM-ALIAS-CANDIDATE,mirror-hypothesis,binding-slot-call,ROM,static-abs.w,unknown,,1,jsr,,
bsc:ROM:F8884C:FF86DC,$F8884C,ROM+0x0884C,mapped,ROM,$86DC,$FF86DC,$0086DC,HIGH-RAM-ALIAS-CANDIDATE,mirror-hypothesis,binding-slot-call,ROM,static-abs.w,unknown,,1,jmp,,
bsc:ROM:F8885E:FF86DC,$F8885E,ROM+0x0885E,mapped,ROM,$86DC,$FF86DC,$0086DC,HIGH-RAM-ALIAS-CANDIDATE,mirror-hypothesis,binding-slot-call,ROM,static-abs.w,unknown,,1,jmp,,
bsc:ROM:F8891C:FF87B0,$F8891C,ROM+0x0891C,mapped,ROM,$87B0,$FF87B0,$0087B0,HIGH-RAM-ALIAS-CANDIDATE,mirror-hypothesis,binding-slot-call,ROM,static-abs.w,unknown,,1,jsr,,
bsc:ROM:F88946:FF8798,$F88946,ROM+0x08946,mapped,ROM,$8798,$FF8798,$008798,HIGH-RAM-ALIAS-CANDIDATE,mirror-hypothesis,binding-slot-call,ROM,static-abs.w,unknown,,1,jsr,,
bsc:ROM:F88990:FF87AA,$F88990,ROM+0x08990,mapped,ROM,$87AA,$FF87AA,$0087AA,HIGH-RAM-ALIAS-CANDIDATE,mirror-hypothesis,binding-slot-call,ROM,static-abs.w,unknown,,1,jsr,,
bsc:ROM:F889AE:FF877E,$F889AE,ROM+0x089AE,mapped,ROM,$877E,$FF877E,$00877E,HIGH-RAM-ALIAS-CANDIDATE,mirror-hypothesis,binding-slot-call,ROM,static-abs.w,unknown,,1,jmp,,
bsc:ROM:F88A9E:FF8784,$F88A9E,ROM+0x08A9E,mapped,ROM,$8784,$FF8784,$008784,HIGH-RAM-ALIAS-CANDIDATE,mirror-hypothesis,binding-slot-call,ROM,static-abs.w,unknown,,1,jmp,,
bsc:ROM:F88ADA:FF8788,$F88ADA,ROM+0x08ADA,mapped,ROM,$8788,$FF8788,$008788,HIGH-RAM-ALIAS-CANDIDATE,mirror-hypothesis,binding-slot-call,ROM,static-abs.w,unknown,,1,jmp,,
bsc:ROM:F88ADE:FF878C,$F88ADE,ROM+0x08ADE,mapped,ROM,$878C,$FF878C,$00878C,HIGH-RAM-ALIAS-CANDIDATE,mirror-hypothesis,binding-slot-call,ROM,static-abs.w,unknown,,1,jmp,,
bsc:ROM:F88C48:FF8CC8,$F88C48,ROM+0x08C48,mapped,ROM,$8CC8,$FF8CC8,$008CC8,HIGH-RAM-ALIAS-CANDIDATE,mirror-hypothesis,binding-slot-call,ROM,static-abs.w,unknown,,1,jsr,,
bsc:ROM:F88C5C:FF8CC8,$F88C5C,ROM+0x08C5C,mapped,ROM,$8CC8,$FF8CC8,$008CC8,HIGH-RAM-ALIAS-CANDIDATE,mirror-hypothesis,binding-slot-call,ROM,static-abs.w,unknown,,1,jsr,,
bsc:ROM:F88C6A:FF8CC8,$F88C6A,ROM+0x08C6A,mapped,ROM,$8CC8,$FF8CC8,$008CC8,HIGH-RAM-ALIAS-CANDIDATE,mirror-hypothesis,binding-slot-call,ROM,static-abs.w,unknown,,1,jsr,,
bsc:ROM:F88C9C:FF8EAC,$F88C9C,ROM+0x08C9C,mapped,ROM,$8EAC,$FF8EAC,$008EAC,HIGH-RAM-ALIAS-CANDIDATE,mirror-hypothesis,binding-slot-call,ROM,static-abs.w,unknown,,1,jmp,,
bsc:ROM:F88CA0:FF8946,$F88CA0,ROM+0x08CA0,mapped,ROM,$8946,$FF8946,$008946,HIGH-RAM-ALIAS-CANDIDATE,mirror-hypothesis,binding-slot-call,ROM,static-abs.w,unknown,,1,jmp,,
bsc:ROM:F88CB4:FF8946,$F88CB4,ROM+0x08CB4,mapped,ROM,$8946,$FF8946,$008946,HIGH-RAM-ALIAS-CANDIDATE,mirror-hypothesis,binding-slot-call,ROM,static-abs.w,unknown,,1,jsr,,
bsc:ROM:F88D98:FF8794,$F88D98,ROM+0x08D98,mapped,ROM,$8794,$FF8794,$008794,HIGH-RAM-ALIAS-CANDIDATE,mirror-hypothesis,binding-slot-call,ROM,static-abs.w,unknown,,1,jsr,,
bsc:ROM:F88DBA:FF8790,$F88DBA,ROM+0x08DBA,mapped,ROM,$8790,$FF8790,$008790,HIGH-RAM-ALIAS-CANDIDATE,mirror-hypothesis,binding-slot-call,ROM,static-abs.w,unknown,,1,jmp,,
bsc:ROM:F89114:FF8CC2,$F89114,ROM+0x09114,mapped,ROM,$8CC2,$FF8CC2,$008CC2,HIGH-RAM-ALIAS-CANDIDATE,mirror-hypothesis,binding-slot-call,ROM,static-abs.w,unknown,,1,jsr,,
bsc:ROM:F891C6:FF8CC8,$F891C6,ROM+0x091C6,mapped,ROM,$8CC8,$FF8CC8,$008CC8,HIGH-RAM-ALIAS-CANDIDATE,mirror-hypothesis,binding-slot-call,ROM,static-abs.w,unknown,,1,jsr,,
bsc:ROM:F8921A:FF8CC2,$F8921A,ROM+0x0921A,mapped,ROM,$8CC2,$FF8CC2,$008CC2,HIGH-RAM-ALIAS-CANDIDATE,mirror-hypothesis,binding-slot-call,ROM,static-abs.w,unknown,,1,jsr,,
bsc:ROM:F892B6:FF8932,$F892B6,ROM+0x092B6,mapped,ROM,$8932,$FF8932,$008932,HIGH-RAM-ALIAS-CANDIDATE,mirror-hypothesis,binding-slot-call,ROM,static-abs.w,unknown,,1,jsr,,
bsc:ROM:F892CA:FF8CC2,$F892CA,ROM+0x092CA,mapped,ROM,$8CC2,$FF8CC2,$008CC2,HIGH-RAM-ALIAS-CANDIDATE,mirror-hypothesis,binding-slot-call,ROM,static-abs.w,unknown,,1,jsr,,
bsc:ROM:F89454:FF88B4,$F89454,ROM+0x09454,mapped,ROM,$88B4,$FF88B4,$0088B4,HIGH-RAM-ALIAS-CANDIDATE,mirror-hypothesis,binding-slot-call,ROM,static-abs.w,unknown,,1,jsr,,
bsc:ROM:F8949A:FF88C0,$F8949A,ROM+0x0949A,mapped,ROM,$88C0,$FF88C0,$0088C0,HIGH-RAM-ALIAS-CANDIDATE,mirror-hypothesis,binding-slot-call,ROM,static-abs.w,unknown,,1,jsr,,
bsc:ROM:F894A0:FF88C4,$F894A0,ROM+0x094A0,mapped,ROM,$88C4,$FF88C4,$0088C4,HIGH-RAM-ALIAS-CANDIDATE,mirror-hypothesis,binding-slot-call,ROM,static-abs.w,unknown,,1,jmp,,
bsc:ROM:F894EE:FF88BC,$F894EE,ROM+0x094EE,mapped,ROM,$88BC,$FF88BC,$0088BC,HIGH-RAM-ALIAS-CANDIDATE,mirror-hypothesis,binding-slot-call,ROM,static-abs.w,unknown,,1,jsr,,
bsc:ROM:F894FE:FF8984,$F894FE,ROM+0x094FE,mapped,ROM,$8984,$FF8984,$008984,HIGH-RAM-ALIAS-CANDIDATE,mirror-hypothesis,binding-slot-call,ROM,static-abs.w,unknown,,1,jsr,,
bsc:ROM:F89520:FF8996,$F89520,ROM+0x09520,mapped,ROM,$8996,$FF8996,$008996,HIGH-RAM-ALIAS-CANDIDATE,mirror-hypothesis,binding-slot-call,ROM,static-abs.w,unknown,,1,jsr,,
bsc:ROM:F89540:FF8CB8,$F89540,ROM+0x09540,mapped,ROM,$8CB8,$FF8CB8,$008CB8,HIGH-RAM-ALIAS-CANDIDATE,mirror-hypothesis,binding-slot-call,ROM,static-abs.w,unknown,,1,jsr,,
bsc:ROM:F89544:FF88B8,$F89544,ROM+0x09544,mapped,ROM,$88B8,$FF88B8,$0088B8,HIGH-RAM-ALIAS-CANDIDATE,mirror-hypothesis,binding-slot-call,ROM,static-abs.w,unknown,,1,jsr,,
bsc:ROM:F89556:FF88CA,$F89556,ROM+0x09556,mapped,ROM,$88CA,$FF88CA,$0088CA,HIGH-RAM-ALIAS-CANDIDATE,mirror-hypothesis,binding-slot-call,ROM,static-abs.w,unknown,,1,jsr,,
bsc:ROM:F8955E:FF8D06,$F8955E,ROM+0x0955E,mapped,ROM,$8D06,$FF8D06,$008D06,HIGH-RAM-ALIAS-CANDIDATE,mirror-hypothesis,binding-slot-call,ROM,static-abs.w,unknown,,1,jsr,,
bsc:ROM:F89564:FF88C0,$F89564,ROM+0x09564,mapped,ROM,$88C0,$FF88C0,$0088C0,HIGH-RAM-ALIAS-CANDIDATE,mirror-hypothesis,binding-slot-call,ROM,static-abs.w,unknown,,1,jsr,,
bsc:ROM:F8956A:FF88C4,$F8956A,ROM+0x0956A,mapped,ROM,$88C4,$FF88C4,$0088C4,HIGH-RAM-ALIAS-CANDIDATE,mirror-hypothesis,binding-slot-call,ROM,static-abs.w,unknown,,1,jsr,,
bsc:ROM:F89574:FF8814,$F89574,ROM+0x09574,mapped,ROM,$8814,$FF8814,$008814,HIGH-RAM-ALIAS-CANDIDATE,mirror-hypothesis,binding-slot-call,ROM,static-abs.w,unknown,,1,jsr,,
bsc:ROM:F89582:FF8882,$F89582,ROM+0x09582,mapped,ROM,$8882,$FF8882,$008882,HIGH-RAM-ALIAS-CANDIDATE,mirror-hypothesis,binding-slot-call,ROM,static-abs.w,unknown,,1,jmp,,
bsc:ROM:F8959A:FF88D6,$F8959A,ROM+0x0959A,mapped,ROM,$88D6,$FF88D6,$0088D6,HIGH-RAM-ALIAS-CANDIDATE,mirror-hypothesis,binding-slot-call,ROM,static-abs.w,unknown,,1,jsr,,
bsc:ROM:F895BE:FF8CC2,$F895BE,ROM+0x095BE,mapped,ROM,$8CC2,$FF8CC2,$008CC2,HIGH-RAM-ALIAS-CANDIDATE,mirror-hypothesis,binding-slot-call,ROM,static-abs.w,unknown,,1,jsr,,
bsc:ROM:F895CE:FF8972,$F895CE,ROM+0x095CE,mapped,ROM,$8972,$FF8972,$008972,HIGH-RAM-ALIAS-CANDIDATE,mirror-hypothesis,binding-slot-call,ROM,static-abs.w,unknown,,1,jsr,,
bsc:ROM:F895E8:FF8990,$F895E8,ROM+0x095E8,mapped,ROM,$8990,$FF8990,$008990,HIGH-RAM-ALIAS-CANDIDATE,mirror-hypothesis,binding-slot-call,ROM,static-abs.w,unknown,,1,jmp,,
bsc:ROM:F895FE:FF88AC,$F895FE,ROM+0x095FE,mapped,ROM,$88AC,$FF88AC,$0088AC,HIGH-RAM-ALIAS-CANDIDATE,mirror-hypothesis,binding-slot-call,ROM,static-abs.w,unknown,,1,jsr,,
bsc:ROM:F8961E:FF88AC,$F8961E,ROM+0x0961E,mapped,ROM,$88AC,$FF88AC,$0088AC,HIGH-RAM-ALIAS-CANDIDATE,mirror-hypothesis,binding-slot-call,ROM,static-abs.w,unknown,,1,jsr,,
bsc:ROM:F8962C:FF88AC,$F8962C,ROM+0x0962C,mapped,ROM,$88AC,$FF88AC,$0088AC,HIGH-RAM-ALIAS-CANDIDATE,mirror-hypothesis,binding-slot-call,ROM,static-abs.w,unknown,,1,jsr,,
bsc:ROM:F8964A:FF8996,$F8964A,ROM+0x0964A,mapped,ROM,$8996,$FF8996,$008996,HIGH-RAM-ALIAS-CANDIDATE,mirror-hypothesis,binding-slot-call,ROM,static-abs.w,unknown,,1,jsr,,
bsc:ROM:F89680:FF88AC,$F89680,ROM+0x09680,mapped,ROM,$88AC,$FF88AC,$0088AC,HIGH-RAM-ALIAS-CANDIDATE,mirror-hypothesis,binding-slot-call,ROM,static-abs.w,unknown,,1,jsr,,
bsc:ROM:F896D8:FF8CC2,$F896D8,ROM+0x096D8,mapped,ROM,$8CC2,$FF8CC2,$008CC2,HIGH-RAM-ALIAS-CANDIDATE,mirror-hypothesis,binding-slot-call,ROM,static-abs.w,unknown,,1,jsr,,
bsc:ROM:F8975C:FF88AC,$F8975C,ROM+0x0975C,mapped,ROM,$88AC,$FF88AC,$0088AC,HIGH-RAM-ALIAS-CANDIDATE,mirror-hypothesis,binding-slot-call,ROM,static-abs.w,unknown,,1,jsr,,
bsc:ROM:F8988E:FF8CC2,$F8988E,ROM+0x0988E,mapped,ROM,$8CC2,$FF8CC2,$008CC2,HIGH-RAM-ALIAS-CANDIDATE,mirror-hypothesis,binding-slot-call,ROM,static-abs.w,unknown,,1,jsr,,
bsc:ROM:F89896:FF8CC2,$F89896,ROM+0x09896,mapped,ROM,$8CC2,$FF8CC2,$008CC2,HIGH-RAM-ALIAS-CANDIDATE,mirror-hypothesis,binding-slot-call,ROM,static-abs.w,unknown,,1,jsr,,
bsc:ROM:F898A4:FF8950,$F898A4,ROM+0x098A4,mapped,ROM,$8950,$FF8950,$008950,HIGH-RAM-ALIAS-CANDIDATE,mirror-hypothesis,binding-slot-call,ROM,static-abs.w,unknown,,1,jsr,,
bsc:ROM:F898AE:FF8950,$F898AE,ROM+0x098AE,mapped,ROM,$8950,$FF8950,$008950,HIGH-RAM-ALIAS-CANDIDATE,mirror-hypothesis,binding-slot-call,ROM,static-abs.w,unknown,,1,jsr,,
bsc:ROM:F89992:FF896C,$F89992,ROM+0x09992,mapped,ROM,$896C,$FF896C,$00896C,HIGH-RAM-ALIAS-CANDIDATE,mirror-hypothesis,binding-slot-call,ROM,static-abs.w,unknown,,1,jsr,,
bsc:ROM:F899CE:FF896C,$F899CE,ROM+0x099CE,mapped,ROM,$896C,$FF896C,$00896C,HIGH-RAM-ALIAS-CANDIDATE,mirror-hypothesis,binding-slot-call,ROM,static-abs.w,unknown,,1,jsr,,
bsc:ROM:F89AE8:FF8932,$F89AE8,ROM+0x09AE8,mapped,ROM,$8932,$FF8932,$008932,HIGH-RAM-ALIAS-CANDIDATE,mirror-hypothesis,binding-slot-call,ROM,static-abs.w,unknown,,1,jmp,,
bsc:ROM:F89B02:FF8946,$F89B02,ROM+0x09B02,mapped,ROM,$8946,$FF8946,$008946,HIGH-RAM-ALIAS-CANDIDATE,mirror-hypothesis,binding-slot-call,ROM,static-abs.w,unknown,,1,jsr,,
bsc:ROM:F89B0E:FF8CC8,$F89B0E,ROM+0x09B0E,mapped,ROM,$8CC8,$FF8CC8,$008CC8,HIGH-RAM-ALIAS-CANDIDATE,mirror-hypothesis,binding-slot-call,ROM,static-abs.w,unknown,,1,jsr,,
bsc:ROM:F89B86:FF893A,$F89B86,ROM+0x09B86,mapped,ROM,$893A,$FF893A,$00893A,HIGH-RAM-ALIAS-CANDIDATE,mirror-hypothesis,binding-slot-call,ROM,static-abs.w,unknown,,1,jmp,,
bsc:ROM:F89B94:FF8912,$F89B94,ROM+0x09B94,mapped,ROM,$8912,$FF8912,$008912,HIGH-RAM-ALIAS-CANDIDATE,mirror-hypothesis,binding-slot-call,ROM,static-abs.w,unknown,,1,jmp,,
bsc:ROM:F89BB0:FF8CC8,$F89BB0,ROM+0x09BB0,mapped,ROM,$8CC8,$FF8CC8,$008CC8,HIGH-RAM-ALIAS-CANDIDATE,mirror-hypothesis,binding-slot-call,ROM,static-abs.w,unknown,,1,jsr,,
bsc:ROM:F89EFE:FF894C,$F89EFE,ROM+0x09EFE,mapped,ROM,$894C,$FF894C,$00894C,HIGH-RAM-ALIAS-CANDIDATE,mirror-hypothesis,binding-slot-call,ROM,static-abs.w,unknown,,1,jsr,,
bsc:ROM:F89FAA:FF894C,$F89FAA,ROM+0x09FAA,mapped,ROM,$894C,$FF894C,$00894C,HIGH-RAM-ALIAS-CANDIDATE,mirror-hypothesis,binding-slot-call,ROM,static-abs.w,unknown,,1,jsr,,
bsc:ROM:F89FB0:FF8CC2,$F89FB0,ROM+0x09FB0,mapped,ROM,$8CC2,$FF8CC2,$008CC2,HIGH-RAM-ALIAS-CANDIDATE,mirror-hypothesis,binding-slot-call,ROM,static-abs.w,unknown,,1,jsr,,
bsc:ROM:F8A020:FF8CC2,$F8A020,ROM+0x0A020,mapped,ROM,$8CC2,$FF8CC2,$008CC2,HIGH-RAM-ALIAS-CANDIDATE,mirror-hypothesis,binding-slot-call,ROM,static-abs.w,unknown,,1,jsr,,
bsc:ROM:F8A160:FF8972,$F8A160,ROM+0x0A160,mapped,ROM,$8972,$FF8972,$008972,HIGH-RAM-ALIAS-CANDIDATE,mirror-hypothesis,binding-slot-call,ROM,static-abs.w,unknown,,1,jsr,,
bsc:ROM:F8A31A:FF8C72,$F8A31A,ROM+0x0A31A,mapped,ROM,$8C72,$FF8C72,$008C72,HIGH-RAM-ALIAS-CANDIDATE,mirror-hypothesis,binding-slot-call,ROM,static-abs.w,unknown,,1,jsr,,
bsc:ROM:F8A422:FF8984,$F8A422,ROM+0x0A422,mapped,ROM,$8984,$FF8984,$008984,HIGH-RAM-ALIAS-CANDIDATE,mirror-hypothesis,binding-slot-call,ROM,static-abs.w,unknown,,1,jsr,,
bsc:ROM:F8A42C:FF8972,$F8A42C,ROM+0x0A42C,mapped,ROM,$8972,$FF8972,$008972,HIGH-RAM-ALIAS-CANDIDATE,mirror-hypothesis,binding-slot-call,ROM,static-abs.w,unknown,,1,jmp,,
bsc:ROM:F8A6E4:FF8960,$F8A6E4,ROM+0x0A6E4,mapped,ROM,$8960,$FF8960,$008960,HIGH-RAM-ALIAS-CANDIDATE,mirror-hypothesis,binding-slot-call,ROM,static-abs.w,unknown,,1,jsr,,
bsc:ROM:F8A6EA:FF8972,$F8A6EA,ROM+0x0A6EA,mapped,ROM,$8972,$FF8972,$008972,HIGH-RAM-ALIAS-CANDIDATE,mirror-hypothesis,binding-slot-call,ROM,static-abs.w,unknown,,1,jsr,,
bsc:ROM:F8A716:FF8972,$F8A716,ROM+0x0A716,mapped,ROM,$8972,$FF8972,$008972,HIGH-RAM-ALIAS-CANDIDATE,mirror-hypothesis,binding-slot-call,ROM,static-abs.w,unknown,,1,jmp,,
bsc:ROM:F8A92C:FF8996,$F8A92C,ROM+0x0A92C,mapped,ROM,$8996,$FF8996,$008996,HIGH-RAM-ALIAS-CANDIDATE,mirror-hypothesis,binding-slot-call,ROM,static-abs.w,unknown,,1,jsr,,
bsc:ROM:F8AC38:FF8C0C,$F8AC38,ROM+0x0AC38,mapped,ROM,$8C0C,$FF8C0C,$008C0C,HIGH-RAM-ALIAS-CANDIDATE,mirror-hypothesis,binding-slot-call,ROM,static-abs.w,unknown,,1,jsr,,
bsc:ROM:F8ACA4:FF9056,$F8ACA4,ROM+0x0ACA4,mapped,ROM,$9056,$FF9056,$009056,HIGH-RAM-ALIAS-CANDIDATE,mirror-hypothesis,binding-slot-call,ROM,static-abs.w,unknown,,1,jsr,,
bsc:ROM:F8ACD6:FF9056,$F8ACD6,ROM+0x0ACD6,mapped,ROM,$9056,$FF9056,$009056,HIGH-RAM-ALIAS-CANDIDATE,mirror-hypothesis,binding-slot-call,ROM,static-abs.w,unknown,,1,jsr,,
bsc:ROM:F8ADB4:FF8C4E,$F8ADB4,ROM+0x0ADB4,mapped,ROM,$8C4E,$FF8C4E,$008C4E,HIGH-RAM-ALIAS-CANDIDATE,mirror-hypothesis,binding-slot-call,ROM,static-abs.w,unknown,,1,jsr,,
bsc:ROM:F8ADBA:FF8C0C,$F8ADBA,ROM+0x0ADBA,mapped,ROM,$8C0C,$FF8C0C,$008C0C,HIGH-RAM-ALIAS-CANDIDATE,mirror-hypothesis,binding-slot-call,ROM,static-abs.w,unknown,,1,jsr,,
bsc:ROM:F8AEDE:FF896C,$F8AEDE,ROM+0x0AEDE,mapped,ROM,$896C,$FF896C,$00896C,HIGH-RAM-ALIAS-CANDIDATE,mirror-hypothesis,binding-slot-call,ROM,static-abs.w,unknown,,1,jsr,,
bsc:ROM:F8AF02:FF8C4E,$F8AF02,ROM+0x0AF02,mapped,ROM,$8C4E,$FF8C4E,$008C4E,HIGH-RAM-ALIAS-CANDIDATE,mirror-hypothesis,binding-slot-call,ROM,static-abs.w,unknown,,1,jsr,,
bsc:ROM:F8AF0C:FF8966,$F8AF0C,ROM+0x0AF0C,mapped,ROM,$8966,$FF8966,$008966,HIGH-RAM-ALIAS-CANDIDATE,mirror-hypothesis,binding-slot-call,ROM,static-abs.w,unknown,,1,jsr,,
bsc:ROM:F8AF16:FF8C0C,$F8AF16,ROM+0x0AF16,mapped,ROM,$8C0C,$FF8C0C,$008C0C,HIGH-RAM-ALIAS-CANDIDATE,mirror-hypothesis,binding-slot-call,ROM,static-abs.w,unknown,,1,jsr,,
bsc:ROM:F8AF1E:FF8C4E,$F8AF1E,ROM+0x0AF1E,mapped,ROM,$8C4E,$FF8C4E,$008C4E,HIGH-RAM-ALIAS-CANDIDATE,mirror-hypothesis,binding-slot-call,ROM,static-abs.w,unknown,,1,jsr,,
bsc:ROM:F8AF28:FF8C8A,$F8AF28,ROM+0x0AF28,mapped,ROM,$8C8A,$FF8C8A,$008C8A,HIGH-RAM-ALIAS-CANDIDATE,mirror-hypothesis,binding-slot-call,ROM,static-abs.w,unknown,,1,jsr,,
bsc:ROM:F8AF2E:FF8C5A,$F8AF2E,ROM+0x0AF2E,mapped,ROM,$8C5A,$FF8C5A,$008C5A,HIGH-RAM-ALIAS-CANDIDATE,mirror-hypothesis,binding-slot-call,ROM,static-abs.w,unknown,,1,jsr,,
bsc:ROM:F8AF32:FF8C78,$F8AF32,ROM+0x0AF32,mapped,ROM,$8C78,$FF8C78,$008C78,HIGH-RAM-ALIAS-CANDIDATE,mirror-hypothesis,binding-slot-call,ROM,static-abs.w,unknown,,1,jsr,,
bsc:ROM:F8AF42:FF8972,$F8AF42,ROM+0x0AF42,mapped,ROM,$8972,$FF8972,$008972,HIGH-RAM-ALIAS-CANDIDATE,mirror-hypothesis,binding-slot-call,ROM,static-abs.w,unknown,,1,jsr,,
bsc:ROM:F8AF66:FF8BC6,$F8AF66,ROM+0x0AF66,mapped,ROM,$8BC6,$FF8BC6,$008BC6,HIGH-RAM-ALIAS-CANDIDATE,mirror-hypothesis,binding-slot-call,ROM,static-abs.w,unknown,,1,jsr,,
bsc:ROM:F8AF6A:FF8C4E,$F8AF6A,ROM+0x0AF6A,mapped,ROM,$8C4E,$FF8C4E,$008C4E,HIGH-RAM-ALIAS-CANDIDATE,mirror-hypothesis,binding-slot-call,ROM,static-abs.w,unknown,,1,jsr,,
bsc:ROM:F8AF72:FF8C0C,$F8AF72,ROM+0x0AF72,mapped,ROM,$8C0C,$FF8C0C,$008C0C,HIGH-RAM-ALIAS-CANDIDATE,mirror-hypothesis,binding-slot-call,ROM,static-abs.w,unknown,,1,jsr,,
bsc:ROM:F8AFCC:FF8CC2,$F8AFCC,ROM+0x0AFCC,mapped,ROM,$8CC2,$FF8CC2,$008CC2,HIGH-RAM-ALIAS-CANDIDATE,mirror-hypothesis,binding-slot-call,ROM,static-abs.w,unknown,,1,jsr,,
bsc:ROM:F8AFE8:FF8CC2,$F8AFE8,ROM+0x0AFE8,mapped,ROM,$8CC2,$FF8CC2,$008CC2,HIGH-RAM-ALIAS-CANDIDATE,mirror-hypothesis,binding-slot-call,ROM,static-abs.w,unknown,,1,jsr,,
bsc:ROM:F8AFFC:FF8972,$F8AFFC,ROM+0x0AFFC,mapped,ROM,$8972,$FF8972,$008972,HIGH-RAM-ALIAS-CANDIDATE,mirror-hypothesis,binding-slot-call,ROM,static-abs.w,unknown,,1,jsr,,
bsc:ROM:F8B01C:FF8CD6,$F8B01C,ROM+0x0B01C,mapped,ROM,$8CD6,$FF8CD6,$008CD6,HIGH-RAM-ALIAS-CANDIDATE,mirror-hypothesis,binding-slot-call,ROM,static-abs.w,unknown,,1,jsr,,
bsc:ROM:F8B024:FF8C0C,$F8B024,ROM+0x0B024,mapped,ROM,$8C0C,$FF8C0C,$008C0C,HIGH-RAM-ALIAS-CANDIDATE,mirror-hypothesis,binding-slot-call,ROM,static-abs.w,unknown,,1,jsr,,
bsc:ROM:F8B02C:FF8C0C,$F8B02C,ROM+0x0B02C,mapped,ROM,$8C0C,$FF8C0C,$008C0C,HIGH-RAM-ALIAS-CANDIDATE,mirror-hypothesis,binding-slot-call,ROM,static-abs.w,unknown,,1,jsr,,
bsc:ROM:F8B064:FF8CB8,$F8B064,ROM+0x0B064,mapped,ROM,$8CB8,$FF8CB8,$008CB8,HIGH-RAM-ALIAS-CANDIDATE,mirror-hypothesis,binding-slot-call,ROM,static-abs.w,unknown,,1,jsr,,
bsc:ROM:F8B074:FF8C06,$F8B074,ROM+0x0B074,mapped,ROM,$8C06,$FF8C06,$008C06,HIGH-RAM-ALIAS-CANDIDATE,mirror-hypothesis,binding-slot-call,ROM,static-abs.w,unknown,,1,jsr,,
bsc:ROM:F8B0FA:FF8978,$F8B0FA,ROM+0x0B0FA,mapped,ROM,$8978,$FF8978,$008978,HIGH-RAM-ALIAS-CANDIDATE,mirror-hypothesis,binding-slot-call,ROM,static-abs.w,unknown,,1,jsr,,
bsc:ROM:F8B100:FF8966,$F8B100,ROM+0x0B100,mapped,ROM,$8966,$FF8966,$008966,HIGH-RAM-ALIAS-CANDIDATE,mirror-hypothesis,binding-slot-call,ROM,static-abs.w,unknown,,1,jsr,,
bsc:ROM:F8B10C:FF896C,$F8B10C,ROM+0x0B10C,mapped,ROM,$896C,$FF896C,$00896C,HIGH-RAM-ALIAS-CANDIDATE,mirror-hypothesis,binding-slot-call,ROM,static-abs.w,unknown,,1,jsr,,
bsc:ROM:F8B114:FF8C06,$F8B114,ROM+0x0B114,mapped,ROM,$8C06,$FF8C06,$008C06,HIGH-RAM-ALIAS-CANDIDATE,mirror-hypothesis,binding-slot-call,ROM,static-abs.w,unknown,,1,jsr,,
bsc:ROM:F8B12E:FF8978,$F8B12E,ROM+0x0B12E,mapped,ROM,$8978,$FF8978,$008978,HIGH-RAM-ALIAS-CANDIDATE,mirror-hypothesis,binding-slot-call,ROM,static-abs.w,unknown,,1,jsr,,
bsc:ROM:F8B134:FF8966,$F8B134,ROM+0x0B134,mapped,ROM,$8966,$FF8966,$008966,HIGH-RAM-ALIAS-CANDIDATE,mirror-hypothesis,binding-slot-call,ROM,static-abs.w,unknown,,1,jsr,,
bsc:ROM:F8B140:FF896C,$F8B140,ROM+0x0B140,mapped,ROM,$896C,$FF896C,$00896C,HIGH-RAM-ALIAS-CANDIDATE,mirror-hypothesis,binding-slot-call,ROM,static-abs.w,unknown,,1,jsr,,
bsc:ROM:F8B148:FF8C18,$F8B148,ROM+0x0B148,mapped,ROM,$8C18,$FF8C18,$008C18,HIGH-RAM-ALIAS-CANDIDATE,mirror-hypothesis,binding-slot-call,ROM,static-abs.w,unknown,,1,jsr,,
bsc:ROM:F8B162:FF8978,$F8B162,ROM+0x0B162,mapped,ROM,$8978,$FF8978,$008978,HIGH-RAM-ALIAS-CANDIDATE,mirror-hypothesis,binding-slot-call,ROM,static-abs.w,unknown,,1,jsr,,
bsc:ROM:F8B168:FF8966,$F8B168,ROM+0x0B168,mapped,ROM,$8966,$FF8966,$008966,HIGH-RAM-ALIAS-CANDIDATE,mirror-hypothesis,binding-slot-call,ROM,static-abs.w,unknown,,1,jsr,,
bsc:ROM:F8B170:FF896C,$F8B170,ROM+0x0B170,mapped,ROM,$896C,$FF896C,$00896C,HIGH-RAM-ALIAS-CANDIDATE,mirror-hypothesis,binding-slot-call,ROM,static-abs.w,unknown,,1,jsr,,
bsc:ROM:F8B178:FF8C0C,$F8B178,ROM+0x0B178,mapped,ROM,$8C0C,$FF8C0C,$008C0C,HIGH-RAM-ALIAS-CANDIDATE,mirror-hypothesis,binding-slot-call,ROM,static-abs.w,unknown,,1,jsr,,
bsc:ROM:F8B17E:FF8C1E,$F8B17E,ROM+0x0B17E,mapped,ROM,$8C1E,$FF8C1E,$008C1E,HIGH-RAM-ALIAS-CANDIDATE,mirror-hypothesis,binding-slot-call,ROM,static-abs.w,unknown,,1,jsr,,
bsc:ROM:F8B188:FF8C0C,$F8B188,ROM+0x0B188,mapped,ROM,$8C0C,$FF8C0C,$008C0C,HIGH-RAM-ALIAS-CANDIDATE,mirror-hypothesis,binding-slot-call,ROM,static-abs.w,unknown,,1,jsr,,
bsc:ROM:F8B19C:FF8BE2,$F8B19C,ROM+0x0B19C,mapped,ROM,$8BE2,$FF8BE2,$008BE2,HIGH-RAM-ALIAS-CANDIDATE,mirror-hypothesis,binding-slot-call,ROM,static-abs.w,unknown,,1,jsr,,
bsc:ROM:F8B1A8:FF8BE2,$F8B1A8,ROM+0x0B1A8,mapped,ROM,$8BE2,$FF8BE2,$008BE2,HIGH-RAM-ALIAS-CANDIDATE,mirror-hypothesis,binding-slot-call,ROM,static-abs.w,unknown,,1,jsr,,
bsc:ROM:F8B1C6:FF8978,$F8B1C6,ROM+0x0B1C6,mapped,ROM,$8978,$FF8978,$008978,HIGH-RAM-ALIAS-CANDIDATE,mirror-hypothesis,binding-slot-call,ROM,static-abs.w,unknown,,1,jsr,,
bsc:ROM:F8B1CC:FF8966,$F8B1CC,ROM+0x0B1CC,mapped,ROM,$8966,$FF8966,$008966,HIGH-RAM-ALIAS-CANDIDATE,mirror-hypothesis,binding-slot-call,ROM,static-abs.w,unknown,,1,jsr,,
bsc:ROM:F8B1D6:FF8C0C,$F8B1D6,ROM+0x0B1D6,mapped,ROM,$8C0C,$FF8C0C,$008C0C,HIGH-RAM-ALIAS-CANDIDATE,mirror-hypothesis,binding-slot-call,ROM,static-abs.w,unknown,,1,jsr,,
bsc:ROM:F8B1DE:FF8978,$F8B1DE,ROM+0x0B1DE,mapped,ROM,$8978,$FF8978,$008978,HIGH-RAM-ALIAS-CANDIDATE,mirror-hypothesis,binding-slot-call,ROM,static-abs.w,unknown,,1,jsr,,
bsc:ROM:F8B1E2:FF8960,$F8B1E2,ROM+0x0B1E2,mapped,ROM,$8960,$FF8960,$008960,HIGH-RAM-ALIAS-CANDIDATE,mirror-hypothesis,binding-slot-call,ROM,static-abs.w,unknown,,1,jsr,,
bsc:ROM:F8B1F6:FF8966,$F8B1F6,ROM+0x0B1F6,mapped,ROM,$8966,$FF8966,$008966,HIGH-RAM-ALIAS-CANDIDATE,mirror-hypothesis,binding-slot-call,ROM,static-abs.w,unknown,,1,jsr,,
bsc:ROM:F8B1FC:FF8C0C,$F8B1FC,ROM+0x0B1FC,mapped,ROM,$8C0C,$FF8C0C,$008C0C,HIGH-RAM-ALIAS-CANDIDATE,mirror-hypothesis,binding-slot-call,ROM,static-abs.w,unknown,,1,jsr,,
bsc:ROM:F8B214:FF8C0C,$F8B214,ROM+0x0B214,mapped,ROM,$8C0C,$FF8C0C,$008C0C,HIGH-RAM-ALIAS-CANDIDATE,mirror-hypothesis,binding-slot-call,ROM,static-abs.w,unknown,,1,jsr,,
bsc:ROM:F8B250:FF8972,$F8B250,ROM+0x0B250,mapped,ROM,$8972,$FF8972,$008972,HIGH-RAM-ALIAS-CANDIDATE,mirror-hypothesis,binding-slot-call,ROM,static-abs.w,unknown,,1,jsr,,
bsc:ROM:F8B254:FF897E,$F8B254,ROM+0x0B254,mapped,ROM,$897E,$FF897E,$00897E,HIGH-RAM-ALIAS-CANDIDATE,mirror-hypothesis,binding-slot-call,ROM,static-abs.w,unknown,,1,jsr,,
bsc:ROM:F8B292:FF8C4E,$F8B292,ROM+0x0B292,mapped,ROM,$8C4E,$FF8C4E,$008C4E,HIGH-RAM-ALIAS-CANDIDATE,mirror-hypothesis,binding-slot-call,ROM,static-abs.w,unknown,,1,jsr,,
bsc:ROM:F8B29A:FF8C4E,$F8B29A,ROM+0x0B29A,mapped,ROM,$8C4E,$FF8C4E,$008C4E,HIGH-RAM-ALIAS-CANDIDATE,mirror-hypothesis,binding-slot-call,ROM,static-abs.w,unknown,,1,jsr,,
bsc:ROM:F8B2AE:FF8C0C,$F8B2AE,ROM+0x0B2AE,mapped,ROM,$8C0C,$FF8C0C,$008C0C,HIGH-RAM-ALIAS-CANDIDATE,mirror-hypothesis,binding-slot-call,ROM,static-abs.w,unknown,,1,jsr,,
bsc:ROM:F8B36C:FF8C3C,$F8B36C,ROM+0x0B36C,mapped,ROM,$8C3C,$FF8C3C,$008C3C,HIGH-RAM-ALIAS-CANDIDATE,mirror-hypothesis,binding-slot-call,ROM,static-abs.w,unknown,,1,jmp,,
bsc:ROM:F8B372:FF8C5A,$F8B372,ROM+0x0B372,mapped,ROM,$8C5A,$FF8C5A,$008C5A,HIGH-RAM-ALIAS-CANDIDATE,mirror-hypothesis,binding-slot-call,ROM,static-abs.w,unknown,,1,jsr,,
bsc:ROM:F8B43E:FF8BFA,$F8B43E,ROM+0x0B43E,mapped,ROM,$8BFA,$FF8BFA,$008BFA,HIGH-RAM-ALIAS-CANDIDATE,mirror-hypothesis,binding-slot-call,ROM,static-abs.w,unknown,,1,jsr,,
bsc:ROM:F8B4B6:FF8C0C,$F8B4B6,ROM+0x0B4B6,mapped,ROM,$8C0C,$FF8C0C,$008C0C,HIGH-RAM-ALIAS-CANDIDATE,mirror-hypothesis,binding-slot-call,ROM,static-abs.w,unknown,,1,jsr,,
bsc:ROM:F8B4C8:FF8C0C,$F8B4C8,ROM+0x0B4C8,mapped,ROM,$8C0C,$FF8C0C,$008C0C,HIGH-RAM-ALIAS-CANDIDATE,mirror-hypothesis,binding-slot-call,ROM,static-abs.w,unknown,,1,jsr,,
bsc:ROM:F8B4DA:FF8C0C,$F8B4DA,ROM+0x0B4DA,mapped,ROM,$8C0C,$FF8C0C,$008C0C,HIGH-RAM-ALIAS-CANDIDATE,mirror-hypothesis,binding-slot-call,ROM,static-abs.w,unknown,,1,jsr,,
bsc:ROM:F8B4F0:FF8C0C,$F8B4F0,ROM+0x0B4F0,mapped,ROM,$8C0C,$FF8C0C,$008C0C,HIGH-RAM-ALIAS-CANDIDATE,mirror-hypothesis,binding-slot-call,ROM,static-abs.w,unknown,,1,jsr,,
bsc:ROM:F8B528:FF8C0C,$F8B528,ROM+0x0B528,mapped,ROM,$8C0C,$FF8C0C,$008C0C,HIGH-RAM-ALIAS-CANDIDATE,mirror-hypothesis,binding-slot-call,ROM,static-abs.w,unknown,,1,jsr,,
bsc:ROM:F8B5AE:FF8C3C,$F8B5AE,ROM+0x0B5AE,mapped,ROM,$8C3C,$FF8C3C,$008C3C,HIGH-RAM-ALIAS-CANDIDATE,mirror-hypothesis,binding-slot-call,ROM,static-abs.w,unknown,,1,jmp,,
bsc:ROM:F8B5E4:FF8C4E,$F8B5E4,ROM+0x0B5E4,mapped,ROM,$8C4E,$FF8C4E,$008C4E,HIGH-RAM-ALIAS-CANDIDATE,mirror-hypothesis,binding-slot-call,ROM,static-abs.w,unknown,,1,jsr,,
bsc:ROM:F8B5EC:FF8C0C,$F8B5EC,ROM+0x0B5EC,mapped,ROM,$8C0C,$FF8C0C,$008C0C,HIGH-RAM-ALIAS-CANDIDATE,mirror-hypothesis,binding-slot-call,ROM,static-abs.w,unknown,,1,jsr,,
bsc:ROM:F8B5FA:FF8C6C,$F8B5FA,ROM+0x0B5FA,mapped,ROM,$8C6C,$FF8C6C,$008C6C,HIGH-RAM-ALIAS-CANDIDATE,mirror-hypothesis,binding-slot-call,ROM,static-abs.w,unknown,,1,jsr,,
bsc:ROM:F8B67A:FF8972,$F8B67A,ROM+0x0B67A,mapped,ROM,$8972,$FF8972,$008972,HIGH-RAM-ALIAS-CANDIDATE,mirror-hypothesis,binding-slot-call,ROM,static-abs.w,unknown,,1,jsr,,
bsc:ROM:F8B68E:FF8C12,$F8B68E,ROM+0x0B68E,mapped,ROM,$8C12,$FF8C12,$008C12,HIGH-RAM-ALIAS-CANDIDATE,mirror-hypothesis,binding-slot-call,ROM,static-abs.w,unknown,,1,jsr,,
bsc:ROM:F8B698:FF8966,$F8B698,ROM+0x0B698,mapped,ROM,$8966,$FF8966,$008966,HIGH-RAM-ALIAS-CANDIDATE,mirror-hypothesis,binding-slot-call,ROM,static-abs.w,unknown,,1,jsr,,
bsc:ROM:F8B6A0:FF8972,$F8B6A0,ROM+0x0B6A0,mapped,ROM,$8972,$FF8972,$008972,HIGH-RAM-ALIAS-CANDIDATE,mirror-hypothesis,binding-slot-call,ROM,static-abs.w,unknown,,1,jsr,,
bsc:ROM:F8B6A8:FF897E,$F8B6A8,ROM+0x0B6A8,mapped,ROM,$897E,$FF897E,$00897E,HIGH-RAM-ALIAS-CANDIDATE,mirror-hypothesis,binding-slot-call,ROM,static-abs.w,unknown,,1,jsr,,
bsc:ROM:F8B6F2:FF8BD0,$F8B6F2,ROM+0x0B6F2,mapped,ROM,$8BD0,$FF8BD0,$008BD0,HIGH-RAM-ALIAS-CANDIDATE,mirror-hypothesis,binding-slot-call,ROM,static-abs.w,unknown,,1,jsr,,
bsc:ROM:F8B704:FF8C12,$F8B704,ROM+0x0B704,mapped,ROM,$8C12,$FF8C12,$008C12,HIGH-RAM-ALIAS-CANDIDATE,mirror-hypothesis,binding-slot-call,ROM,static-abs.w,unknown,,1,jsr,,
bsc:ROM:F8B728:FF8978,$F8B728,ROM+0x0B728,mapped,ROM,$8978,$FF8978,$008978,HIGH-RAM-ALIAS-CANDIDATE,mirror-hypothesis,binding-slot-call,ROM,static-abs.w,unknown,,1,jsr,,
bsc:ROM:F8B732:FF8978,$F8B732,ROM+0x0B732,mapped,ROM,$8978,$FF8978,$008978,HIGH-RAM-ALIAS-CANDIDATE,mirror-hypothesis,binding-slot-call,ROM,static-abs.w,unknown,,1,jsr,,
bsc:ROM:F8B738:FF8966,$F8B738,ROM+0x0B738,mapped,ROM,$8966,$FF8966,$008966,HIGH-RAM-ALIAS-CANDIDATE,mirror-hypothesis,binding-slot-call,ROM,static-abs.w,unknown,,1,jsr,,
bsc:ROM:F8B742:FF896C,$F8B742,ROM+0x0B742,mapped,ROM,$896C,$FF896C,$00896C,HIGH-RAM-ALIAS-CANDIDATE,mirror-hypothesis,binding-slot-call,ROM,static-abs.w,unknown,,1,jsr,,
bsc:ROM:F8B748:FF8C12,$F8B748,ROM+0x0B748,mapped,ROM,$8C12,$FF8C12,$008C12,HIGH-RAM-ALIAS-CANDIDATE,mirror-hypothesis,binding-slot-call,ROM,static-abs.w,unknown,,1,jsr,,
bsc:ROM:F8B750:FF8C84,$F8B750,ROM+0x0B750,mapped,ROM,$8C84,$FF8C84,$008C84,HIGH-RAM-ALIAS-CANDIDATE,mirror-hypothesis,binding-slot-call,ROM,static-abs.w,unknown,,1,jsr,,
bsc:ROM:F8B754:FF897E,$F8B754,ROM+0x0B754,mapped,ROM,$897E,$FF897E,$00897E,HIGH-RAM-ALIAS-CANDIDATE,mirror-hypothesis,binding-slot-call,ROM,static-abs.w,unknown,,1,jsr,,
bsc:ROM:F8B766:FF8C12,$F8B766,ROM+0x0B766,mapped,ROM,$8C12,$FF8C12,$008C12,HIGH-RAM-ALIAS-CANDIDATE,mirror-hypothesis,binding-slot-call,ROM,static-abs.w,unknown,,1,jsr,,
bsc:ROM:F8B770:FF8978,$F8B770,ROM+0x0B770,mapped,ROM,$8978,$FF8978,$008978,HIGH-RAM-ALIAS-CANDIDATE,mirror-hypothesis,binding-slot-call,ROM,static-abs.w,unknown,,1,jsr,,
bsc:ROM:F8B774:FFA24E,$F8B774,ROM+0x0B774,mapped,ROM,$A24E,$FFA24E,,HIGH-RAM,direct,binding-slot-call,ROM,static-abs.w,unknown,,1,jsr,,
bsc:ROM:F8B77C:FF8966,$F8B77C,ROM+0x0B77C,mapped,ROM,$8966,$FF8966,$008966,HIGH-RAM-ALIAS-CANDIDATE,mirror-hypothesis,binding-slot-call,ROM,static-abs.w,unknown,,1,jsr,,
bsc:ROM:F8B786:FF896C,$F8B786,ROM+0x0B786,mapped,ROM,$896C,$FF896C,$00896C,HIGH-RAM-ALIAS-CANDIDATE,mirror-hypothesis,binding-slot-call,ROM,static-abs.w,unknown,,1,jsr,,
bsc:ROM:F8B78C:FF8C12,$F8B78C,ROM+0x0B78C,mapped,ROM,$8C12,$FF8C12,$008C12,HIGH-RAM-ALIAS-CANDIDATE,mirror-hypothesis,binding-slot-call,ROM,static-abs.w,unknown,,1,jsr,,
bsc:ROM:F8B794:FF8C84,$F8B794,ROM+0x0B794,mapped,ROM,$8C84,$FF8C84,$008C84,HIGH-RAM-ALIAS-CANDIDATE,mirror-hypothesis,binding-slot-call,ROM,static-abs.w,unknown,,1,jsr,,
bsc:ROM:F8B798:FF897E,$F8B798,ROM+0x0B798,mapped,ROM,$897E,$FF897E,$00897E,HIGH-RAM-ALIAS-CANDIDATE,mirror-hypothesis,binding-slot-call,ROM,static-abs.w,unknown,,1,jsr,,
bsc:ROM:F8B848:FF8CB8,$F8B848,ROM+0x0B848,mapped,ROM,$8CB8,$FF8CB8,$008CB8,HIGH-RAM-ALIAS-CANDIDATE,mirror-hypothesis,binding-slot-call,ROM,static-abs.w,unknown,,1,jsr,,
bsc:ROM:F8B884:FF8C12,$F8B884,ROM+0x0B884,mapped,ROM,$8C12,$FF8C12,$008C12,HIGH-RAM-ALIAS-CANDIDATE,mirror-hypothesis,binding-slot-call,ROM,static-abs.w,unknown,,1,jsr,,
bsc:ROM:F8B88E:FF8C94,$F8B88E,ROM+0x0B88E,mapped,ROM,$8C94,$FF8C94,$008C94,HIGH-RAM-ALIAS-CANDIDATE,mirror-hypothesis,binding-slot-call,ROM,static-abs.w,unknown,,1,jsr,,
bsc:ROM:F8B8A8:FF8CB8,$F8B8A8,ROM+0x0B8A8,mapped,ROM,$8CB8,$FF8CB8,$008CB8,HIGH-RAM-ALIAS-CANDIDATE,mirror-hypothesis,binding-slot-call,ROM,static-abs.w,unknown,,1,jsr,,
bsc:ROM:F8B8BC:FF8C0C,$F8B8BC,ROM+0x0B8BC,mapped,ROM,$8C0C,$FF8C0C,$008C0C,HIGH-RAM-ALIAS-CANDIDATE,mirror-hypothesis,binding-slot-call,ROM,static-abs.w,unknown,,1,jsr,,
bsc:ROM:F8B92E:FF8848,$F8B92E,ROM+0x0B92E,mapped,ROM,$8848,$FF8848,$008848,HIGH-RAM-ALIAS-CANDIDATE,mirror-hypothesis,binding-slot-call,ROM,static-abs.w,unknown,,1,jsr,,
bsc:ROM:F8B932:FF864A,$F8B932,ROM+0x0B932,mapped,ROM,$864A,$FF864A,$00864A,HIGH-RAM-ALIAS-CANDIDATE,mirror-hypothesis,binding-slot-call,ROM,static-abs.w,unknown,,1,jsr,,
bsc:ROM:F8B986:FF8644,$F8B986,ROM+0x0B986,mapped,ROM,$8644,$FF8644,$008644,HIGH-RAM-ALIAS-CANDIDATE,mirror-hypothesis,binding-slot-call,ROM,static-abs.w,unknown,,1,jsr,,
bsc:ROM:F8B9CC:FF8D3E,$F8B9CC,ROM+0x0B9CC,mapped,ROM,$8D3E,$FF8D3E,$008D3E,HIGH-RAM-ALIAS-CANDIDATE,mirror-hypothesis,binding-slot-call,ROM,static-abs.w,unknown,,1,jsr,,
bsc:ROM:F8B9D4:FF8D3E,$F8B9D4,ROM+0x0B9D4,mapped,ROM,$8D3E,$FF8D3E,$008D3E,HIGH-RAM-ALIAS-CANDIDATE,mirror-hypothesis,binding-slot-call,ROM,static-abs.w,unknown,,1,jsr,,
bsc:ROM:F8B9DE:FF8978,$F8B9DE,ROM+0x0B9DE,mapped,ROM,$8978,$FF8978,$008978,HIGH-RAM-ALIAS-CANDIDATE,mirror-hypothesis,binding-slot-call,ROM,static-abs.w,unknown,,1,jsr,,
bsc:ROM:F8B9EC:FF8972,$F8B9EC,ROM+0x0B9EC,mapped,ROM,$8972,$FF8972,$008972,HIGH-RAM-ALIAS-CANDIDATE,mirror-hypothesis,binding-slot-call,ROM,static-abs.w,unknown,,1,jmp,,
bsc:ROM:F8B9F4:FF8848,$F8B9F4,ROM+0x0B9F4,mapped,ROM,$8848,$FF8848,$008848,HIGH-RAM-ALIAS-CANDIDATE,mirror-hypothesis,binding-slot-call,ROM,static-abs.w,unknown,,1,jsr,,
bsc:ROM:F8B9F8:FF864A,$F8B9F8,ROM+0x0B9F8,mapped,ROM,$864A,$FF864A,$00864A,HIGH-RAM-ALIAS-CANDIDATE,mirror-hypothesis,binding-slot-call,ROM,static-abs.w,unknown,,1,jsr,,
bsc:ROM:F8BA26:FF8D3E,$F8BA26,ROM+0x0BA26,mapped,ROM,$8D3E,$FF8D3E,$008D3E,HIGH-RAM-ALIAS-CANDIDATE,mirror-hypothesis,binding-slot-call,ROM,static-abs.w,unknown,,1,jsr,,
bsc:ROM:F8BA2E:FF8D3E,$F8BA2E,ROM+0x0BA2E,mapped,ROM,$8D3E,$FF8D3E,$008D3E,HIGH-RAM-ALIAS-CANDIDATE,mirror-hypothesis,binding-slot-call,ROM,static-abs.w,unknown,,1,jsr,,
bsc:ROM:F8BA38:FF8978,$F8BA38,ROM+0x0BA38,mapped,ROM,$8978,$FF8978,$008978,HIGH-RAM-ALIAS-CANDIDATE,mirror-hypothesis,binding-slot-call,ROM,static-abs.w,unknown,,1,jsr,,
bsc:ROM:F8BA46:FF8972,$F8BA46,ROM+0x0BA46,mapped,ROM,$8972,$FF8972,$008972,HIGH-RAM-ALIAS-CANDIDATE,mirror-hypothesis,binding-slot-call,ROM,static-abs.w,unknown,,1,jsr,,
bsc:ROM:F8BA4A:FF8644,$F8BA4A,ROM+0x0BA4A,mapped,ROM,$8644,$FF8644,$008644,HIGH-RAM-ALIAS-CANDIDATE,mirror-hypothesis,binding-slot-call,ROM,static-abs.w,unknown,,1,jmp,,
bsc:ROM:F8BACA:FF8856,$F8BACA,ROM+0x0BACA,mapped,ROM,$8856,$FF8856,$008856,HIGH-RAM-ALIAS-CANDIDATE,mirror-hypothesis,binding-slot-call,ROM,static-abs.w,unknown,,1,jsr,,
bsc:ROM:F8BAE2:FF885A,$F8BAE2,ROM+0x0BAE2,mapped,ROM,$885A,$FF885A,$00885A,HIGH-RAM-ALIAS-CANDIDATE,mirror-hypothesis,binding-slot-call,ROM,static-abs.w,unknown,,1,jsr,,
bsc:ROM:F8BAE8:FF87F2,$F8BAE8,ROM+0x0BAE8,mapped,ROM,$87F2,$FF87F2,$0087F2,HIGH-RAM-ALIAS-CANDIDATE,mirror-hypothesis,binding-slot-call,ROM,static-abs.w,unknown,,1,jsr,,
bsc:ROM:F8BB44:FF89A6,$F8BB44,ROM+0x0BB44,mapped,ROM,$89A6,$FF89A6,$0089A6,HIGH-RAM-ALIAS-CANDIDATE,mirror-hypothesis,binding-slot-call,ROM,static-abs.w,unknown,,1,jsr,,
bsc:ROM:F8BB4E:FF8CFA,$F8BB4E,ROM+0x0BB4E,mapped,ROM,$8CFA,$FF8CFA,$008CFA,HIGH-RAM-ALIAS-CANDIDATE,mirror-hypothesis,binding-slot-call,ROM,static-abs.w,unknown,,1,jsr,,
bsc:ROM:F8BB70:FF8B4C,$F8BB70,ROM+0x0BB70,mapped,ROM,$8B4C,$FF8B4C,$008B4C,HIGH-RAM-ALIAS-CANDIDATE,mirror-hypothesis,binding-slot-call,ROM,static-abs.w,unknown,,1,jsr,,
bsc:ROM:F8BB7C:FF87F2,$F8BB7C,ROM+0x0BB7C,mapped,ROM,$87F2,$FF87F2,$0087F2,HIGH-RAM-ALIAS-CANDIDATE,mirror-hypothesis,binding-slot-call,ROM,static-abs.w,unknown,,1,jsr,,
bsc:ROM:F8BB88:FF8806,$F8BB88,ROM+0x0BB88,mapped,ROM,$8806,$FF8806,$008806,HIGH-RAM-ALIAS-CANDIDATE,mirror-hypothesis,binding-slot-call,ROM,static-abs.w,unknown,,1,jsr,,
bsc:ROM:F8BB8E:FF8B54,$F8BB8E,ROM+0x0BB8E,mapped,ROM,$8B54,$FF8B54,$008B54,HIGH-RAM-ALIAS-CANDIDATE,mirror-hypothesis,binding-slot-call,ROM,static-abs.w,unknown,,1,jsr,,
bsc:ROM:F8BBA0:FF8B2A,$F8BBA0,ROM+0x0BBA0,mapped,ROM,$8B2A,$FF8B2A,$008B2A,HIGH-RAM-ALIAS-CANDIDATE,mirror-hypothesis,binding-slot-call,ROM,static-abs.w,unknown,,1,jsr,,
bsc:ROM:F8BBAC:FF8B2E,$F8BBAC,ROM+0x0BBAC,mapped,ROM,$8B2E,$FF8B2E,$008B2E,HIGH-RAM-ALIAS-CANDIDATE,mirror-hypothesis,binding-slot-call,ROM,static-abs.w,unknown,,1,jsr,,
bsc:ROM:F8BBB8:FF8B58,$F8BBB8,ROM+0x0BBB8,mapped,ROM,$8B58,$FF8B58,$008B58,HIGH-RAM-ALIAS-CANDIDATE,mirror-hypothesis,binding-slot-call,ROM,static-abs.w,unknown,,1,jsr,,
bsc:ROM:F8BBC6:FF8B5C,$F8BBC6,ROM+0x0BBC6,mapped,ROM,$8B5C,$FF8B5C,$008B5C,HIGH-RAM-ALIAS-CANDIDATE,mirror-hypothesis,binding-slot-call,ROM,static-abs.w,unknown,,1,jsr,,
bsc:ROM:F8BBD6:FF8B78,$F8BBD6,ROM+0x0BBD6,mapped,ROM,$8B78,$FF8B78,$008B78,HIGH-RAM-ALIAS-CANDIDATE,mirror-hypothesis,binding-slot-call,ROM,static-abs.w,unknown,,1,jsr,,
bsc:ROM:F8BC00:FF8818,$F8BC00,ROM+0x0BC00,mapped,ROM,$8818,$FF8818,$008818,HIGH-RAM-ALIAS-CANDIDATE,mirror-hypothesis,binding-slot-call,ROM,static-abs.w,unknown,,1,jsr,,
bsc:ROM:F8BC08:FF8B50,$F8BC08,ROM+0x0BC08,mapped,ROM,$8B50,$FF8B50,$008B50,HIGH-RAM-ALIAS-CANDIDATE,mirror-hypothesis,binding-slot-call,ROM,static-abs.w,unknown,,1,jsr,,
bsc:ROM:F8BC12:FF8D00,$F8BC12,ROM+0x0BC12,mapped,ROM,$8D00,$FF8D00,$008D00,HIGH-RAM-ALIAS-CANDIDATE,mirror-hypothesis,binding-slot-call,ROM,static-abs.w,unknown,,1,jmp,,
bsc:ROM:F8BC1C:FF89A6,$F8BC1C,ROM+0x0BC1C,mapped,ROM,$89A6,$FF89A6,$0089A6,HIGH-RAM-ALIAS-CANDIDATE,mirror-hypothesis,binding-slot-call,ROM,static-abs.w,unknown,,1,jsr,,
bsc:ROM:F8BC22:FF8B50,$F8BC22,ROM+0x0BC22,mapped,ROM,$8B50,$FF8B50,$008B50,HIGH-RAM-ALIAS-CANDIDATE,mirror-hypothesis,binding-slot-call,ROM,static-abs.w,unknown,,1,jsr,,
bsc:ROM:F8BC38:FF8818,$F8BC38,ROM+0x0BC38,mapped,ROM,$8818,$FF8818,$008818,HIGH-RAM-ALIAS-CANDIDATE,mirror-hypothesis,binding-slot-call,ROM,static-abs.w,unknown,,1,jmp,,
bsc:ROM:F8BC40:FF8822,$F8BC40,ROM+0x0BC40,mapped,ROM,$8822,$FF8822,$008822,HIGH-RAM-ALIAS-CANDIDATE,mirror-hypothesis,binding-slot-call,ROM,static-abs.w,unknown,,1,jsr,,
bsc:ROM:F8BC4E:FF87F2,$F8BC4E,ROM+0x0BC4E,mapped,ROM,$87F2,$FF87F2,$0087F2,HIGH-RAM-ALIAS-CANDIDATE,mirror-hypothesis,binding-slot-call,ROM,static-abs.w,unknown,,1,jsr,,
bsc:ROM:F8BC5A:FF89A6,$F8BC5A,ROM+0x0BC5A,mapped,ROM,$89A6,$FF89A6,$0089A6,HIGH-RAM-ALIAS-CANDIDATE,mirror-hypothesis,binding-slot-call,ROM,static-abs.w,unknown,,1,jsr,,
bsc:ROM:F8BC6E:FF8B50,$F8BC6E,ROM+0x0BC6E,mapped,ROM,$8B50,$FF8B50,$008B50,HIGH-RAM-ALIAS-CANDIDATE,mirror-hypothesis,binding-slot-call,ROM,static-abs.w,unknown,,1,jsr,,
bsc:ROM:F8BCB6:FF8856,$F8BCB6,ROM+0x0BCB6,mapped,ROM,$8856,$FF8856,$008856,HIGH-RAM-ALIAS-CANDIDATE,mirror-hypothesis,binding-slot-call,ROM,static-abs.w,unknown,,1,jsr,,
bsc:ROM:F8BCCA:FF87F2,$F8BCCA,ROM+0x0BCCA,mapped,ROM,$87F2,$FF87F2,$0087F2,HIGH-RAM-ALIAS-CANDIDATE,mirror-hypothesis,binding-slot-call,ROM,static-abs.w,unknown,,1,jsr,,
bsc:ROM:F8BCE4:FF8BBC,$F8BCE4,ROM+0x0BCE4,mapped,ROM,$8BBC,$FF8BBC,$008BBC,HIGH-RAM-ALIAS-CANDIDATE,mirror-hypothesis,binding-slot-call,ROM,static-abs.w,unknown,,1,jmp,,
bsc:ROM:F8BCF6:FF8BB6,$F8BCF6,ROM+0x0BCF6,mapped,ROM,$8BB6,$FF8BB6,$008BB6,HIGH-RAM-ALIAS-CANDIDATE,mirror-hypothesis,binding-slot-call,ROM,static-abs.w,unknown,,1,jmp,,
bsc:ROM:F8BD04:FF8848,$F8BD04,ROM+0x0BD04,mapped,ROM,$8848,$FF8848,$008848,HIGH-RAM-ALIAS-CANDIDATE,mirror-hypothesis,binding-slot-call,ROM,static-abs.w,unknown,,1,jsr,,
bsc:ROM:F8BD18:FF89A6,$F8BD18,ROM+0x0BD18,mapped,ROM,$89A6,$FF89A6,$0089A6,HIGH-RAM-ALIAS-CANDIDATE,mirror-hypothesis,binding-slot-call,ROM,static-abs.w,unknown,,1,jsr,,
bsc:ROM:F8BD1E:FF8CFA,$F8BD1E,ROM+0x0BD1E,mapped,ROM,$8CFA,$FF8CFA,$008CFA,HIGH-RAM-ALIAS-CANDIDATE,mirror-hypothesis,binding-slot-call,ROM,static-abs.w,unknown,,1,jsr,,
bsc:ROM:F8BD26:FF89AA,$F8BD26,ROM+0x0BD26,mapped,ROM,$89AA,$FF89AA,$0089AA,HIGH-RAM-ALIAS-CANDIDATE,mirror-hypothesis,binding-slot-call,ROM,static-abs.w,unknown,,1,jsr,,
bsc:ROM:F8BD52:FFA26E,$F8BD52,ROM+0x0BD52,mapped,ROM,$A26E,$FFA26E,,HIGH-RAM,direct,binding-slot-call,ROM,static-abs.w,unknown,,1,jsr,,
bsc:ROM:F8BD64:FF8CB8,$F8BD64,ROM+0x0BD64,mapped,ROM,$8CB8,$FF8CB8,$008CB8,HIGH-RAM-ALIAS-CANDIDATE,mirror-hypothesis,binding-slot-call,ROM,static-abs.w,unknown,,1,jsr,,
bsc:ROM:F8BD68:FF8C12,$F8BD68,ROM+0x0BD68,mapped,ROM,$8C12,$FF8C12,$008C12,HIGH-RAM-ALIAS-CANDIDATE,mirror-hypothesis,binding-slot-call,ROM,static-abs.w,unknown,,1,jsr,,
bsc:ROM:F8BD6E:FFA24E,$F8BD6E,ROM+0x0BD6E,mapped,ROM,$A24E,$FFA24E,,HIGH-RAM,direct,binding-slot-call,ROM,static-abs.w,unknown,,1,jsr,,
bsc:ROM:F8BD94:FF8CB8,$F8BD94,ROM+0x0BD94,mapped,ROM,$8CB8,$FF8CB8,$008CB8,HIGH-RAM-ALIAS-CANDIDATE,mirror-hypothesis,binding-slot-call,ROM,static-abs.w,unknown,,1,jsr,,
bsc:ROM:F8BD98:FF8C12,$F8BD98,ROM+0x0BD98,mapped,ROM,$8C12,$FF8C12,$008C12,HIGH-RAM-ALIAS-CANDIDATE,mirror-hypothesis,binding-slot-call,ROM,static-abs.w,unknown,,1,jsr,,
bsc:ROM:F8BDA4:FFA24E,$F8BDA4,ROM+0x0BDA4,mapped,ROM,$A24E,$FFA24E,,HIGH-RAM,direct,binding-slot-call,ROM,static-abs.w,unknown,,1,jsr,,
bsc:ROM:F8BDE0:FF8972,$F8BDE0,ROM+0x0BDE0,mapped,ROM,$8972,$FF8972,$008972,HIGH-RAM-ALIAS-CANDIDATE,mirror-hypothesis,binding-slot-call,ROM,static-abs.w,unknown,,1,jsr,,
bsc:ROM:F8BDEA:FF896C,$F8BDEA,ROM+0x0BDEA,mapped,ROM,$896C,$FF896C,$00896C,HIGH-RAM-ALIAS-CANDIDATE,mirror-hypothesis,binding-slot-call,ROM,static-abs.w,unknown,,1,jsr,,
bsc:ROM:F8BDF0:FFA24E,$F8BDF0,ROM+0x0BDF0,mapped,ROM,$A24E,$FFA24E,,HIGH-RAM,direct,binding-slot-call,ROM,static-abs.w,unknown,,1,jsr,,
bsc:ROM:F8BDF6:FF8C84,$F8BDF6,ROM+0x0BDF6,mapped,ROM,$8C84,$FF8C84,$008C84,HIGH-RAM-ALIAS-CANDIDATE,mirror-hypothesis,binding-slot-call,ROM,static-abs.w,unknown,,1,jsr,,
bsc:ROM:F8BDFE:FF8BC2,$F8BDFE,ROM+0x0BDFE,mapped,ROM,$8BC2,$FF8BC2,$008BC2,HIGH-RAM-ALIAS-CANDIDATE,mirror-hypothesis,binding-slot-call,ROM,static-abs.w,unknown,,1,jsr,,
bsc:ROM:F8BE06:FF8CB8,$F8BE06,ROM+0x0BE06,mapped,ROM,$8CB8,$FF8CB8,$008CB8,HIGH-RAM-ALIAS-CANDIDATE,mirror-hypothesis,binding-slot-call,ROM,static-abs.w,unknown,,1,jsr,,
bsc:ROM:F8BE0C:FFA24E,$F8BE0C,ROM+0x0BE0C,mapped,ROM,$A24E,$FFA24E,,HIGH-RAM,direct,binding-slot-call,ROM,static-abs.w,unknown,,1,jsr,,
bsc:ROM:F8BE22:FF8CB8,$F8BE22,ROM+0x0BE22,mapped,ROM,$8CB8,$FF8CB8,$008CB8,HIGH-RAM-ALIAS-CANDIDATE,mirror-hypothesis,binding-slot-call,ROM,static-abs.w,unknown,,1,jsr,,
bsc:ROM:F8BE6C:FF8978,$F8BE6C,ROM+0x0BE6C,mapped,ROM,$8978,$FF8978,$008978,HIGH-RAM-ALIAS-CANDIDATE,mirror-hypothesis,binding-slot-call,ROM,static-abs.w,unknown,,1,jsr,,
bsc:ROM:F8BE74:FF8972,$F8BE74,ROM+0x0BE74,mapped,ROM,$8972,$FF8972,$008972,HIGH-RAM-ALIAS-CANDIDATE,mirror-hypothesis,binding-slot-call,ROM,static-abs.w,unknown,,1,jsr,,
bsc:ROM:F8BEE2:FF8978,$F8BEE2,ROM+0x0BEE2,mapped,ROM,$8978,$FF8978,$008978,HIGH-RAM-ALIAS-CANDIDATE,mirror-hypothesis,binding-slot-call,ROM,static-abs.w,unknown,,1,jsr,,
bsc:ROM:F8BEF8:FF8972,$F8BEF8,ROM+0x0BEF8,mapped,ROM,$8972,$FF8972,$008972,HIGH-RAM-ALIAS-CANDIDATE,mirror-hypothesis,binding-slot-call,ROM,static-abs.w,unknown,,1,jsr,,
bsc:ROM:F8C17C:FF8D50,$F8C17C,ROM+0x0C17C,mapped,ROM,$8D50,$FF8D50,$008D50,HIGH-RAM-ALIAS-CANDIDATE,mirror-hypothesis,binding-slot-call,ROM,static-abs.w,unknown,,1,jsr,,
bsc:ROM:F8C198:FF8D50,$F8C198,ROM+0x0C198,mapped,ROM,$8D50,$FF8D50,$008D50,HIGH-RAM-ALIAS-CANDIDATE,mirror-hypothesis,binding-slot-call,ROM,static-abs.w,unknown,,1,jsr,,
bsc:ROM:F8C266:FF8DCC,$F8C266,ROM+0x0C266,mapped,ROM,$8DCC,$FF8DCC,$008DCC,HIGH-RAM-ALIAS-CANDIDATE,mirror-hypothesis,binding-slot-call,ROM,static-abs.w,unknown,,1,jsr,,
bsc:ROM:F8C276:FFA24E,$F8C276,ROM+0x0C276,mapped,ROM,$A24E,$FFA24E,,HIGH-RAM,direct,binding-slot-call,ROM,static-abs.w,unknown,,1,jsr,,
bsc:ROM:F8C2C8:FF8F06,$F8C2C8,ROM+0x0C2C8,mapped,ROM,$8F06,$FF8F06,$008F06,HIGH-RAM-ALIAS-CANDIDATE,mirror-hypothesis,binding-slot-call,ROM,static-abs.w,unknown,,1,jsr,,
bsc:ROM:F8C300:FF8E02,$F8C300,ROM+0x0C300,mapped,ROM,$8E02,$FF8E02,$008E02,HIGH-RAM-ALIAS-CANDIDATE,mirror-hypothesis,binding-slot-call,ROM,static-abs.w,unknown,,1,jsr,,
bsc:ROM:F8C358:FF8DCC,$F8C358,ROM+0x0C358,mapped,ROM,$8DCC,$FF8DCC,$008DCC,HIGH-RAM-ALIAS-CANDIDATE,mirror-hypothesis,binding-slot-call,ROM,static-abs.w,unknown,,1,jsr,,
bsc:ROM:F8C368:FFA24E,$F8C368,ROM+0x0C368,mapped,ROM,$A24E,$FFA24E,,HIGH-RAM,direct,binding-slot-call,ROM,static-abs.w,unknown,,1,jsr,,
bsc:ROM:F8C37A:FF8E56,$F8C37A,ROM+0x0C37A,mapped,ROM,$8E56,$FF8E56,$008E56,HIGH-RAM-ALIAS-CANDIDATE,mirror-hypothesis,binding-slot-call,ROM,static-abs.w,unknown,,1,jmp,,
bsc:ROM:F8C3C0:FF8E02,$F8C3C0,ROM+0x0C3C0,mapped,ROM,$8E02,$FF8E02,$008E02,HIGH-RAM-ALIAS-CANDIDATE,mirror-hypothesis,binding-slot-call,ROM,static-abs.w,unknown,,1,jsr,,
bsc:ROM:F8C412:FF8DD2,$F8C412,ROM+0x0C412,mapped,ROM,$8DD2,$FF8DD2,$008DD2,HIGH-RAM-ALIAS-CANDIDATE,mirror-hypothesis,binding-slot-call,ROM,static-abs.w,unknown,,1,jsr,,
bsc:ROM:F8C464:FF8DFE,$F8C464,ROM+0x0C464,mapped,ROM,$8DFE,$FF8DFE,$008DFE,HIGH-RAM-ALIAS-CANDIDATE,mirror-hypothesis,binding-slot-call,ROM,static-abs.w,unknown,,1,jsr,,
bsc:ROM:F8C488:FF8EFA,$F8C488,ROM+0x0C488,mapped,ROM,$8EFA,$FF8EFA,$008EFA,HIGH-RAM-ALIAS-CANDIDATE,mirror-hypothesis,binding-slot-call,ROM,static-abs.w,unknown,,1,jsr,,
bsc:ROM:F8C9A4:FF8E6E,$F8C9A4,ROM+0x0C9A4,mapped,ROM,$8E6E,$FF8E6E,$008E6E,HIGH-RAM-ALIAS-CANDIDATE,mirror-hypothesis,binding-slot-call,ROM,static-abs.w,unknown,,1,jsr,,
bsc:ROM:F8C9C6:FF8E6E,$F8C9C6,ROM+0x0C9C6,mapped,ROM,$8E6E,$FF8E6E,$008E6E,HIGH-RAM-ALIAS-CANDIDATE,mirror-hypothesis,binding-slot-call,ROM,static-abs.w,unknown,,1,jsr,,
bsc:ROM:F8C9F6:FF8E6E,$F8C9F6,ROM+0x0C9F6,mapped,ROM,$8E6E,$FF8E6E,$008E6E,HIGH-RAM-ALIAS-CANDIDATE,mirror-hypothesis,binding-slot-call,ROM,static-abs.w,unknown,,1,jsr,,
bsc:ROM:F8CA14:FF8E44,$F8CA14,ROM+0x0CA14,mapped,ROM,$8E44,$FF8E44,$008E44,HIGH-RAM-ALIAS-CANDIDATE,mirror-hypothesis,binding-slot-call,ROM,static-abs.w,unknown,,1,jsr,,
bsc:ROM:F8CA30:FF8E44,$F8CA30,ROM+0x0CA30,mapped,ROM,$8E44,$FF8E44,$008E44,HIGH-RAM-ALIAS-CANDIDATE,mirror-hypothesis,binding-slot-call,ROM,static-abs.w,unknown,,1,jsr,,
bsc:ROM:F8CB20:FF8E6E,$F8CB20,ROM+0x0CB20,mapped,ROM,$8E6E,$FF8E6E,$008E6E,HIGH-RAM-ALIAS-CANDIDATE,mirror-hypothesis,binding-slot-call,ROM,static-abs.w,unknown,,1,jsr,,
bsc:ROM:F8CB3C:FF8E50,$F8CB3C,ROM+0x0CB3C,mapped,ROM,$8E50,$FF8E50,$008E50,HIGH-RAM-ALIAS-CANDIDATE,mirror-hypothesis,binding-slot-call,ROM,static-abs.w,unknown,,1,jsr,,
bsc:ROM:F8CDCE:FF8E6E,$F8CDCE,ROM+0x0CDCE,mapped,ROM,$8E6E,$FF8E6E,$008E6E,HIGH-RAM-ALIAS-CANDIDATE,mirror-hypothesis,binding-slot-call,ROM,static-abs.w,unknown,,1,jsr,,
bsc:ROM:F8CDDC:FF8E50,$F8CDDC,ROM+0x0CDDC,mapped,ROM,$8E50,$FF8E50,$008E50,HIGH-RAM-ALIAS-CANDIDATE,mirror-hypothesis,binding-slot-call,ROM,static-abs.w,unknown,,1,jsr,,
bsc:ROM:F8CDEA:FF8EB2,$F8CDEA,ROM+0x0CDEA,mapped,ROM,$8EB2,$FF8EB2,$008EB2,HIGH-RAM-ALIAS-CANDIDATE,mirror-hypothesis,binding-slot-call,ROM,static-abs.w,unknown,,1,jsr,,
bsc:ROM:F8CDEE:FF8F0C,$F8CDEE,ROM+0x0CDEE,mapped,ROM,$8F0C,$FF8F0C,$008F0C,HIGH-RAM-ALIAS-CANDIDATE,mirror-hypothesis,binding-slot-call,ROM,static-abs.w,unknown,,1,jsr,,
bsc:ROM:F8D1B8:FF8E08,$F8D1B8,ROM+0x0D1B8,mapped,ROM,$8E08,$FF8E08,$008E08,HIGH-RAM-ALIAS-CANDIDATE,mirror-hypothesis,binding-slot-call,ROM,static-abs.w,unknown,,1,jsr,,
bsc:ROM:F8D1D2:FF8E08,$F8D1D2,ROM+0x0D1D2,mapped,ROM,$8E08,$FF8E08,$008E08,HIGH-RAM-ALIAS-CANDIDATE,mirror-hypothesis,binding-slot-call,ROM,static-abs.w,unknown,,1,jsr,,
bsc:ROM:F8D1EC:FF8E08,$F8D1EC,ROM+0x0D1EC,mapped,ROM,$8E08,$FF8E08,$008E08,HIGH-RAM-ALIAS-CANDIDATE,mirror-hypothesis,binding-slot-call,ROM,static-abs.w,unknown,,1,jsr,,
bsc:ROM:F8D1F4:FF8E44,$F8D1F4,ROM+0x0D1F4,mapped,ROM,$8E44,$FF8E44,$008E44,HIGH-RAM-ALIAS-CANDIDATE,mirror-hypothesis,binding-slot-call,ROM,static-abs.w,unknown,,1,jmp,,
bsc:ROM:F8DC7E:FF8CC8,$F8DC7E,ROM+0x0DC7E,mapped,ROM,$8CC8,$FF8CC8,$008CC8,HIGH-RAM-ALIAS-CANDIDATE,mirror-hypothesis,binding-slot-call,ROM,static-abs.w,unknown,,1,jsr,,
bsc:ROM:F8DC8C:FF8EAC,$F8DC8C,ROM+0x0DC8C,mapped,ROM,$8EAC,$FF8EAC,$008EAC,HIGH-RAM-ALIAS-CANDIDATE,mirror-hypothesis,binding-slot-call,ROM,static-abs.w,unknown,,1,jmp,,
bsc:ROM:F8DC94:FF8946,$F8DC94,ROM+0x0DC94,mapped,ROM,$8946,$FF8946,$008946,HIGH-RAM-ALIAS-CANDIDATE,mirror-hypothesis,binding-slot-call,ROM,static-abs.w,unknown,,1,jsr,,
bsc:ROM:F8DDDA:FF8E3E,$F8DDDA,ROM+0x0DDDA,mapped,ROM,$8E3E,$FF8E3E,$008E3E,HIGH-RAM-ALIAS-CANDIDATE,mirror-hypothesis,binding-slot-call,ROM,static-abs.w,unknown,,1,jsr,,
bsc:ROM:F8DDEA:FF8E38,$F8DDEA,ROM+0x0DDEA,mapped,ROM,$8E38,$FF8E38,$008E38,HIGH-RAM-ALIAS-CANDIDATE,mirror-hypothesis,binding-slot-call,ROM,static-abs.w,unknown,,1,jsr,,
bsc:ROM:F8DE1E:FF8E6E,$F8DE1E,ROM+0x0DE1E,mapped,ROM,$8E6E,$FF8E6E,$008E6E,HIGH-RAM-ALIAS-CANDIDATE,mirror-hypothesis,binding-slot-call,ROM,static-abs.w,unknown,,1,jsr,,
bsc:ROM:F8DF6A:FF8E3E,$F8DF6A,ROM+0x0DF6A,mapped,ROM,$8E3E,$FF8E3E,$008E3E,HIGH-RAM-ALIAS-CANDIDATE,mirror-hypothesis,binding-slot-call,ROM,static-abs.w,unknown,,1,jsr,,
bsc:ROM:F8DF7C:FF8E38,$F8DF7C,ROM+0x0DF7C,mapped,ROM,$8E38,$FF8E38,$008E38,HIGH-RAM-ALIAS-CANDIDATE,mirror-hypothesis,binding-slot-call,ROM,static-abs.w,unknown,,1,jsr,,
bsc:ROM:F8DF80:FF8E6E,$F8DF80,ROM+0x0DF80,mapped,ROM,$8E6E,$FF8E6E,$008E6E,HIGH-RAM-ALIAS-CANDIDATE,mirror-hypothesis,binding-slot-call,ROM,static-abs.w,unknown,,1,jsr,,
bsc:ROM:F8E236:FF8D4A,$F8E236,ROM+0x0E236,mapped,ROM,$8D4A,$FF8D4A,$008D4A,HIGH-RAM-ALIAS-CANDIDATE,mirror-hypothesis,binding-slot-call,ROM,static-abs.w,unknown,,1,jsr,,
bsc:ROM:F8E23A:FF8E86,$F8E23A,ROM+0x0E23A,mapped,ROM,$8E86,$FF8E86,$008E86,HIGH-RAM-ALIAS-CANDIDATE,mirror-hypothesis,binding-slot-call,ROM,static-abs.w,unknown,,1,jsr,,
bsc:ROM:F8E3E2:FF8EDC,$F8E3E2,ROM+0x0E3E2,mapped,ROM,$8EDC,$FF8EDC,$008EDC,HIGH-RAM-ALIAS-CANDIDATE,mirror-hypothesis,binding-slot-call,ROM,static-abs.w,unknown,,1,jsr,,
bsc:ROM:F8E47C:FF8EF4,$F8E47C,ROM+0x0E47C,mapped,ROM,$8EF4,$FF8EF4,$008EF4,HIGH-RAM-ALIAS-CANDIDATE,mirror-hypothesis,binding-slot-call,ROM,static-abs.w,unknown,,1,jsr,,
bsc:ROM:F8E634:FF8DD2,$F8E634,ROM+0x0E634,mapped,ROM,$8DD2,$FF8DD2,$008DD2,HIGH-RAM-ALIAS-CANDIDATE,mirror-hypothesis,binding-slot-call,ROM,static-abs.w,unknown,,1,jsr,,
bsc:ROM:F8E6C2:FF8F96,$F8E6C2,ROM+0x0E6C2,mapped,ROM,$8F96,$FF8F96,$008F96,HIGH-RAM-ALIAS-CANDIDATE,mirror-hypothesis,binding-slot-call,ROM,static-abs.w,unknown,,1,jsr,,
bsc:ROM:F8E6C8:FF8FA2,$F8E6C8,ROM+0x0E6C8,mapped,ROM,$8FA2,$FF8FA2,$008FA2,HIGH-RAM-ALIAS-CANDIDATE,mirror-hypothesis,binding-slot-call,ROM,static-abs.w,unknown,,1,jsr,,
bsc:ROM:F8E6E2:FF8FA8,$F8E6E2,ROM+0x0E6E2,mapped,ROM,$8FA8,$FF8FA8,$008FA8,HIGH-RAM-ALIAS-CANDIDATE,mirror-hypothesis,binding-slot-call,ROM,static-abs.w,unknown,,1,jsr,,
bsc:ROM:F8E6F8:FF8F72,$F8E6F8,ROM+0x0E6F8,mapped,ROM,$8F72,$FF8F72,$008F72,HIGH-RAM-ALIAS-CANDIDATE,mirror-hypothesis,binding-slot-call,ROM,static-abs.w,unknown,,1,jsr,,
bsc:ROM:F8E718:FF8C0C,$F8E718,ROM+0x0E718,mapped,ROM,$8C0C,$FF8C0C,$008C0C,HIGH-RAM-ALIAS-CANDIDATE,mirror-hypothesis,binding-slot-call,ROM,static-abs.w,unknown,,1,jsr,,
bsc:ROM:F8E732:FF8F9C,$F8E732,ROM+0x0E732,mapped,ROM,$8F9C,$FF8F9C,$008F9C,HIGH-RAM-ALIAS-CANDIDATE,mirror-hypothesis,binding-slot-call,ROM,static-abs.w,unknown,,1,jsr,,
bsc:ROM:F8E744:FF904A,$F8E744,ROM+0x0E744,mapped,ROM,$904A,$FF904A,$00904A,HIGH-RAM-ALIAS-CANDIDATE,mirror-hypothesis,binding-slot-call,ROM,static-abs.w,unknown,,1,jsr,,
bsc:ROM:F8E75E:FF903E,$F8E75E,ROM+0x0E75E,mapped,ROM,$903E,$FF903E,$00903E,HIGH-RAM-ALIAS-CANDIDATE,mirror-hypothesis,binding-slot-call,ROM,static-abs.w,unknown,,1,jsr,,
bsc:ROM:F8E772:FF9044,$F8E772,ROM+0x0E772,mapped,ROM,$9044,$FF9044,$009044,HIGH-RAM-ALIAS-CANDIDATE,mirror-hypothesis,binding-slot-call,ROM,static-abs.w,unknown,,1,jsr,,
bsc:ROM:F8E784:FF903E,$F8E784,ROM+0x0E784,mapped,ROM,$903E,$FF903E,$00903E,HIGH-RAM-ALIAS-CANDIDATE,mirror-hypothesis,binding-slot-call,ROM,static-abs.w,unknown,,1,jsr,,
bsc:ROM:F8E7AC:FF8F72,$F8E7AC,ROM+0x0E7AC,mapped,ROM,$8F72,$FF8F72,$008F72,HIGH-RAM-ALIAS-CANDIDATE,mirror-hypothesis,binding-slot-call,ROM,static-abs.w,unknown,,1,jsr,,
bsc:ROM:F8E7B6:FF8F72,$F8E7B6,ROM+0x0E7B6,mapped,ROM,$8F72,$FF8F72,$008F72,HIGH-RAM-ALIAS-CANDIDATE,mirror-hypothesis,binding-slot-call,ROM,static-abs.w,unknown,,1,jsr,,
bsc:ROM:F8E7E0:FF8F72,$F8E7E0,ROM+0x0E7E0,mapped,ROM,$8F72,$FF8F72,$008F72,HIGH-RAM-ALIAS-CANDIDATE,mirror-hypothesis,binding-slot-call,ROM,static-abs.w,unknown,,1,jsr,,
bsc:ROM:F8E7E8:FF8F72,$F8E7E8,ROM+0x0E7E8,mapped,ROM,$8F72,$FF8F72,$008F72,HIGH-RAM-ALIAS-CANDIDATE,mirror-hypothesis,binding-slot-call,ROM,static-abs.w,unknown,,1,jsr,,
bsc:ROM:F8E7F2:FF8F72,$F8E7F2,ROM+0x0E7F2,mapped,ROM,$8F72,$FF8F72,$008F72,HIGH-RAM-ALIAS-CANDIDATE,mirror-hypothesis,binding-slot-call,ROM,static-abs.w,unknown,,1,jsr,,
bsc:ROM:F8E7FC:FF8F72,$F8E7FC,ROM+0x0E7FC,mapped,ROM,$8F72,$FF8F72,$008F72,HIGH-RAM-ALIAS-CANDIDATE,mirror-hypothesis,binding-slot-call,ROM,static-abs.w,unknown,,1,jsr,,
bsc:ROM:F8E822:FF8F9C,$F8E822,ROM+0x0E822,mapped,ROM,$8F9C,$FF8F9C,$008F9C,HIGH-RAM-ALIAS-CANDIDATE,mirror-hypothesis,binding-slot-call,ROM,static-abs.w,unknown,,1,jsr,,
bsc:ROM:F8E82A:FF8F72,$F8E82A,ROM+0x0E82A,mapped,ROM,$8F72,$FF8F72,$008F72,HIGH-RAM-ALIAS-CANDIDATE,mirror-hypothesis,binding-slot-call,ROM,static-abs.w,unknown,,1,jsr,,
bsc:ROM:F8E832:FF8F72,$F8E832,ROM+0x0E832,mapped,ROM,$8F72,$FF8F72,$008F72,HIGH-RAM-ALIAS-CANDIDATE,mirror-hypothesis,binding-slot-call,ROM,static-abs.w,unknown,,1,jsr,,
bsc:ROM:F8E840:FF8F72,$F8E840,ROM+0x0E840,mapped,ROM,$8F72,$FF8F72,$008F72,HIGH-RAM-ALIAS-CANDIDATE,mirror-hypothesis,binding-slot-call,ROM,static-abs.w,unknown,,1,jsr,,
bsc:ROM:F8E856:FF9050,$F8E856,ROM+0x0E856,mapped,ROM,$9050,$FF9050,$009050,HIGH-RAM-ALIAS-CANDIDATE,mirror-hypothesis,binding-slot-call,ROM,static-abs.w,unknown,,1,jsr,,
bsc:ROM:F8E8D4:FF902C,$F8E8D4,ROM+0x0E8D4,mapped,ROM,$902C,$FF902C,$00902C,HIGH-RAM-ALIAS-CANDIDATE,mirror-hypothesis,binding-slot-call,ROM,static-abs.w,unknown,,1,jsr,,
bsc:ROM:F8E9B0:FF8C0C,$F8E9B0,ROM+0x0E9B0,mapped,ROM,$8C0C,$FF8C0C,$008C0C,HIGH-RAM-ALIAS-CANDIDATE,mirror-hypothesis,binding-slot-call,ROM,static-abs.w,unknown,,1,jsr,,
bsc:ROM:F8E9D0:FF8C0C,$F8E9D0,ROM+0x0E9D0,mapped,ROM,$8C0C,$FF8C0C,$008C0C,HIGH-RAM-ALIAS-CANDIDATE,mirror-hypothesis,binding-slot-call,ROM,static-abs.w,unknown,,1,jsr,,
bsc:ROM:F8E9E2:FF8BE2,$F8E9E2,ROM+0x0E9E2,mapped,ROM,$8BE2,$FF8BE2,$008BE2,HIGH-RAM-ALIAS-CANDIDATE,mirror-hypothesis,binding-slot-call,ROM,static-abs.w,unknown,,1,jsr,,
bsc:ROM:F8E9F8:FF8CB8,$F8E9F8,ROM+0x0E9F8,mapped,ROM,$8CB8,$FF8CB8,$008CB8,HIGH-RAM-ALIAS-CANDIDATE,mirror-hypothesis,binding-slot-call,ROM,static-abs.w,unknown,,1,jsr,,
bsc:ROM:F8EA04:FF8C06,$F8EA04,ROM+0x0EA04,mapped,ROM,$8C06,$FF8C06,$008C06,HIGH-RAM-ALIAS-CANDIDATE,mirror-hypothesis,binding-slot-call,ROM,static-abs.w,unknown,,1,jsr,,
bsc:ROM:F8EA10:FF8C0C,$F8EA10,ROM+0x0EA10,mapped,ROM,$8C0C,$FF8C0C,$008C0C,HIGH-RAM-ALIAS-CANDIDATE,mirror-hypothesis,binding-slot-call,ROM,static-abs.w,unknown,,1,jsr,,
bsc:ROM:F8EA22:FF8C0C,$F8EA22,ROM+0x0EA22,mapped,ROM,$8C0C,$FF8C0C,$008C0C,HIGH-RAM-ALIAS-CANDIDATE,mirror-hypothesis,binding-slot-call,ROM,static-abs.w,unknown,,1,jsr,,
bsc:ROM:F8EA30:FF90C2,$F8EA30,ROM+0x0EA30,mapped,ROM,$90C2,$FF90C2,$0090C2,HIGH-RAM-ALIAS-CANDIDATE,mirror-hypothesis,binding-slot-call,ROM,static-abs.w,unknown,,1,jsr,,
bsc:ROM:F8EA3C:FF8C06,$F8EA3C,ROM+0x0EA3C,mapped,ROM,$8C06,$FF8C06,$008C06,HIGH-RAM-ALIAS-CANDIDATE,mirror-hypothesis,binding-slot-call,ROM,static-abs.w,unknown,,1,jsr,,
bsc:ROM:F8EA48:FF8C0C,$F8EA48,ROM+0x0EA48,mapped,ROM,$8C0C,$FF8C0C,$008C0C,HIGH-RAM-ALIAS-CANDIDATE,mirror-hypothesis,binding-slot-call,ROM,static-abs.w,unknown,,1,jsr,,
bsc:ROM:F8EA58:FF90AA,$F8EA58,ROM+0x0EA58,mapped,ROM,$90AA,$FF90AA,$0090AA,HIGH-RAM-ALIAS-CANDIDATE,mirror-hypothesis,binding-slot-call,ROM,static-abs.w,unknown,,1,jsr,,
bsc:ROM:F8EA70:FF90EA,$F8EA70,ROM+0x0EA70,mapped,ROM,$90EA,$FF90EA,$0090EA,HIGH-RAM-ALIAS-CANDIDATE,mirror-hypothesis,binding-slot-call,ROM,static-abs.w,unknown,,1,jsr,,
bsc:ROM:F8EA76:FF8BE2,$F8EA76,ROM+0x0EA76,mapped,ROM,$8BE2,$FF8BE2,$008BE2,HIGH-RAM-ALIAS-CANDIDATE,mirror-hypothesis,binding-slot-call,ROM,static-abs.w,unknown,,1,jsr,,
bsc:ROM:F8EA80:FF8BE2,$F8EA80,ROM+0x0EA80,mapped,ROM,$8BE2,$FF8BE2,$008BE2,HIGH-RAM-ALIAS-CANDIDATE,mirror-hypothesis,binding-slot-call,ROM,static-abs.w,unknown,,1,jsr,,
bsc:ROM:F8EA96:FF8C9C,$F8EA96,ROM+0x0EA96,mapped,ROM,$8C9C,$FF8C9C,$008C9C,HIGH-RAM-ALIAS-CANDIDATE,mirror-hypothesis,binding-slot-call,ROM,static-abs.w,unknown,,1,jsr,,
bsc:ROM:F8EAC2:FF8C6C,$F8EAC2,ROM+0x0EAC2,mapped,ROM,$8C6C,$FF8C6C,$008C6C,HIGH-RAM-ALIAS-CANDIDATE,mirror-hypothesis,binding-slot-call,ROM,static-abs.w,unknown,,1,jsr,,
bsc:ROM:F8EAD4:FF90AA,$F8EAD4,ROM+0x0EAD4,mapped,ROM,$90AA,$FF90AA,$0090AA,HIGH-RAM-ALIAS-CANDIDATE,mirror-hypothesis,binding-slot-call,ROM,static-abs.w,unknown,,1,jmp,,
bsc:ROM:F8EAEA:FF905C,$F8EAEA,ROM+0x0EAEA,mapped,ROM,$905C,$FF905C,$00905C,HIGH-RAM-ALIAS-CANDIDATE,mirror-hypothesis,binding-slot-call,ROM,static-abs.w,unknown,,1,jsr,,
bsc:ROM:F8EBD4:FF8BEE,$F8EBD4,ROM+0x0EBD4,mapped,ROM,$8BEE,$FF8BEE,$008BEE,HIGH-RAM-ALIAS-CANDIDATE,mirror-hypothesis,binding-slot-call,ROM,static-abs.w,unknown,,1,jsr,,
bsc:ROM:F8EBE4:FF90AA,$F8EBE4,ROM+0x0EBE4,mapped,ROM,$90AA,$FF90AA,$0090AA,HIGH-RAM-ALIAS-CANDIDATE,mirror-hypothesis,binding-slot-call,ROM,static-abs.w,unknown,,1,jsr,,
bsc:ROM:F8EC2C:FF8C98,$F8EC2C,ROM+0x0EC2C,mapped,ROM,$8C98,$FF8C98,$008C98,HIGH-RAM-ALIAS-CANDIDATE,mirror-hypothesis,binding-slot-call,ROM,static-abs.w,unknown,,1,jsr,,
bsc:ROM:F8EC30:FF90AA,$F8EC30,ROM+0x0EC30,mapped,ROM,$90AA,$FF90AA,$0090AA,HIGH-RAM-ALIAS-CANDIDATE,mirror-hypothesis,binding-slot-call,ROM,static-abs.w,unknown,,1,jmp,,
bsc:ROM:F8EC3C:FF8C1E,$F8EC3C,ROM+0x0EC3C,mapped,ROM,$8C1E,$FF8C1E,$008C1E,HIGH-RAM-ALIAS-CANDIDATE,mirror-hypothesis,binding-slot-call,ROM,static-abs.w,unknown,,1,jmp,,
bsc:ROM:F8EC4A:FF8BF4,$F8EC4A,ROM+0x0EC4A,mapped,ROM,$8BF4,$FF8BF4,$008BF4,HIGH-RAM-ALIAS-CANDIDATE,mirror-hypothesis,binding-slot-call,ROM,static-abs.w,unknown,,1,jsr,,
bsc:ROM:F8EC4E:FF90AA,$F8EC4E,ROM+0x0EC4E,mapped,ROM,$90AA,$FF90AA,$0090AA,HIGH-RAM-ALIAS-CANDIDATE,mirror-hypothesis,binding-slot-call,ROM,static-abs.w,unknown,,1,jmp,,
bsc:ROM:F8EC96:FF9050,$F8EC96,ROM+0x0EC96,mapped,ROM,$9050,$FF9050,$009050,HIGH-RAM-ALIAS-CANDIDATE,mirror-hypothesis,binding-slot-call,ROM,static-abs.w,unknown,,1,jsr,,
bsc:ROM:F8ECB4:FF8FBA,$F8ECB4,ROM+0x0ECB4,mapped,ROM,$8FBA,$FF8FBA,$008FBA,HIGH-RAM-ALIAS-CANDIDATE,mirror-hypothesis,binding-slot-call,ROM,static-abs.w,unknown,,1,jsr,,
bsc:ROM:F8ECC0:FF8BE2,$F8ECC0,ROM+0x0ECC0,mapped,ROM,$8BE2,$FF8BE2,$008BE2,HIGH-RAM-ALIAS-CANDIDATE,mirror-hypothesis,binding-slot-call,ROM,static-abs.w,unknown,,1,jsr,,
bsc:ROM:F8EE90:FF9050,$F8EE90,ROM+0x0EE90,mapped,ROM,$9050,$FF9050,$009050,HIGH-RAM-ALIAS-CANDIDATE,mirror-hypothesis,binding-slot-call,ROM,static-abs.w,unknown,,1,jsr,,
bsc:ROM:F8EEE4:FF9068,$F8EEE4,ROM+0x0EEE4,mapped,ROM,$9068,$FF9068,$009068,HIGH-RAM-ALIAS-CANDIDATE,mirror-hypothesis,binding-slot-call,ROM,static-abs.w,unknown,,1,jsr,,
bsc:ROM:F8EF48:FF8F72,$F8EF48,ROM+0x0EF48,mapped,ROM,$8F72,$FF8F72,$008F72,HIGH-RAM-ALIAS-CANDIDATE,mirror-hypothesis,binding-slot-call,ROM,static-abs.w,unknown,,1,jsr,,
bsc:ROM:F8EF50:FF8F72,$F8EF50,ROM+0x0EF50,mapped,ROM,$8F72,$FF8F72,$008F72,HIGH-RAM-ALIAS-CANDIDATE,mirror-hypothesis,binding-slot-call,ROM,static-abs.w,unknown,,1,jsr,,
bsc:ROM:F8EF88:FF8F78,$F8EF88,ROM+0x0EF88,mapped,ROM,$8F78,$FF8F78,$008F78,HIGH-RAM-ALIAS-CANDIDATE,mirror-hypothesis,binding-slot-call,ROM,static-abs.w,unknown,,1,jsr,,
bsc:ROM:F8F08C:FF9050,$F8F08C,ROM+0x0F08C,mapped,ROM,$9050,$FF9050,$009050,HIGH-RAM-ALIAS-CANDIDATE,mirror-hypothesis,binding-slot-call,ROM,static-abs.w,unknown,,1,jsr,,
bsc:ROM:F8F142:FF8C90,$F8F142,ROM+0x0F142,mapped,ROM,$8C90,$FF8C90,$008C90,HIGH-RAM-ALIAS-CANDIDATE,mirror-hypothesis,binding-slot-call,ROM,static-abs.w,unknown,,1,jsr,,
bsc:ROM:F8F158:FF8C90,$F8F158,ROM+0x0F158,mapped,ROM,$8C90,$FF8C90,$008C90,HIGH-RAM-ALIAS-CANDIDATE,mirror-hypothesis,binding-slot-call,ROM,static-abs.w,unknown,,1,jsr,,
bsc:ROM:F8F16E:FF8C90,$F8F16E,ROM+0x0F16E,mapped,ROM,$8C90,$FF8C90,$008C90,HIGH-RAM-ALIAS-CANDIDATE,mirror-hypothesis,binding-slot-call,ROM,static-abs.w,unknown,,1,jsr,,
bsc:ROM:F8F176:FF8C0C,$F8F176,ROM+0x0F176,mapped,ROM,$8C0C,$FF8C0C,$008C0C,HIGH-RAM-ALIAS-CANDIDATE,mirror-hypothesis,binding-slot-call,ROM,static-abs.w,unknown,,1,jsr,,
bsc:ROM:F8F18E:FF8C90,$F8F18E,ROM+0x0F18E,mapped,ROM,$8C90,$FF8C90,$008C90,HIGH-RAM-ALIAS-CANDIDATE,mirror-hypothesis,binding-slot-call,ROM,static-abs.w,unknown,,1,jsr,,
bsc:ROM:F8F1B6:FF8C90,$F8F1B6,ROM+0x0F1B6,mapped,ROM,$8C90,$FF8C90,$008C90,HIGH-RAM-ALIAS-CANDIDATE,mirror-hypothesis,binding-slot-call,ROM,static-abs.w,unknown,,1,jsr,,
bsc:ROM:F8F1BE:FF8C18,$F8F1BE,ROM+0x0F1BE,mapped,ROM,$8C18,$FF8C18,$008C18,HIGH-RAM-ALIAS-CANDIDATE,mirror-hypothesis,binding-slot-call,ROM,static-abs.w,unknown,,1,jsr,,
bsc:ROM:F8F1FE:FF9056,$F8F1FE,ROM+0x0F1FE,mapped,ROM,$9056,$FF9056,$009056,HIGH-RAM-ALIAS-CANDIDATE,mirror-hypothesis,binding-slot-call,ROM,static-abs.w,unknown,,1,jsr,,
bsc:ROM:F8F22E:FF8F54,$F8F22E,ROM+0x0F22E,mapped,ROM,$8F54,$FF8F54,$008F54,HIGH-RAM-ALIAS-CANDIDATE,mirror-hypothesis,binding-slot-call,ROM,static-abs.w,unknown,,1,jsr,,
bsc:ROM:F8F236:FF90C6,$F8F236,ROM+0x0F236,mapped,ROM,$90C6,$FF90C6,$0090C6,HIGH-RAM-ALIAS-CANDIDATE,mirror-hypothesis,binding-slot-call,ROM,static-abs.w,unknown,,1,jsr,,
bsc:ROM:F8F246:FF90D6,$F8F246,ROM+0x0F246,mapped,ROM,$90D6,$FF90D6,$0090D6,HIGH-RAM-ALIAS-CANDIDATE,mirror-hypothesis,binding-slot-call,ROM,static-abs.w,unknown,,1,jsr,,
bsc:ROM:F8F254:FF8F2A,$F8F254,ROM+0x0F254,mapped,ROM,$8F2A,$FF8F2A,$008F2A,HIGH-RAM-ALIAS-CANDIDATE,mirror-hypothesis,binding-slot-call,ROM,static-abs.w,unknown,,1,jmp,,
bsc:ROM:F8F26C:FF9056,$F8F26C,ROM+0x0F26C,mapped,ROM,$9056,$FF9056,$009056,HIGH-RAM-ALIAS-CANDIDATE,mirror-hypothesis,binding-slot-call,ROM,static-abs.w,unknown,,1,jsr,,
bsc:ROM:F8F294:FF9050,$F8F294,ROM+0x0F294,mapped,ROM,$9050,$FF9050,$009050,HIGH-RAM-ALIAS-CANDIDATE,mirror-hypothesis,binding-slot-call,ROM,static-abs.w,unknown,,1,jsr,,
bsc:ROM:F8F2AE:FF9050,$F8F2AE,ROM+0x0F2AE,mapped,ROM,$9050,$FF9050,$009050,HIGH-RAM-ALIAS-CANDIDATE,mirror-hypothesis,binding-slot-call,ROM,static-abs.w,unknown,,1,jsr,,
bsc:ROM:F8F2C0:FF9062,$F8F2C0,ROM+0x0F2C0,mapped,ROM,$9062,$FF9062,$009062,HIGH-RAM-ALIAS-CANDIDATE,mirror-hypothesis,binding-slot-call,ROM,static-abs.w,unknown,,1,jsr,,
bsc:ROM:F8F2D2:FF9106,$F8F2D2,ROM+0x0F2D2,mapped,ROM,$9106,$FF9106,$009106,HIGH-RAM-ALIAS-CANDIDATE,mirror-hypothesis,binding-slot-call,ROM,static-abs.w,unknown,,1,jsr,,
bsc:ROM:F8F392:FF97C4,$F8F392,ROM+0x0F392,mapped,ROM,$97C4,$FF97C4,$0097C4,HIGH-RAM-ALIAS-CANDIDATE,mirror-hypothesis,binding-slot-call,ROM,static-abs.w,unknown,,1,jsr,,
bsc:ROM:F8F3CE:FF896C,$F8F3CE,ROM+0x0F3CE,mapped,ROM,$896C,$FF896C,$00896C,HIGH-RAM-ALIAS-CANDIDATE,mirror-hypothesis,binding-slot-call,ROM,static-abs.w,unknown,,1,jsr,,
bsc:ROM:F8F3D2:FF9112,$F8F3D2,ROM+0x0F3D2,mapped,ROM,$9112,$FF9112,$009112,HIGH-RAM-ALIAS-CANDIDATE,mirror-hypothesis,binding-slot-call,ROM,static-abs.w,unknown,,1,jmp,,
bsc:ROM:F8F430:FF987E,$F8F430,ROM+0x0F430,mapped,ROM,$987E,$FF987E,$00987E,HIGH-RAM-ALIAS-CANDIDATE,mirror-hypothesis,binding-slot-call,ROM,static-abs.w,unknown,,1,jsr,,
bsc:ROM:F8F43A:FF9872,$F8F43A,ROM+0x0F43A,mapped,ROM,$9872,$FF9872,$009872,HIGH-RAM-ALIAS-CANDIDATE,mirror-hypothesis,binding-slot-call,ROM,static-abs.w,unknown,,1,jsr,,
bsc:ROM:F8F43E:FF910C,$F8F43E,ROM+0x0F43E,mapped,ROM,$910C,$FF910C,$00910C,HIGH-RAM-ALIAS-CANDIDATE,mirror-hypothesis,binding-slot-call,ROM,static-abs.w,unknown,,1,jsr,,
bsc:ROM:F8F44C:FF9878,$F8F44C,ROM+0x0F44C,mapped,ROM,$9878,$FF9878,$009878,HIGH-RAM-ALIAS-CANDIDATE,mirror-hypothesis,binding-slot-call,ROM,static-abs.w,unknown,,1,jsr,,
bsc:ROM:F8F454:FF9896,$F8F454,ROM+0x0F454,mapped,ROM,$9896,$FF9896,$009896,HIGH-RAM-ALIAS-CANDIDATE,mirror-hypothesis,binding-slot-call,ROM,static-abs.w,unknown,,1,jsr,,
bsc:ROM:F8F45C:FF97E8,$F8F45C,ROM+0x0F45C,mapped,ROM,$97E8,$FF97E8,$0097E8,HIGH-RAM-ALIAS-CANDIDATE,mirror-hypothesis,binding-slot-call,ROM,static-abs.w,unknown,,1,jmp,,
bsc:ROM:F8F46E:FF988A,$F8F46E,ROM+0x0F46E,mapped,ROM,$988A,$FF988A,$00988A,HIGH-RAM-ALIAS-CANDIDATE,mirror-hypothesis,binding-slot-call,ROM,static-abs.w,unknown,,1,jsr,,
bsc:ROM:F8F472:FF9890,$F8F472,ROM+0x0F472,mapped,ROM,$9890,$FF9890,$009890,HIGH-RAM-ALIAS-CANDIDATE,mirror-hypothesis,binding-slot-call,ROM,static-abs.w,unknown,,1,jmp,,
bsc:ROM:F8F4D8:FF936E,$F8F4D8,ROM+0x0F4D8,mapped,ROM,$936E,$FF936E,$00936E,HIGH-RAM-ALIAS-CANDIDATE,mirror-hypothesis,binding-slot-call,ROM,static-abs.w,unknown,,1,jsr,,
bsc:ROM:F8F4DC:FF9812,$F8F4DC,ROM+0x0F4DC,mapped,ROM,$9812,$FF9812,$009812,HIGH-RAM-ALIAS-CANDIDATE,mirror-hypothesis,binding-slot-call,ROM,static-abs.w,unknown,,1,jsr,,
bsc:ROM:F8F4E4:FF939E,$F8F4E4,ROM+0x0F4E4,mapped,ROM,$939E,$FF939E,$00939E,HIGH-RAM-ALIAS-CANDIDATE,mirror-hypothesis,binding-slot-call,ROM,static-abs.w,unknown,,1,jsr,,
bsc:ROM:F8F4F6:FF9374,$F8F4F6,ROM+0x0F4F6,mapped,ROM,$9374,$FF9374,$009374,HIGH-RAM-ALIAS-CANDIDATE,mirror-hypothesis,binding-slot-call,ROM,static-abs.w,unknown,,1,jsr,,
bsc:ROM:F8F4FA:FF8644,$F8F4FA,ROM+0x0F4FA,mapped,ROM,$8644,$FF8644,$008644,HIGH-RAM-ALIAS-CANDIDATE,mirror-hypothesis,binding-slot-call,ROM,static-abs.w,unknown,,1,jmp,,
bsc:ROM:F8F510:FF95AE,$F8F510,ROM+0x0F510,mapped,ROM,$95AE,$FF95AE,$0095AE,HIGH-RAM-ALIAS-CANDIDATE,mirror-hypothesis,binding-slot-call,ROM,static-abs.w,unknown,,1,jsr,,
bsc:ROM:F8F518:FF93A4,$F8F518,ROM+0x0F518,mapped,ROM,$93A4,$FF93A4,$0093A4,HIGH-RAM-ALIAS-CANDIDATE,mirror-hypothesis,binding-slot-call,ROM,static-abs.w,unknown,,1,jsr,,
bsc:ROM:F8F594:FF9380,$F8F594,ROM+0x0F594,mapped,ROM,$9380,$FF9380,$009380,HIGH-RAM-ALIAS-CANDIDATE,mirror-hypothesis,binding-slot-call,ROM,static-abs.w,unknown,,1,jsr,,
bsc:ROM:F8F59A:FF93A4,$F8F59A,ROM+0x0F59A,mapped,ROM,$93A4,$FF93A4,$0093A4,HIGH-RAM-ALIAS-CANDIDATE,mirror-hypothesis,binding-slot-call,ROM,static-abs.w,unknown,,1,jsr,,
bsc:ROM:F8F5A8:FF980C,$F8F5A8,ROM+0x0F5A8,mapped,ROM,$980C,$FF980C,$00980C,HIGH-RAM-ALIAS-CANDIDATE,mirror-hypothesis,binding-slot-call,ROM,static-abs.w,unknown,,1,jsr,,
bsc:ROM:F8F5DA:FF913C,$F8F5DA,ROM+0x0F5DA,mapped,ROM,$913C,$FF913C,$00913C,HIGH-RAM-ALIAS-CANDIDATE,mirror-hypothesis,binding-slot-call,ROM,static-abs.w,unknown,,1,jsr,,
bsc:ROM:F8F5EE:FF95FC,$F8F5EE,ROM+0x0F5EE,mapped,ROM,$95FC,$FF95FC,$0095FC,HIGH-RAM-ALIAS-CANDIDATE,mirror-hypothesis,binding-slot-call,ROM,static-abs.w,unknown,,1,jsr,,
bsc:ROM:F8F644:FF93AA,$F8F644,ROM+0x0F644,mapped,ROM,$93AA,$FF93AA,$0093AA,HIGH-RAM-ALIAS-CANDIDATE,mirror-hypothesis,binding-slot-call,ROM,static-abs.w,unknown,,1,jsr,,
bsc:ROM:F8F65A:FF9380,$F8F65A,ROM+0x0F65A,mapped,ROM,$9380,$FF9380,$009380,HIGH-RAM-ALIAS-CANDIDATE,mirror-hypothesis,binding-slot-call,ROM,static-abs.w,unknown,,1,jsr,,
bsc:ROM:F8F668:FF93A4,$F8F668,ROM+0x0F668,mapped,ROM,$93A4,$FF93A4,$0093A4,HIGH-RAM-ALIAS-CANDIDATE,mirror-hypothesis,binding-slot-call,ROM,static-abs.w,unknown,,1,jsr,,
bsc:ROM:F8F678:FF981E,$F8F678,ROM+0x0F678,mapped,ROM,$981E,$FF981E,$00981E,HIGH-RAM-ALIAS-CANDIDATE,mirror-hypothesis,binding-slot-call,ROM,static-abs.w,unknown,,1,jsr,,
bsc:ROM:F8F67C:FF992C,$F8F67C,ROM+0x0F67C,mapped,ROM,$992C,$FF992C,$00992C,HIGH-RAM-ALIAS-CANDIDATE,mirror-hypothesis,binding-slot-call,ROM,static-abs.w,unknown,,1,jsr,,
bsc:ROM:F8F89C:FF95D2,$F8F89C,ROM+0x0F89C,mapped,ROM,$95D2,$FF95D2,$0095D2,HIGH-RAM-ALIAS-CANDIDATE,mirror-hypothesis,binding-slot-call,ROM,static-abs.w,unknown,,1,jsr,,
bsc:ROM:F8F8B4:FF9380,$F8F8B4,ROM+0x0F8B4,mapped,ROM,$9380,$FF9380,$009380,HIGH-RAM-ALIAS-CANDIDATE,mirror-hypothesis,binding-slot-call,ROM,static-abs.w,unknown,,1,jsr,,
bsc:ROM:F8F8BA:FF9812,$F8F8BA,ROM+0x0F8BA,mapped,ROM,$9812,$FF9812,$009812,HIGH-RAM-ALIAS-CANDIDATE,mirror-hypothesis,binding-slot-call,ROM,static-abs.w,unknown,,1,jsr,,
bsc:ROM:F8F8C2:FF980C,$F8F8C2,ROM+0x0F8C2,mapped,ROM,$980C,$FF980C,$00980C,HIGH-RAM-ALIAS-CANDIDATE,mirror-hypothesis,binding-slot-call,ROM,static-abs.w,unknown,,1,jsr,,
bsc:ROM:F8F942:FF957E,$F8F942,ROM+0x0F942,mapped,ROM,$957E,$FF957E,$00957E,HIGH-RAM-ALIAS-CANDIDATE,mirror-hypothesis,binding-slot-call,ROM,static-abs.w,unknown,,1,jsr,,
bsc:ROM:F8F990:FF93BC,$F8F990,ROM+0x0F990,mapped,ROM,$93BC,$FF93BC,$0093BC,HIGH-RAM-ALIAS-CANDIDATE,mirror-hypothesis,binding-slot-call,ROM,static-abs.w,unknown,,1,jmp,,
bsc:ROM:F8F9A2:FF93BC,$F8F9A2,ROM+0x0F9A2,mapped,ROM,$93BC,$FF93BC,$0093BC,HIGH-RAM-ALIAS-CANDIDATE,mirror-hypothesis,binding-slot-call,ROM,static-abs.w,unknown,,1,jmp,,
bsc:ROM:F8F9B0:FF93BC,$F8F9B0,ROM+0x0F9B0,mapped,ROM,$93BC,$FF93BC,$0093BC,HIGH-RAM-ALIAS-CANDIDATE,mirror-hypothesis,binding-slot-call,ROM,static-abs.w,unknown,,1,jmp,,
bsc:ROM:F8F9C4:FF93BC,$F8F9C4,ROM+0x0F9C4,mapped,ROM,$93BC,$FF93BC,$0093BC,HIGH-RAM-ALIAS-CANDIDATE,mirror-hypothesis,binding-slot-call,ROM,static-abs.w,unknown,,1,jmp,,
bsc:ROM:F8F9D4:FF9386,$F8F9D4,ROM+0x0F9D4,mapped,ROM,$9386,$FF9386,$009386,HIGH-RAM-ALIAS-CANDIDATE,mirror-hypothesis,binding-slot-call,ROM,static-abs.w,unknown,,1,jsr,,
bsc:ROM:F8F9D8:FF93D4,$F8F9D8,ROM+0x0F9D8,mapped,ROM,$93D4,$FF93D4,$0093D4,HIGH-RAM-ALIAS-CANDIDATE,mirror-hypothesis,binding-slot-call,ROM,static-abs.w,unknown,,1,jsr,,
bsc:ROM:F8F9DC:FF9710,$F8F9DC,ROM+0x0F9DC,mapped,ROM,$9710,$FF9710,$009710,HIGH-RAM-ALIAS-CANDIDATE,mirror-hypothesis,binding-slot-call,ROM,static-abs.w,unknown,,1,jsr,,
bsc:ROM:F8F9E0:FF95D8,$F8F9E0,ROM+0x0F9E0,mapped,ROM,$95D8,$FF95D8,$0095D8,HIGH-RAM-ALIAS-CANDIDATE,mirror-hypothesis,binding-slot-call,ROM,static-abs.w,unknown,,1,jsr,,
bsc:ROM:F8F9E4:FF938C,$F8F9E4,ROM+0x0F9E4,mapped,ROM,$938C,$FF938C,$00938C,HIGH-RAM-ALIAS-CANDIDATE,mirror-hypothesis,binding-slot-call,ROM,static-abs.w,unknown,,1,jsr,,
bsc:ROM:F8FA4C:FF9392,$F8FA4C,ROM+0x0FA4C,mapped,ROM,$9392,$FF9392,$009392,HIGH-RAM-ALIAS-CANDIDATE,mirror-hypothesis,binding-slot-call,ROM,static-abs.w,unknown,,1,jmp,,
bsc:ROM:F8FA58:FF93BC,$F8FA58,ROM+0x0FA58,mapped,ROM,$93BC,$FF93BC,$0093BC,HIGH-RAM-ALIAS-CANDIDATE,mirror-hypothesis,binding-slot-call,ROM,static-abs.w,unknown,,1,jsr,,
bsc:ROM:F8FAA4:FF9380,$F8FAA4,ROM+0x0FAA4,mapped,ROM,$9380,$FF9380,$009380,HIGH-RAM-ALIAS-CANDIDATE,mirror-hypothesis,binding-slot-call,ROM,static-abs.w,unknown,,1,jsr,,
bsc:ROM:F8FB28:FF8856,$F8FB28,ROM+0x0FB28,mapped,ROM,$8856,$FF8856,$008856,HIGH-RAM-ALIAS-CANDIDATE,mirror-hypothesis,binding-slot-call,ROM,static-abs.w,unknown,,1,jsr,,
bsc:ROM:F8FB2C:FF864A,$F8FB2C,ROM+0x0FB2C,mapped,ROM,$864A,$FF864A,$00864A,HIGH-RAM-ALIAS-CANDIDATE,mirror-hypothesis,binding-slot-call,ROM,static-abs.w,unknown,,1,jsr,,
bsc:ROM:F8FB36:FF93F2,$F8FB36,ROM+0x0FB36,mapped,ROM,$93F2,$FF93F2,$0093F2,HIGH-RAM-ALIAS-CANDIDATE,mirror-hypothesis,binding-slot-call,ROM,static-abs.w,unknown,,1,jsr,,
bsc:ROM:F8FB6E:FF9380,$F8FB6E,ROM+0x0FB6E,mapped,ROM,$9380,$FF9380,$009380,HIGH-RAM-ALIAS-CANDIDATE,mirror-hypothesis,binding-slot-call,ROM,static-abs.w,unknown,,1,jsr,,
bsc:ROM:F8FB84:FF8CC8,$F8FB84,ROM+0x0FB84,mapped,ROM,$8CC8,$FF8CC8,$008CC8,HIGH-RAM-ALIAS-CANDIDATE,mirror-hypothesis,binding-slot-call,ROM,static-abs.w,unknown,,1,jsr,,
bsc:ROM:F8FBA4:FF9602,$F8FBA4,ROM+0x0FBA4,mapped,ROM,$9602,$FF9602,$009602,HIGH-RAM-ALIAS-CANDIDATE,mirror-hypothesis,binding-slot-call,ROM,static-abs.w,unknown,,1,jsr,,
bsc:ROM:F8FBC2:FF957E,$F8FBC2,ROM+0x0FBC2,mapped,ROM,$957E,$FF957E,$00957E,HIGH-RAM-ALIAS-CANDIDATE,mirror-hypothesis,binding-slot-call,ROM,static-abs.w,unknown,,1,jsr,,
bsc:ROM:F8FBD8:FF9374,$F8FBD8,ROM+0x0FBD8,mapped,ROM,$9374,$FF9374,$009374,HIGH-RAM-ALIAS-CANDIDATE,mirror-hypothesis,binding-slot-call,ROM,static-abs.w,unknown,,1,jsr,,
bsc:ROM:F8FC3C:FF9710,$F8FC3C,ROM+0x0FC3C,mapped,ROM,$9710,$FF9710,$009710,HIGH-RAM-ALIAS-CANDIDATE,mirror-hypothesis,binding-slot-call,ROM,static-abs.w,unknown,,1,jsr,,
bsc:ROM:F8FC78:FF9380,$F8FC78,ROM+0x0FC78,mapped,ROM,$9380,$FF9380,$009380,HIGH-RAM-ALIAS-CANDIDATE,mirror-hypothesis,binding-slot-call,ROM,static-abs.w,unknown,,1,jsr,,
bsc:ROM:F8FCA6:FF9386,$F8FCA6,ROM+0x0FCA6,mapped,ROM,$9386,$FF9386,$009386,HIGH-RAM-ALIAS-CANDIDATE,mirror-hypothesis,binding-slot-call,ROM,static-abs.w,unknown,,1,jsr,,
bsc:ROM:F8FCAA:FF9710,$F8FCAA,ROM+0x0FCAA,mapped,ROM,$9710,$FF9710,$009710,HIGH-RAM-ALIAS-CANDIDATE,mirror-hypothesis,binding-slot-call,ROM,static-abs.w,unknown,,1,jsr,,
bsc:ROM:F8FCAE:FF95D8,$F8FCAE,ROM+0x0FCAE,mapped,ROM,$95D8,$FF95D8,$0095D8,HIGH-RAM-ALIAS-CANDIDATE,mirror-hypothesis,binding-slot-call,ROM,static-abs.w,unknown,,1,jsr,,
bsc:ROM:F8FCB2:FF938C,$F8FCB2,ROM+0x0FCB2,mapped,ROM,$938C,$FF938C,$00938C,HIGH-RAM-ALIAS-CANDIDATE,mirror-hypothesis,binding-slot-call,ROM,static-abs.w,unknown,,1,jsr,,
bsc:ROM:F8FD20:FF937A,$F8FD20,ROM+0x0FD20,mapped,ROM,$937A,$FF937A,$00937A,HIGH-RAM-ALIAS-CANDIDATE,mirror-hypothesis,binding-slot-call,ROM,static-abs.w,unknown,,1,jsr,,
bsc:ROM:F8FD34:FF93F8,$F8FD34,ROM+0x0FD34,mapped,ROM,$93F8,$FF93F8,$0093F8,HIGH-RAM-ALIAS-CANDIDATE,mirror-hypothesis,binding-slot-call,ROM,static-abs.w,unknown,,1,jsr,,
bsc:ROM:F8FD4C:FF946C,$F8FD4C,ROM+0x0FD4C,mapped,ROM,$946C,$FF946C,$00946C,HIGH-RAM-ALIAS-CANDIDATE,mirror-hypothesis,binding-slot-call,ROM,static-abs.w,unknown,,1,jsr,,
bsc:ROM:F8FD66:FF9454,$F8FD66,ROM+0x0FD66,mapped,ROM,$9454,$FF9454,$009454,HIGH-RAM-ALIAS-CANDIDATE,mirror-hypothesis,binding-slot-call,ROM,static-abs.w,unknown,,1,jsr,,
bsc:ROM:F8FD7A:FF94E4,$F8FD7A,ROM+0x0FD7A,mapped,ROM,$94E4,$FF94E4,$0094E4,HIGH-RAM-ALIAS-CANDIDATE,mirror-hypothesis,binding-slot-call,ROM,static-abs.w,unknown,,1,jsr,,
bsc:ROM:F8FD86:FF9490,$F8FD86,ROM+0x0FD86,mapped,ROM,$9490,$FF9490,$009490,HIGH-RAM-ALIAS-CANDIDATE,mirror-hypothesis,binding-slot-call,ROM,static-abs.w,unknown,,1,jsr,,
bsc:ROM:F8FD8E:FF9124,$F8FD8E,ROM+0x0FD8E,mapped,ROM,$9124,$FF9124,$009124,HIGH-RAM-ALIAS-CANDIDATE,mirror-hypothesis,binding-slot-call,ROM,static-abs.w,unknown,,1,jsr,,
bsc:ROM:F8FD92:FF9466,$F8FD92,ROM+0x0FD92,mapped,ROM,$9466,$FF9466,$009466,HIGH-RAM-ALIAS-CANDIDATE,mirror-hypothesis,binding-slot-call,ROM,static-abs.w,unknown,,1,jmp,,
bsc:ROM:F8FDAE:FF9490,$F8FDAE,ROM+0x0FDAE,mapped,ROM,$9490,$FF9490,$009490,HIGH-RAM-ALIAS-CANDIDATE,mirror-hypothesis,binding-slot-call,ROM,static-abs.w,unknown,,1,jsr,,
bsc:ROM:F8FDB8:FF9466,$F8FDB8,ROM+0x0FDB8,mapped,ROM,$9466,$FF9466,$009466,HIGH-RAM-ALIAS-CANDIDATE,mirror-hypothesis,binding-slot-call,ROM,static-abs.w,unknown,,1,jsr,,
bsc:ROM:F8FDF6:FF95CC,$F8FDF6,ROM+0x0FDF6,mapped,ROM,$95CC,$FF95CC,$0095CC,HIGH-RAM-ALIAS-CANDIDATE,mirror-hypothesis,binding-slot-call,ROM,static-abs.w,unknown,,1,jmp,,
bsc:ROM:F8FDFE:FF95DE,$F8FDFE,ROM+0x0FDFE,mapped,ROM,$95DE,$FF95DE,$0095DE,HIGH-RAM-ALIAS-CANDIDATE,mirror-hypothesis,binding-slot-call,ROM,static-abs.w,unknown,,1,jmp,,
bsc:ROM:F8FE20:FF95A2,$F8FE20,ROM+0x0FE20,mapped,ROM,$95A2,$FF95A2,$0095A2,HIGH-RAM-ALIAS-CANDIDATE,mirror-hypothesis,binding-slot-call,ROM,static-abs.w,unknown,,1,jsr,,
bsc:ROM:F8FE24:FF9496,$F8FE24,ROM+0x0FE24,mapped,ROM,$9496,$FF9496,$009496,HIGH-RAM-ALIAS-CANDIDATE,mirror-hypothesis,binding-slot-call,ROM,static-abs.w,unknown,,1,jsr,,
bsc:ROM:F8FE2E:FF9466,$F8FE2E,ROM+0x0FE2E,mapped,ROM,$9466,$FF9466,$009466,HIGH-RAM-ALIAS-CANDIDATE,mirror-hypothesis,binding-slot-call,ROM,static-abs.w,unknown,,1,jsr,,
bsc:ROM:F8FE3E:FF972E,$F8FE3E,ROM+0x0FE3E,mapped,ROM,$972E,$FF972E,$00972E,HIGH-RAM-ALIAS-CANDIDATE,mirror-hypothesis,binding-slot-call,ROM,static-abs.w,unknown,,1,jsr,,
bsc:ROM:F8FE48:FF946C,$F8FE48,ROM+0x0FE48,mapped,ROM,$946C,$FF946C,$00946C,HIGH-RAM-ALIAS-CANDIDATE,mirror-hypothesis,binding-slot-call,ROM,static-abs.w,unknown,,1,jsr,,
bsc:ROM:F8FE58:FF8CC8,$F8FE58,ROM+0x0FE58,mapped,ROM,$8CC8,$FF8CC8,$008CC8,HIGH-RAM-ALIAS-CANDIDATE,mirror-hypothesis,binding-slot-call,ROM,static-abs.w,unknown,,1,jsr,,
bsc:ROM:F8FE72:FF9502,$F8FE72,ROM+0x0FE72,mapped,ROM,$9502,$FF9502,$009502,HIGH-RAM-ALIAS-CANDIDATE,mirror-hypothesis,binding-slot-call,ROM,static-abs.w,unknown,,1,jsr,,
bsc:ROM:F8FE8C:FF94CC,$F8FE8C,ROM+0x0FE8C,mapped,ROM,$94CC,$FF94CC,$0094CC,HIGH-RAM-ALIAS-CANDIDATE,mirror-hypothesis,binding-slot-call,ROM,static-abs.w,unknown,,1,jmp,,
bsc:ROM:F8FE9A:FF94DE,$F8FE9A,ROM+0x0FE9A,mapped,ROM,$94DE,$FF94DE,$0094DE,HIGH-RAM-ALIAS-CANDIDATE,mirror-hypothesis,binding-slot-call,ROM,static-abs.w,unknown,,1,jsr,,
bsc:ROM:F8FEB2:FF94BA,$F8FEB2,ROM+0x0FEB2,mapped,ROM,$94BA,$FF94BA,$0094BA,HIGH-RAM-ALIAS-CANDIDATE,mirror-hypothesis,binding-slot-call,ROM,static-abs.w,unknown,,1,jsr,,
bsc:ROM:F8FEC4:FF8CC8,$F8FEC4,ROM+0x0FEC4,mapped,ROM,$8CC8,$FF8CC8,$008CC8,HIGH-RAM-ALIAS-CANDIDATE,mirror-hypothesis,binding-slot-call,ROM,static-abs.w,unknown,,1,jsr,,
bsc:ROM:F8FEE0:FF8CC8,$F8FEE0,ROM+0x0FEE0,mapped,ROM,$8CC8,$FF8CC8,$008CC8,HIGH-RAM-ALIAS-CANDIDATE,mirror-hypothesis,binding-slot-call,ROM,static-abs.w,unknown,,1,jsr,,
bsc:ROM:F8FEE4:FF94CC,$F8FEE4,ROM+0x0FEE4,mapped,ROM,$94CC,$FF94CC,$0094CC,HIGH-RAM-ALIAS-CANDIDATE,mirror-hypothesis,binding-slot-call,ROM,static-abs.w,unknown,,1,jsr,,
bsc:ROM:F8FF0A:FF8CC8,$F8FF0A,ROM+0x0FF0A,mapped,ROM,$8CC8,$FF8CC8,$008CC8,HIGH-RAM-ALIAS-CANDIDATE,mirror-hypothesis,binding-slot-call,ROM,static-abs.w,unknown,,1,jsr,,
bsc:ROM:F8FF12:FF94DE,$F8FF12,ROM+0x0FF12,mapped,ROM,$94DE,$FF94DE,$0094DE,HIGH-RAM-ALIAS-CANDIDATE,mirror-hypothesis,binding-slot-call,ROM,static-abs.w,unknown,,1,jsr,,
bsc:ROM:F8FF22:FF94F0,$F8FF22,ROM+0x0FF22,mapped,ROM,$94F0,$FF94F0,$0094F0,HIGH-RAM-ALIAS-CANDIDATE,mirror-hypothesis,binding-slot-call,ROM,static-abs.w,unknown,,1,jsr,,
bsc:ROM:F8FF26:FF94C0,$F8FF26,ROM+0x0FF26,mapped,ROM,$94C0,$FF94C0,$0094C0,HIGH-RAM-ALIAS-CANDIDATE,mirror-hypothesis,binding-slot-call,ROM,static-abs.w,unknown,,1,jmp,,
bsc:ROM:F8FF78:FF8CC8,$F8FF78,ROM+0x0FF78,mapped,ROM,$8CC8,$FF8CC8,$008CC8,HIGH-RAM-ALIAS-CANDIDATE,mirror-hypothesis,binding-slot-call,ROM,static-abs.w,unknown,,1,jsr,,
bsc:ROM:F8FF84:FF94EA,$F8FF84,ROM+0x0FF84,mapped,ROM,$94EA,$FF94EA,$0094EA,HIGH-RAM-ALIAS-CANDIDATE,mirror-hypothesis,binding-slot-call,ROM,static-abs.w,unknown,,1,jsr,,
bsc:ROM:F8FFA0:FF94EA,$F8FFA0,ROM+0x0FFA0,mapped,ROM,$94EA,$FF94EA,$0094EA,HIGH-RAM-ALIAS-CANDIDATE,mirror-hypothesis,binding-slot-call,ROM,static-abs.w,unknown,,1,jsr,,
bsc:ROM:F8FFC0:FF9484,$F8FFC0,ROM+0x0FFC0,mapped,ROM,$9484,$FF9484,$009484,HIGH-RAM-ALIAS-CANDIDATE,mirror-hypothesis,binding-slot-call,ROM,static-abs.w,unknown,,1,jsr,,
bsc:ROM:F8FFC4:FF949C,$F8FFC4,ROM+0x0FFC4,mapped,ROM,$949C,$FF949C,$00949C,HIGH-RAM-ALIAS-CANDIDATE,mirror-hypothesis,binding-slot-call,ROM,static-abs.w,unknown,,1,jmp,,
bsc:ROM:F8FFD8:FF948A,$F8FFD8,ROM+0x0FFD8,mapped,ROM,$948A,$FF948A,$00948A,HIGH-RAM-ALIAS-CANDIDATE,mirror-hypothesis,binding-slot-call,ROM,static-abs.w,unknown,,1,jmp,,
bsc:ROM:F8FFE6:FF94C6,$F8FFE6,ROM+0x0FFE6,mapped,ROM,$94C6,$FF94C6,$0094C6,HIGH-RAM-ALIAS-CANDIDATE,mirror-hypothesis,binding-slot-call,ROM,static-abs.w,unknown,,1,jsr,,
bsc:ROM:F8FFEE:FF9818,$F8FFEE,ROM+0x0FFEE,mapped,ROM,$9818,$FF9818,$009818,HIGH-RAM-ALIAS-CANDIDATE,mirror-hypothesis,binding-slot-call,ROM,static-abs.w,unknown,,1,jsr,,
bsc:ROM:F90000:FF951A,$F90000,ROM+0x10000,mapped,ROM,$951A,$FF951A,$00951A,HIGH-RAM-ALIAS-CANDIDATE,mirror-hypothesis,binding-slot-call,ROM,static-abs.w,unknown,,1,jsr,,
bsc:ROM:F90010:FF97CA,$F90010,ROM+0x10010,mapped,ROM,$97CA,$FF97CA,$0097CA,HIGH-RAM-ALIAS-CANDIDATE,mirror-hypothesis,binding-slot-call,ROM,static-abs.w,unknown,,1,jsr,,
bsc:ROM:F9001C:FF979A,$F9001C,ROM+0x1001C,mapped,ROM,$979A,$FF979A,$00979A,HIGH-RAM-ALIAS-CANDIDATE,mirror-hypothesis,binding-slot-call,ROM,static-abs.w,unknown,,1,jsr,,
bsc:ROM:F9002E:FF9818,$F9002E,ROM+0x1002E,mapped,ROM,$9818,$FF9818,$009818,HIGH-RAM-ALIAS-CANDIDATE,mirror-hypothesis,binding-slot-call,ROM,static-abs.w,unknown,,1,jsr,,
bsc:ROM:F90044:FF9812,$F90044,ROM+0x10044,mapped,ROM,$9812,$FF9812,$009812,HIGH-RAM-ALIAS-CANDIDATE,mirror-hypothesis,binding-slot-call,ROM,static-abs.w,unknown,,1,jsr,,
bsc:ROM:F90056:FF9608,$F90056,ROM+0x10056,mapped,ROM,$9608,$FF9608,$009608,HIGH-RAM-ALIAS-CANDIDATE,mirror-hypothesis,binding-slot-call,ROM,static-abs.w,unknown,,1,jsr,,
bsc:ROM:F9006A:FF95D2,$F9006A,ROM+0x1006A,mapped,ROM,$95D2,$FF95D2,$0095D2,HIGH-RAM-ALIAS-CANDIDATE,mirror-hypothesis,binding-slot-call,ROM,static-abs.w,unknown,,1,jsr,,
bsc:ROM:F90080:FF980C,$F90080,ROM+0x10080,mapped,ROM,$980C,$FF980C,$00980C,HIGH-RAM-ALIAS-CANDIDATE,mirror-hypothesis,binding-slot-call,ROM,static-abs.w,unknown,,1,jsr,,
bsc:ROM:F900BE:FF94FC,$F900BE,ROM+0x100BE,mapped,ROM,$94FC,$FF94FC,$0094FC,HIGH-RAM-ALIAS-CANDIDATE,mirror-hypothesis,binding-slot-call,ROM,static-abs.w,unknown,,1,jsr,,
bsc:ROM:F90144:FF94FC,$F90144,ROM+0x10144,mapped,ROM,$94FC,$FF94FC,$0094FC,HIGH-RAM-ALIAS-CANDIDATE,mirror-hypothesis,binding-slot-call,ROM,static-abs.w,unknown,,1,jsr,,
bsc:ROM:F90154:FF9818,$F90154,ROM+0x10154,mapped,ROM,$9818,$FF9818,$009818,HIGH-RAM-ALIAS-CANDIDATE,mirror-hypothesis,binding-slot-call,ROM,static-abs.w,unknown,,1,jsr,,
bsc:ROM:F9015A:FF951A,$F9015A,ROM+0x1015A,mapped,ROM,$951A,$FF951A,$00951A,HIGH-RAM-ALIAS-CANDIDATE,mirror-hypothesis,binding-slot-call,ROM,static-abs.w,unknown,,1,jmp,,
bsc:ROM:F90160:FF980C,$F90160,ROM+0x10160,mapped,ROM,$980C,$FF980C,$00980C,HIGH-RAM-ALIAS-CANDIDATE,mirror-hypothesis,binding-slot-call,ROM,static-abs.w,unknown,,1,jsr,,
bsc:ROM:F90166:FF97FA,$F90166,ROM+0x10166,mapped,ROM,$97FA,$FF97FA,$0097FA,HIGH-RAM-ALIAS-CANDIDATE,mirror-hypothesis,binding-slot-call,ROM,static-abs.w,unknown,,1,jsr,,
bsc:ROM:F90188:FF9842,$F90188,ROM+0x10188,mapped,ROM,$9842,$FF9842,$009842,HIGH-RAM-ALIAS-CANDIDATE,mirror-hypothesis,binding-slot-call,ROM,static-abs.w,unknown,,1,jsr,,
bsc:ROM:F901AC:FF957E,$F901AC,ROM+0x101AC,mapped,ROM,$957E,$FF957E,$00957E,HIGH-RAM-ALIAS-CANDIDATE,mirror-hypothesis,binding-slot-call,ROM,static-abs.w,unknown,,1,jsr,,
bsc:ROM:F901F6:FF952C,$F901F6,ROM+0x101F6,mapped,ROM,$952C,$FF952C,$00952C,HIGH-RAM-ALIAS-CANDIDATE,mirror-hypothesis,binding-slot-call,ROM,static-abs.w,unknown,,1,jsr,,
bsc:ROM:F90204:FF8CC8,$F90204,ROM+0x10204,mapped,ROM,$8CC8,$FF8CC8,$008CC8,HIGH-RAM-ALIAS-CANDIDATE,mirror-hypothesis,binding-slot-call,ROM,static-abs.w,unknown,,1,jsr,,
bsc:ROM:F9021A:FF9520,$F9021A,ROM+0x1021A,mapped,ROM,$9520,$FF9520,$009520,HIGH-RAM-ALIAS-CANDIDATE,mirror-hypothesis,binding-slot-call,ROM,static-abs.w,unknown,,1,jsr,,
bsc:ROM:F9021E:FF94F6,$F9021E,ROM+0x1021E,mapped,ROM,$94F6,$FF94F6,$0094F6,HIGH-RAM-ALIAS-CANDIDATE,mirror-hypothesis,binding-slot-call,ROM,static-abs.w,unknown,,1,jsr,,
bsc:ROM:F90222:FF971C,$F90222,ROM+0x10222,mapped,ROM,$971C,$FF971C,$00971C,HIGH-RAM-ALIAS-CANDIDATE,mirror-hypothesis,binding-slot-call,ROM,static-abs.w,unknown,,1,jmp,,
bsc:ROM:F902F6:FF9502,$F902F6,ROM+0x102F6,mapped,ROM,$9502,$FF9502,$009502,HIGH-RAM-ALIAS-CANDIDATE,mirror-hypothesis,binding-slot-call,ROM,static-abs.w,unknown,,1,jsr,,
bsc:ROM:F90366:FF952C,$F90366,ROM+0x10366,mapped,ROM,$952C,$FF952C,$00952C,HIGH-RAM-ALIAS-CANDIDATE,mirror-hypothesis,binding-slot-call,ROM,static-abs.w,unknown,,1,jsr,,
bsc:ROM:F90376:FF8CC8,$F90376,ROM+0x10376,mapped,ROM,$8CC8,$FF8CC8,$008CC8,HIGH-RAM-ALIAS-CANDIDATE,mirror-hypothesis,binding-slot-call,ROM,static-abs.w,unknown,,1,jsr,,
bsc:ROM:F9038E:FF970A,$F9038E,ROM+0x1038E,mapped,ROM,$970A,$FF970A,$00970A,HIGH-RAM-ALIAS-CANDIDATE,mirror-hypothesis,binding-slot-call,ROM,static-abs.w,unknown,,1,jsr,,
bsc:ROM:F903E4:FF9514,$F903E4,ROM+0x103E4,mapped,ROM,$9514,$FF9514,$009514,HIGH-RAM-ALIAS-CANDIDATE,mirror-hypothesis,binding-slot-call,ROM,static-abs.w,unknown,,1,jsr,,
bsc:ROM:F90404:FF8CC8,$F90404,ROM+0x10404,mapped,ROM,$8CC8,$FF8CC8,$008CC8,HIGH-RAM-ALIAS-CANDIDATE,mirror-hypothesis,binding-slot-call,ROM,static-abs.w,unknown,,1,jsr,,
bsc:ROM:F9046C:FF8CC8,$F9046C,ROM+0x1046C,mapped,ROM,$8CC8,$FF8CC8,$008CC8,HIGH-RAM-ALIAS-CANDIDATE,mirror-hypothesis,binding-slot-call,ROM,static-abs.w,unknown,,1,jsr,,
bsc:ROM:F904D0:FF8828,$F904D0,ROM+0x104D0,mapped,ROM,$8828,$FF8828,$008828,HIGH-RAM-ALIAS-CANDIDATE,mirror-hypothesis,binding-slot-call,ROM,static-abs.w,unknown,,1,jsr,,
bsc:ROM:F9056A:FF9608,$F9056A,ROM+0x1056A,mapped,ROM,$9608,$FF9608,$009608,HIGH-RAM-ALIAS-CANDIDATE,mirror-hypothesis,binding-slot-call,ROM,static-abs.w,unknown,,1,jmp,,
bsc:ROM:F9058A:FF94C0,$F9058A,ROM+0x1058A,mapped,ROM,$94C0,$FF94C0,$0094C0,HIGH-RAM-ALIAS-CANDIDATE,mirror-hypothesis,binding-slot-call,ROM,static-abs.w,unknown,,1,jsr,,
bsc:ROM:F90596:FF955C,$F90596,ROM+0x10596,mapped,ROM,$955C,$FF955C,$00955C,HIGH-RAM-ALIAS-CANDIDATE,mirror-hypothesis,binding-slot-call,ROM,static-abs.w,unknown,,1,jsr,,
bsc:ROM:F905A0:FF947E,$F905A0,ROM+0x105A0,mapped,ROM,$947E,$FF947E,$00947E,HIGH-RAM-ALIAS-CANDIDATE,mirror-hypothesis,binding-slot-call,ROM,static-abs.w,unknown,,1,jsr,,
bsc:ROM:F905C2:FF9608,$F905C2,ROM+0x105C2,mapped,ROM,$9608,$FF9608,$009608,HIGH-RAM-ALIAS-CANDIDATE,mirror-hypothesis,binding-slot-call,ROM,static-abs.w,unknown,,1,jsr,,
bsc:ROM:F905E6:FF9496,$F905E6,ROM+0x105E6,mapped,ROM,$9496,$FF9496,$009496,HIGH-RAM-ALIAS-CANDIDATE,mirror-hypothesis,binding-slot-call,ROM,static-abs.w,unknown,,1,jsr,,
bsc:ROM:F905F2:FF955C,$F905F2,ROM+0x105F2,mapped,ROM,$955C,$FF955C,$00955C,HIGH-RAM-ALIAS-CANDIDATE,mirror-hypothesis,binding-slot-call,ROM,static-abs.w,unknown,,1,jsr,,
bsc:ROM:F905F6:FF94F0,$F905F6,ROM+0x105F6,mapped,ROM,$94F0,$FF94F0,$0094F0,HIGH-RAM-ALIAS-CANDIDATE,mirror-hypothesis,binding-slot-call,ROM,static-abs.w,unknown,,1,jsr,,
bsc:ROM:F905FA:FF94C6,$F905FA,ROM+0x105FA,mapped,ROM,$94C6,$FF94C6,$0094C6,HIGH-RAM-ALIAS-CANDIDATE,mirror-hypothesis,binding-slot-call,ROM,static-abs.w,unknown,,1,jsr,,
bsc:ROM:F90610:FF9818,$F90610,ROM+0x10610,mapped,ROM,$9818,$FF9818,$009818,HIGH-RAM-ALIAS-CANDIDATE,mirror-hypothesis,binding-slot-call,ROM,static-abs.w,unknown,,1,jsr,,
bsc:ROM:F9063E:FF95EA,$F9063E,ROM+0x1063E,mapped,ROM,$95EA,$FF95EA,$0095EA,HIGH-RAM-ALIAS-CANDIDATE,mirror-hypothesis,binding-slot-call,ROM,static-abs.w,unknown,,1,jsr,,
bsc:ROM:F90648:FF9490,$F90648,ROM+0x10648,mapped,ROM,$9490,$FF9490,$009490,HIGH-RAM-ALIAS-CANDIDATE,mirror-hypothesis,binding-slot-call,ROM,static-abs.w,unknown,,1,jsr,,
bsc:ROM:F9064E:FF9620,$F9064E,ROM+0x1064E,mapped,ROM,$9620,$FF9620,$009620,HIGH-RAM-ALIAS-CANDIDATE,mirror-hypothesis,binding-slot-call,ROM,static-abs.w,unknown,,1,jsr,,
bsc:ROM:F90652:FF95EA,$F90652,ROM+0x10652,mapped,ROM,$95EA,$FF95EA,$0095EA,HIGH-RAM-ALIAS-CANDIDATE,mirror-hypothesis,binding-slot-call,ROM,static-abs.w,unknown,,1,jsr,,
bsc:ROM:F90656:FF9626,$F90656,ROM+0x10656,mapped,ROM,$9626,$FF9626,$009626,HIGH-RAM-ALIAS-CANDIDATE,mirror-hypothesis,binding-slot-call,ROM,static-abs.w,unknown,,1,jsr,,
bsc:ROM:F90680:FF9508,$F90680,ROM+0x10680,mapped,ROM,$9508,$FF9508,$009508,HIGH-RAM-ALIAS-CANDIDATE,mirror-hypothesis,binding-slot-call,ROM,static-abs.w,unknown,,1,jsr,,
bsc:ROM:F9069C:FF9454,$F9069C,ROM+0x1069C,mapped,ROM,$9454,$FF9454,$009454,HIGH-RAM-ALIAS-CANDIDATE,mirror-hypothesis,binding-slot-call,ROM,static-abs.w,unknown,,1,jmp,,
bsc:ROM:F906BE:FF9590,$F906BE,ROM+0x106BE,mapped,ROM,$9590,$FF9590,$009590,HIGH-RAM-ALIAS-CANDIDATE,mirror-hypothesis,binding-slot-call,ROM,static-abs.w,unknown,,1,jsr,,
bsc:ROM:F906F2:FF9596,$F906F2,ROM+0x106F2,mapped,ROM,$9596,$FF9596,$009596,HIGH-RAM-ALIAS-CANDIDATE,mirror-hypothesis,binding-slot-call,ROM,static-abs.w,unknown,,1,jsr,,
bsc:ROM:F90770:FF9596,$F90770,ROM+0x10770,mapped,ROM,$9596,$FF9596,$009596,HIGH-RAM-ALIAS-CANDIDATE,mirror-hypothesis,binding-slot-call,ROM,static-abs.w,unknown,,1,jsr,,
bsc:ROM:F9077A:FF959C,$F9077A,ROM+0x1077A,mapped,ROM,$959C,$FF959C,$00959C,HIGH-RAM-ALIAS-CANDIDATE,mirror-hypothesis,binding-slot-call,ROM,static-abs.w,unknown,,1,jmp,,
bsc:ROM:F907E2:FF959C,$F907E2,ROM+0x107E2,mapped,ROM,$959C,$FF959C,$00959C,HIGH-RAM-ALIAS-CANDIDATE,mirror-hypothesis,binding-slot-call,ROM,static-abs.w,unknown,,1,jmp,,
bsc:ROM:F907EE:FF959C,$F907EE,ROM+0x107EE,mapped,ROM,$959C,$FF959C,$00959C,HIGH-RAM-ALIAS-CANDIDATE,mirror-hypothesis,binding-slot-call,ROM,static-abs.w,unknown,,1,jmp,,
bsc:ROM:F907FA:FF959C,$F907FA,ROM+0x107FA,mapped,ROM,$959C,$FF959C,$00959C,HIGH-RAM-ALIAS-CANDIDATE,mirror-hypothesis,binding-slot-call,ROM,static-abs.w,unknown,,1,jmp,,
bsc:ROM:F908BE:FF960E,$F908BE,ROM+0x108BE,mapped,ROM,$960E,$FF960E,$00960E,HIGH-RAM-ALIAS-CANDIDATE,mirror-hypothesis,binding-slot-call,ROM,static-abs.w,unknown,,1,jsr,,
bsc:ROM:F908E4:FF944E,$F908E4,ROM+0x108E4,mapped,ROM,$944E,$FF944E,$00944E,HIGH-RAM-ALIAS-CANDIDATE,mirror-hypothesis,binding-slot-call,ROM,static-abs.w,unknown,,1,jsr,,
bsc:ROM:F908EA:FF9460,$F908EA,ROM+0x108EA,mapped,ROM,$9460,$FF9460,$009460,HIGH-RAM-ALIAS-CANDIDATE,mirror-hypothesis,binding-slot-call,ROM,static-abs.w,unknown,,1,jsr,,
bsc:ROM:F90916:FF95A2,$F90916,ROM+0x10916,mapped,ROM,$95A2,$FF95A2,$0095A2,HIGH-RAM-ALIAS-CANDIDATE,mirror-hypothesis,binding-slot-call,ROM,static-abs.w,unknown,,1,jmp,,
bsc:ROM:F90924:FF9124,$F90924,ROM+0x10924,mapped,ROM,$9124,$FF9124,$009124,HIGH-RAM-ALIAS-CANDIDATE,mirror-hypothesis,binding-slot-call,ROM,static-abs.w,unknown,,1,jsr,,
bsc:ROM:F90972:FF95F6,$F90972,ROM+0x10972,mapped,ROM,$95F6,$FF95F6,$0095F6,HIGH-RAM-ALIAS-CANDIDATE,mirror-hypothesis,binding-slot-call,ROM,static-abs.w,unknown,,1,jmp,,
bsc:ROM:F909DA:FF9734,$F909DA,ROM+0x109DA,mapped,ROM,$9734,$FF9734,$009734,HIGH-RAM-ALIAS-CANDIDATE,mirror-hypothesis,binding-slot-call,ROM,static-abs.w,unknown,,1,jmp,,
bsc:ROM:F909E8:FF95BA,$F909E8,ROM+0x109E8,mapped,ROM,$95BA,$FF95BA,$0095BA,HIGH-RAM-ALIAS-CANDIDATE,mirror-hypothesis,binding-slot-call,ROM,static-abs.w,unknown,,1,jmp,,
bsc:ROM:F90A0E:FF973A,$F90A0E,ROM+0x10A0E,mapped,ROM,$973A,$FF973A,$00973A,HIGH-RAM-ALIAS-CANDIDATE,mirror-hypothesis,binding-slot-call,ROM,static-abs.w,unknown,,1,jmp,,
bsc:ROM:F90A26:FF960E,$F90A26,ROM+0x10A26,mapped,ROM,$960E,$FF960E,$00960E,HIGH-RAM-ALIAS-CANDIDATE,mirror-hypothesis,binding-slot-call,ROM,static-abs.w,unknown,,1,jsr,,
bsc:ROM:F90A7E:FF8BB0,$F90A7E,ROM+0x10A7E,mapped,ROM,$8BB0,$FF8BB0,$008BB0,HIGH-RAM-ALIAS-CANDIDATE,mirror-hypothesis,binding-slot-call,ROM,static-abs.w,unknown,,1,jsr,,
bsc:ROM:F90AA2:FF9454,$F90AA2,ROM+0x10AA2,mapped,ROM,$9454,$FF9454,$009454,HIGH-RAM-ALIAS-CANDIDATE,mirror-hypothesis,binding-slot-call,ROM,static-abs.w,unknown,,1,jsr,,
bsc:ROM:F90AAE:FF95EA,$F90AAE,ROM+0x10AAE,mapped,ROM,$95EA,$FF95EA,$0095EA,HIGH-RAM-ALIAS-CANDIDATE,mirror-hypothesis,binding-slot-call,ROM,static-abs.w,unknown,,1,jmp,,
bsc:ROM:F90AB2:FF864A,$F90AB2,ROM+0x10AB2,mapped,ROM,$864A,$FF864A,$00864A,HIGH-RAM-ALIAS-CANDIDATE,mirror-hypothesis,binding-slot-call,ROM,static-abs.w,unknown,,1,jsr,,
bsc:ROM:F90ABE:FF97B2,$F90ABE,ROM+0x10ABE,mapped,ROM,$97B2,$FF97B2,$0097B2,HIGH-RAM-ALIAS-CANDIDATE,mirror-hypothesis,binding-slot-call,ROM,static-abs.w,unknown,,1,jsr,,
bsc:ROM:F90AD4:FF9710,$F90AD4,ROM+0x10AD4,mapped,ROM,$9710,$FF9710,$009710,HIGH-RAM-ALIAS-CANDIDATE,mirror-hypothesis,binding-slot-call,ROM,static-abs.w,unknown,,1,jsr,,
bsc:ROM:F90B12:FF9380,$F90B12,ROM+0x10B12,mapped,ROM,$9380,$FF9380,$009380,HIGH-RAM-ALIAS-CANDIDATE,mirror-hypothesis,binding-slot-call,ROM,static-abs.w,unknown,,1,jsr,,
bsc:ROM:F90B1C:FF9380,$F90B1C,ROM+0x10B1C,mapped,ROM,$9380,$FF9380,$009380,HIGH-RAM-ALIAS-CANDIDATE,mirror-hypothesis,binding-slot-call,ROM,static-abs.w,unknown,,1,jsr,,
bsc:ROM:F90B34:FF9380,$F90B34,ROM+0x10B34,mapped,ROM,$9380,$FF9380,$009380,HIGH-RAM-ALIAS-CANDIDATE,mirror-hypothesis,binding-slot-call,ROM,static-abs.w,unknown,,1,jsr,,
bsc:ROM:F90B56:FF9380,$F90B56,ROM+0x10B56,mapped,ROM,$9380,$FF9380,$009380,HIGH-RAM-ALIAS-CANDIDATE,mirror-hypothesis,binding-slot-call,ROM,static-abs.w,unknown,,1,jsr,,
bsc:ROM:F90B7A:FF8644,$F90B7A,ROM+0x10B7A,mapped,ROM,$8644,$FF8644,$008644,HIGH-RAM-ALIAS-CANDIDATE,mirror-hypothesis,binding-slot-call,ROM,static-abs.w,unknown,,1,jmp,,
bsc:ROM:F90BA0:FF964A,$F90BA0,ROM+0x10BA0,mapped,ROM,$964A,$FF964A,$00964A,HIGH-RAM-ALIAS-CANDIDATE,mirror-hypothesis,binding-slot-call,ROM,static-abs.w,unknown,,1,jsr,,
bsc:ROM:F90BC4:FF95D2,$F90BC4,ROM+0x10BC4,mapped,ROM,$95D2,$FF95D2,$0095D2,HIGH-RAM-ALIAS-CANDIDATE,mirror-hypothesis,binding-slot-call,ROM,static-abs.w,unknown,,1,jsr,,
bsc:ROM:F90BD2:FF97A6,$F90BD2,ROM+0x10BD2,mapped,ROM,$97A6,$FF97A6,$0097A6,HIGH-RAM-ALIAS-CANDIDATE,mirror-hypothesis,binding-slot-call,ROM,static-abs.w,unknown,,1,jsr,,
bsc:ROM:F90BF2:FF9608,$F90BF2,ROM+0x10BF2,mapped,ROM,$9608,$FF9608,$009608,HIGH-RAM-ALIAS-CANDIDATE,mirror-hypothesis,binding-slot-call,ROM,static-abs.w,unknown,,1,jmp,,
bsc:ROM:F90BFE:FF97B2,$F90BFE,ROM+0x10BFE,mapped,ROM,$97B2,$FF97B2,$0097B2,HIGH-RAM-ALIAS-CANDIDATE,mirror-hypothesis,binding-slot-call,ROM,static-abs.w,unknown,,1,jsr,,
bsc:ROM:F90C0C:FF97D0,$F90C0C,ROM+0x10C0C,mapped,ROM,$97D0,$FF97D0,$0097D0,HIGH-RAM-ALIAS-CANDIDATE,mirror-hypothesis,binding-slot-call,ROM,static-abs.w,unknown,,1,jmp,,
bsc:ROM:F90D24:FF99AA,$F90D24,ROM+0x10D24,mapped,ROM,$99AA,$FF99AA,$0099AA,HIGH-RAM-ALIAS-CANDIDATE,mirror-hypothesis,binding-slot-call,ROM,static-abs.w,unknown,,1,jsr,,
bsc:ROM:F90D2C:FF913C,$F90D2C,ROM+0x10D2C,mapped,ROM,$913C,$FF913C,$00913C,HIGH-RAM-ALIAS-CANDIDATE,mirror-hypothesis,binding-slot-call,ROM,static-abs.w,unknown,,1,jsr,,
bsc:ROM:F90E12:FF969E,$F90E12,ROM+0x10E12,mapped,ROM,$969E,$FF969E,$00969E,HIGH-RAM-ALIAS-CANDIDATE,mirror-hypothesis,binding-slot-call,ROM,static-abs.w,unknown,,1,jmp,,
bsc:ROM:F90ECE:FF969E,$F90ECE,ROM+0x10ECE,mapped,ROM,$969E,$FF969E,$00969E,HIGH-RAM-ALIAS-CANDIDATE,mirror-hypothesis,binding-slot-call,ROM,static-abs.w,unknown,,1,jmp,,
bsc:ROM:F90EDE:FF969E,$F90EDE,ROM+0x10EDE,mapped,ROM,$969E,$FF969E,$00969E,HIGH-RAM-ALIAS-CANDIDATE,mirror-hypothesis,binding-slot-call,ROM,static-abs.w,unknown,,1,jmp,,
bsc:ROM:F90F06:FF969E,$F90F06,ROM+0x10F06,mapped,ROM,$969E,$FF969E,$00969E,HIGH-RAM-ALIAS-CANDIDATE,mirror-hypothesis,binding-slot-call,ROM,static-abs.w,unknown,,1,jmp,,
bsc:ROM:F910CC:FFA038,$F910CC,ROM+0x110CC,mapped,ROM,$A038,$FFA038,,HIGH-RAM,direct,binding-slot-call,ROM,static-abs.w,unknown,,1,jsr,,
bsc:ROM:F911AC:FF9602,$F911AC,ROM+0x111AC,mapped,ROM,$9602,$FF9602,$009602,HIGH-RAM-ALIAS-CANDIDATE,mirror-hypothesis,binding-slot-call,ROM,static-abs.w,unknown,,1,jsr,,
bsc:ROM:F911BA:FF9704,$F911BA,ROM+0x111BA,mapped,ROM,$9704,$FF9704,$009704,HIGH-RAM-ALIAS-CANDIDATE,mirror-hypothesis,binding-slot-call,ROM,static-abs.w,unknown,,1,jsr,,
bsc:ROM:F911EE:FF97CA,$F911EE,ROM+0x111EE,mapped,ROM,$97CA,$FF97CA,$0097CA,HIGH-RAM-ALIAS-CANDIDATE,mirror-hypothesis,binding-slot-call,ROM,static-abs.w,unknown,,1,jsr,,
bsc:ROM:F91206:FF9368,$F91206,ROM+0x11206,mapped,ROM,$9368,$FF9368,$009368,HIGH-RAM-ALIAS-CANDIDATE,mirror-hypothesis,binding-slot-call,ROM,static-abs.w,unknown,,1,jsr,,
bsc:ROM:F9126E:FF97E8,$F9126E,ROM+0x1126E,mapped,ROM,$97E8,$FF97E8,$0097E8,HIGH-RAM-ALIAS-CANDIDATE,mirror-hypothesis,binding-slot-call,ROM,static-abs.w,unknown,,1,jsr,,
bsc:ROM:F9127E:FF95A2,$F9127E,ROM+0x1127E,mapped,ROM,$95A2,$FF95A2,$0095A2,HIGH-RAM-ALIAS-CANDIDATE,mirror-hypothesis,binding-slot-call,ROM,static-abs.w,unknown,,1,jsr,,
bsc:ROM:F9132A:FF99FE,$F9132A,ROM+0x1132A,mapped,ROM,$99FE,$FF99FE,$0099FE,HIGH-RAM-ALIAS-CANDIDATE,mirror-hypothesis,binding-slot-call,ROM,static-abs.w,unknown,,1,jsr,,
bsc:ROM:F9136A:FF8CC8,$F9136A,ROM+0x1136A,mapped,ROM,$8CC8,$FF8CC8,$008CC8,HIGH-RAM-ALIAS-CANDIDATE,mirror-hypothesis,binding-slot-call,ROM,static-abs.w,unknown,,1,jsr,,
bsc:ROM:F9137A:FF94CC,$F9137A,ROM+0x1137A,mapped,ROM,$94CC,$FF94CC,$0094CC,HIGH-RAM-ALIAS-CANDIDATE,mirror-hypothesis,binding-slot-call,ROM,static-abs.w,unknown,,1,jsr,,
bsc:ROM:F913E0:FF9608,$F913E0,ROM+0x113E0,mapped,ROM,$9608,$FF9608,$009608,HIGH-RAM-ALIAS-CANDIDATE,mirror-hypothesis,binding-slot-call,ROM,static-abs.w,unknown,,1,jsr,,
bsc:ROM:F913F0:FF9602,$F913F0,ROM+0x113F0,mapped,ROM,$9602,$FF9602,$009602,HIGH-RAM-ALIAS-CANDIDATE,mirror-hypothesis,binding-slot-call,ROM,static-abs.w,unknown,,1,jsr,,
bsc:ROM:F91402:FF9602,$F91402,ROM+0x11402,mapped,ROM,$9602,$FF9602,$009602,HIGH-RAM-ALIAS-CANDIDATE,mirror-hypothesis,binding-slot-call,ROM,static-abs.w,unknown,,1,jsr,,
bsc:ROM:F91412:FF9728,$F91412,ROM+0x11412,mapped,ROM,$9728,$FF9728,$009728,HIGH-RAM-ALIAS-CANDIDATE,mirror-hypothesis,binding-slot-call,ROM,static-abs.w,unknown,,1,jmp,,
bsc:ROM:F9142E:FF9716,$F9142E,ROM+0x1142E,mapped,ROM,$9716,$FF9716,$009716,HIGH-RAM-ALIAS-CANDIDATE,mirror-hypothesis,binding-slot-call,ROM,static-abs.w,unknown,,1,jmp,,
bsc:ROM:F91432:FF9722,$F91432,ROM+0x11432,mapped,ROM,$9722,$FF9722,$009722,HIGH-RAM-ALIAS-CANDIDATE,mirror-hypothesis,binding-slot-call,ROM,static-abs.w,unknown,,1,jsr,,
bsc:ROM:F9143E:FF913C,$F9143E,ROM+0x1143E,mapped,ROM,$913C,$FF913C,$00913C,HIGH-RAM-ALIAS-CANDIDATE,mirror-hypothesis,binding-slot-call,ROM,static-abs.w,unknown,,1,jsr,,
bsc:ROM:F91484:FF9812,$F91484,ROM+0x11484,mapped,ROM,$9812,$FF9812,$009812,HIGH-RAM-ALIAS-CANDIDATE,mirror-hypothesis,binding-slot-call,ROM,static-abs.w,unknown,,1,jsr,,
bsc:ROM:F9148C:FF980C,$F9148C,ROM+0x1148C,mapped,ROM,$980C,$FF980C,$00980C,HIGH-RAM-ALIAS-CANDIDATE,mirror-hypothesis,binding-slot-call,ROM,static-abs.w,unknown,,1,jsr,,
bsc:ROM:F91492:FF913C,$F91492,ROM+0x11492,mapped,ROM,$913C,$FF913C,$00913C,HIGH-RAM-ALIAS-CANDIDATE,mirror-hypothesis,binding-slot-call,ROM,static-abs.w,unknown,,1,jsr,,
bsc:ROM:F914AE:FF9710,$F914AE,ROM+0x114AE,mapped,ROM,$9710,$FF9710,$009710,HIGH-RAM-ALIAS-CANDIDATE,mirror-hypothesis,binding-slot-call,ROM,static-abs.w,unknown,,1,jsr,,
bsc:ROM:F914B2:FF95FC,$F914B2,ROM+0x114B2,mapped,ROM,$95FC,$FF95FC,$0095FC,HIGH-RAM-ALIAS-CANDIDATE,mirror-hypothesis,binding-slot-call,ROM,static-abs.w,unknown,,1,jmp,,
bsc:ROM:F9150A:FF95A8,$F9150A,ROM+0x1150A,mapped,ROM,$95A8,$FF95A8,$0095A8,HIGH-RAM-ALIAS-CANDIDATE,mirror-hypothesis,binding-slot-call,ROM,static-abs.w,unknown,,1,jsr,,
bsc:ROM:F9150E:FF95AE,$F9150E,ROM+0x1150E,mapped,ROM,$95AE,$FF95AE,$0095AE,HIGH-RAM-ALIAS-CANDIDATE,mirror-hypothesis,binding-slot-call,ROM,static-abs.w,unknown,,1,jsr,,
bsc:ROM:F915A4:FF95A2,$F915A4,ROM+0x115A4,mapped,ROM,$95A2,$FF95A2,$0095A2,HIGH-RAM-ALIAS-CANDIDATE,mirror-hypothesis,binding-slot-call,ROM,static-abs.w,unknown,,1,jsr,,
bsc:ROM:F9166C:FF9716,$F9166C,ROM+0x1166C,mapped,ROM,$9716,$FF9716,$009716,HIGH-RAM-ALIAS-CANDIDATE,mirror-hypothesis,binding-slot-call,ROM,static-abs.w,unknown,,1,jmp,,
bsc:ROM:F916CA:FF8978,$F916CA,ROM+0x116CA,mapped,ROM,$8978,$FF8978,$008978,HIGH-RAM-ALIAS-CANDIDATE,mirror-hypothesis,binding-slot-call,ROM,static-abs.w,unknown,,1,jmp,,
bsc:ROM:F916EE:FF8972,$F916EE,ROM+0x116EE,mapped,ROM,$8972,$FF8972,$008972,HIGH-RAM-ALIAS-CANDIDATE,mirror-hypothesis,binding-slot-call,ROM,static-abs.w,unknown,,1,jsr,,
bsc:ROM:F916F2:FF8984,$F916F2,ROM+0x116F2,mapped,ROM,$8984,$FF8984,$008984,HIGH-RAM-ALIAS-CANDIDATE,mirror-hypothesis,binding-slot-call,ROM,static-abs.w,unknown,,1,jsr,,
bsc:ROM:F9179C:FF9728,$F9179C,ROM+0x1179C,mapped,ROM,$9728,$FF9728,$009728,HIGH-RAM-ALIAS-CANDIDATE,mirror-hypothesis,binding-slot-call,ROM,static-abs.w,unknown,,1,jsr,,
bsc:ROM:F917BA:FF975E,$F917BA,ROM+0x117BA,mapped,ROM,$975E,$FF975E,$00975E,HIGH-RAM-ALIAS-CANDIDATE,mirror-hypothesis,binding-slot-call,ROM,static-abs.w,unknown,,1,jsr,,
bsc:ROM:F917C6:FF978E,$F917C6,ROM+0x117C6,mapped,ROM,$978E,$FF978E,$00978E,HIGH-RAM-ALIAS-CANDIDATE,mirror-hypothesis,binding-slot-call,ROM,static-abs.w,unknown,,1,jsr,,
bsc:ROM:F917F6:FF9758,$F917F6,ROM+0x117F6,mapped,ROM,$9758,$FF9758,$009758,HIGH-RAM-ALIAS-CANDIDATE,mirror-hypothesis,binding-slot-call,ROM,static-abs.w,unknown,,1,jsr,,
bsc:ROM:F917FA:FF9764,$F917FA,ROM+0x117FA,mapped,ROM,$9764,$FF9764,$009764,HIGH-RAM-ALIAS-CANDIDATE,mirror-hypothesis,binding-slot-call,ROM,static-abs.w,unknown,,1,jsr,,
bsc:ROM:F917FE:FF911E,$F917FE,ROM+0x117FE,mapped,ROM,$911E,$FF911E,$00911E,HIGH-RAM-ALIAS-CANDIDATE,mirror-hypothesis,binding-slot-call,ROM,static-abs.w,unknown,,1,jmp,,
bsc:ROM:F9180C:FF974C,$F9180C,ROM+0x1180C,mapped,ROM,$974C,$FF974C,$00974C,HIGH-RAM-ALIAS-CANDIDATE,mirror-hypothesis,binding-slot-call,ROM,static-abs.w,unknown,,1,jmp,,
bsc:ROM:F91816:FF911E,$F91816,ROM+0x11816,mapped,ROM,$911E,$FF911E,$00911E,HIGH-RAM-ALIAS-CANDIDATE,mirror-hypothesis,binding-slot-call,ROM,static-abs.w,unknown,,1,jsr,,
bsc:ROM:F91882:FF913C,$F91882,ROM+0x11882,mapped,ROM,$913C,$FF913C,$00913C,HIGH-RAM-ALIAS-CANDIDATE,mirror-hypothesis,binding-slot-call,ROM,static-abs.w,unknown,,1,jsr,,
bsc:ROM:F9188C:FF978E,$F9188C,ROM+0x1188C,mapped,ROM,$978E,$FF978E,$00978E,HIGH-RAM-ALIAS-CANDIDATE,mirror-hypothesis,binding-slot-call,ROM,static-abs.w,unknown,,1,jsr,,
bsc:ROM:F91894:FF9740,$F91894,ROM+0x11894,mapped,ROM,$9740,$FF9740,$009740,HIGH-RAM-ALIAS-CANDIDATE,mirror-hypothesis,binding-slot-call,ROM,static-abs.w,unknown,,1,jsr,,
bsc:ROM:F91898:FF978E,$F91898,ROM+0x11898,mapped,ROM,$978E,$FF978E,$00978E,HIGH-RAM-ALIAS-CANDIDATE,mirror-hypothesis,binding-slot-call,ROM,static-abs.w,unknown,,1,jsr,,
bsc:ROM:F918EC:FF949C,$F918EC,ROM+0x118EC,mapped,ROM,$949C,$FF949C,$00949C,HIGH-RAM-ALIAS-CANDIDATE,mirror-hypothesis,binding-slot-call,ROM,static-abs.w,unknown,,1,jsr,,
bsc:ROM:F91908:FF94FC,$F91908,ROM+0x11908,mapped,ROM,$94FC,$FF94FC,$0094FC,HIGH-RAM-ALIAS-CANDIDATE,mirror-hypothesis,binding-slot-call,ROM,static-abs.w,unknown,,1,jmp,,
bsc:ROM:F91910:FF8CC8,$F91910,ROM+0x11910,mapped,ROM,$8CC8,$FF8CC8,$008CC8,HIGH-RAM-ALIAS-CANDIDATE,mirror-hypothesis,binding-slot-call,ROM,static-abs.w,unknown,,1,jsr,,
bsc:ROM:F91916:FF950E,$F91916,ROM+0x11916,mapped,ROM,$950E,$FF950E,$00950E,HIGH-RAM-ALIAS-CANDIDATE,mirror-hypothesis,binding-slot-call,ROM,static-abs.w,unknown,,1,jmp,,
bsc:ROM:F91950:FF976A,$F91950,ROM+0x11950,mapped,ROM,$976A,$FF976A,$00976A,HIGH-RAM-ALIAS-CANDIDATE,mirror-hypothesis,binding-slot-call,ROM,static-abs.w,unknown,,1,jsr,,
bsc:ROM:F9199E:FF977C,$F9199E,ROM+0x1199E,mapped,ROM,$977C,$FF977C,$00977C,HIGH-RAM-ALIAS-CANDIDATE,mirror-hypothesis,binding-slot-call,ROM,static-abs.w,unknown,,1,jsr,,
bsc:ROM:F919A8:FF9716,$F919A8,ROM+0x119A8,mapped,ROM,$9716,$FF9716,$009716,HIGH-RAM-ALIAS-CANDIDATE,mirror-hypothesis,binding-slot-call,ROM,static-abs.w,unknown,,1,jsr,,
bsc:ROM:F919C8:FF9776,$F919C8,ROM+0x119C8,mapped,ROM,$9776,$FF9776,$009776,HIGH-RAM-ALIAS-CANDIDATE,mirror-hypothesis,binding-slot-call,ROM,static-abs.w,unknown,,1,jsr,,
bsc:ROM:F919F8:FF913C,$F919F8,ROM+0x119F8,mapped,ROM,$913C,$FF913C,$00913C,HIGH-RAM-ALIAS-CANDIDATE,mirror-hypothesis,binding-slot-call,ROM,static-abs.w,unknown,,1,jsr,,
bsc:ROM:F91A50:FF979A,$F91A50,ROM+0x11A50,mapped,ROM,$979A,$FF979A,$00979A,HIGH-RAM-ALIAS-CANDIDATE,mirror-hypothesis,binding-slot-call,ROM,static-abs.w,unknown,,1,jsr,,
bsc:ROM:F91A58:FF951A,$F91A58,ROM+0x11A58,mapped,ROM,$951A,$FF951A,$00951A,HIGH-RAM-ALIAS-CANDIDATE,mirror-hypothesis,binding-slot-call,ROM,static-abs.w,unknown,,1,jsr,,
bsc:ROM:F91A68:FF949C,$F91A68,ROM+0x11A68,mapped,ROM,$949C,$FF949C,$00949C,HIGH-RAM-ALIAS-CANDIDATE,mirror-hypothesis,binding-slot-call,ROM,static-abs.w,unknown,,1,jsr,,
bsc:ROM:F91A78:FF97E8,$F91A78,ROM+0x11A78,mapped,ROM,$97E8,$FF97E8,$0097E8,HIGH-RAM-ALIAS-CANDIDATE,mirror-hypothesis,binding-slot-call,ROM,static-abs.w,unknown,,1,jsr,,
bsc:ROM:F91A82:FF913C,$F91A82,ROM+0x11A82,mapped,ROM,$913C,$FF913C,$00913C,HIGH-RAM-ALIAS-CANDIDATE,mirror-hypothesis,binding-slot-call,ROM,static-abs.w,unknown,,1,jsr,,
bsc:ROM:F91ABA:FF9776,$F91ABA,ROM+0x11ABA,mapped,ROM,$9776,$FF9776,$009776,HIGH-RAM-ALIAS-CANDIDATE,mirror-hypothesis,binding-slot-call,ROM,static-abs.w,unknown,,1,jsr,,
bsc:ROM:F91ADA:FF95F6,$F91ADA,ROM+0x11ADA,mapped,ROM,$95F6,$FF95F6,$0095F6,HIGH-RAM-ALIAS-CANDIDATE,mirror-hypothesis,binding-slot-call,ROM,static-abs.w,unknown,,1,jmp,,
bsc:ROM:F91B00:FF9782,$F91B00,ROM+0x11B00,mapped,ROM,$9782,$FF9782,$009782,HIGH-RAM-ALIAS-CANDIDATE,mirror-hypothesis,binding-slot-call,ROM,static-abs.w,unknown,,1,jsr,,
bsc:ROM:F91B4E:FF9716,$F91B4E,ROM+0x11B4E,mapped,ROM,$9716,$FF9716,$009716,HIGH-RAM-ALIAS-CANDIDATE,mirror-hypothesis,binding-slot-call,ROM,static-abs.w,unknown,,1,jsr,,
bsc:ROM:F91B56:FF95D2,$F91B56,ROM+0x11B56,mapped,ROM,$95D2,$FF95D2,$0095D2,HIGH-RAM-ALIAS-CANDIDATE,mirror-hypothesis,binding-slot-call,ROM,static-abs.w,unknown,,1,jsr,,
bsc:ROM:F91BD4:FF9716,$F91BD4,ROM+0x11BD4,mapped,ROM,$9716,$FF9716,$009716,HIGH-RAM-ALIAS-CANDIDATE,mirror-hypothesis,binding-slot-call,ROM,static-abs.w,unknown,,1,jsr,,
bsc:ROM:F91BE8:FF8CC8,$F91BE8,ROM+0x11BE8,mapped,ROM,$8CC8,$FF8CC8,$008CC8,HIGH-RAM-ALIAS-CANDIDATE,mirror-hypothesis,binding-slot-call,ROM,static-abs.w,unknown,,1,jsr,,
bsc:ROM:F91C5E:FF9716,$F91C5E,ROM+0x11C5E,mapped,ROM,$9716,$FF9716,$009716,HIGH-RAM-ALIAS-CANDIDATE,mirror-hypothesis,binding-slot-call,ROM,static-abs.w,unknown,,1,jsr,,
bsc:ROM:F91CD2:FF8CC8,$F91CD2,ROM+0x11CD2,mapped,ROM,$8CC8,$FF8CC8,$008CC8,HIGH-RAM-ALIAS-CANDIDATE,mirror-hypothesis,binding-slot-call,ROM,static-abs.w,unknown,,1,jsr,,
bsc:ROM:F91CFA:FF8CC8,$F91CFA,ROM+0x11CFA,mapped,ROM,$8CC8,$FF8CC8,$008CC8,HIGH-RAM-ALIAS-CANDIDATE,mirror-hypothesis,binding-slot-call,ROM,static-abs.w,unknown,,1,jsr,,
bsc:ROM:F91D3A:FF9716,$F91D3A,ROM+0x11D3A,mapped,ROM,$9716,$FF9716,$009716,HIGH-RAM-ALIAS-CANDIDATE,mirror-hypothesis,binding-slot-call,ROM,static-abs.w,unknown,,1,jsr,,
bsc:ROM:F91D4A:FF8CC8,$F91D4A,ROM+0x11D4A,mapped,ROM,$8CC8,$FF8CC8,$008CC8,HIGH-RAM-ALIAS-CANDIDATE,mirror-hypothesis,binding-slot-call,ROM,static-abs.w,unknown,,1,jsr,,
bsc:ROM:F91D84:FF976A,$F91D84,ROM+0x11D84,mapped,ROM,$976A,$FF976A,$00976A,HIGH-RAM-ALIAS-CANDIDATE,mirror-hypothesis,binding-slot-call,ROM,static-abs.w,unknown,,1,jsr,,
bsc:ROM:F91D8C:FF8CC8,$F91D8C,ROM+0x11D8C,mapped,ROM,$8CC8,$FF8CC8,$008CC8,HIGH-RAM-ALIAS-CANDIDATE,mirror-hypothesis,binding-slot-call,ROM,static-abs.w,unknown,,1,jsr,,
bsc:ROM:F91DA0:FF9746,$F91DA0,ROM+0x11DA0,mapped,ROM,$9746,$FF9746,$009746,HIGH-RAM-ALIAS-CANDIDATE,mirror-hypothesis,binding-slot-call,ROM,static-abs.w,unknown,,1,jsr,,
bsc:ROM:F91DA4:FF9710,$F91DA4,ROM+0x11DA4,mapped,ROM,$9710,$FF9710,$009710,HIGH-RAM-ALIAS-CANDIDATE,mirror-hypothesis,binding-slot-call,ROM,static-abs.w,unknown,,1,jsr,,
bsc:ROM:F91DA8:FF95D8,$F91DA8,ROM+0x11DA8,mapped,ROM,$95D8,$FF95D8,$0095D8,HIGH-RAM-ALIAS-CANDIDATE,mirror-hypothesis,binding-slot-call,ROM,static-abs.w,unknown,,1,jmp,,
bsc:ROM:F91EFA:FF970A,$F91EFA,ROM+0x11EFA,mapped,ROM,$970A,$FF970A,$00970A,HIGH-RAM-ALIAS-CANDIDATE,mirror-hypothesis,binding-slot-call,ROM,static-abs.w,unknown,,1,jmp,,
bsc:ROM:F91F18:FF977C,$F91F18,ROM+0x11F18,mapped,ROM,$977C,$FF977C,$00977C,HIGH-RAM-ALIAS-CANDIDATE,mirror-hypothesis,binding-slot-call,ROM,static-abs.w,unknown,,1,jsr,,
bsc:ROM:F91F44:FF977C,$F91F44,ROM+0x11F44,mapped,ROM,$977C,$FF977C,$00977C,HIGH-RAM-ALIAS-CANDIDATE,mirror-hypothesis,binding-slot-call,ROM,static-abs.w,unknown,,1,jsr,,
bsc:ROM:F91F7C:FF9716,$F91F7C,ROM+0x11F7C,mapped,ROM,$9716,$FF9716,$009716,HIGH-RAM-ALIAS-CANDIDATE,mirror-hypothesis,binding-slot-call,ROM,static-abs.w,unknown,,1,jsr,,
bsc:ROM:F91FE4:FF9776,$F91FE4,ROM+0x11FE4,mapped,ROM,$9776,$FF9776,$009776,HIGH-RAM-ALIAS-CANDIDATE,mirror-hypothesis,binding-slot-call,ROM,static-abs.w,unknown,,1,jsr,,
bsc:ROM:F92038:FF913C,$F92038,ROM+0x12038,mapped,ROM,$913C,$FF913C,$00913C,HIGH-RAM-ALIAS-CANDIDATE,mirror-hypothesis,binding-slot-call,ROM,static-abs.w,unknown,,1,jsr,,
bsc:ROM:F92070:FF9728,$F92070,ROM+0x12070,mapped,ROM,$9728,$FF9728,$009728,HIGH-RAM-ALIAS-CANDIDATE,mirror-hypothesis,binding-slot-call,ROM,static-abs.w,unknown,,1,jsr,,
bsc:ROM:F92094:FF9386,$F92094,ROM+0x12094,mapped,ROM,$9386,$FF9386,$009386,HIGH-RAM-ALIAS-CANDIDATE,mirror-hypothesis,binding-slot-call,ROM,static-abs.w,unknown,,1,jsr,,
bsc:ROM:F92098:FF9716,$F92098,ROM+0x12098,mapped,ROM,$9716,$FF9716,$009716,HIGH-RAM-ALIAS-CANDIDATE,mirror-hypothesis,binding-slot-call,ROM,static-abs.w,unknown,,1,jsr,,
bsc:ROM:F920D6:FF97BE,$F920D6,ROM+0x120D6,mapped,ROM,$97BE,$FF97BE,$0097BE,HIGH-RAM-ALIAS-CANDIDATE,mirror-hypothesis,binding-slot-call,ROM,static-abs.w,unknown,,1,jsr,,
bsc:ROM:F920F6:FF97AC,$F920F6,ROM+0x120F6,mapped,ROM,$97AC,$FF97AC,$0097AC,HIGH-RAM-ALIAS-CANDIDATE,mirror-hypothesis,binding-slot-call,ROM,static-abs.w,unknown,,1,jsr,,
bsc:ROM:F9221E:FF9818,$F9221E,ROM+0x1221E,mapped,ROM,$9818,$FF9818,$009818,HIGH-RAM-ALIAS-CANDIDATE,mirror-hypothesis,binding-slot-call,ROM,static-abs.w,unknown,,1,jsr,,
bsc:ROM:F92226:FF980C,$F92226,ROM+0x12226,mapped,ROM,$980C,$FF980C,$00980C,HIGH-RAM-ALIAS-CANDIDATE,mirror-hypothesis,binding-slot-call,ROM,static-abs.w,unknown,,1,jsr,,
bsc:ROM:F9224A:FF97EE,$F9224A,ROM+0x1224A,mapped,ROM,$97EE,$FF97EE,$0097EE,HIGH-RAM-ALIAS-CANDIDATE,mirror-hypothesis,binding-slot-call,ROM,static-abs.w,unknown,,1,jsr,,
bsc:ROM:F92256:FF9818,$F92256,ROM+0x12256,mapped,ROM,$9818,$FF9818,$009818,HIGH-RAM-ALIAS-CANDIDATE,mirror-hypothesis,binding-slot-call,ROM,static-abs.w,unknown,,1,jsr,,
bsc:ROM:F9226E:FF97FA,$F9226E,ROM+0x1226E,mapped,ROM,$97FA,$FF97FA,$0097FA,HIGH-RAM-ALIAS-CANDIDATE,mirror-hypothesis,binding-slot-call,ROM,static-abs.w,unknown,,1,jsr,,
bsc:ROM:F92276:FF97CA,$F92276,ROM+0x12276,mapped,ROM,$97CA,$FF97CA,$0097CA,HIGH-RAM-ALIAS-CANDIDATE,mirror-hypothesis,binding-slot-call,ROM,static-abs.w,unknown,,1,jsr,,
bsc:ROM:F9227E:FF9842,$F9227E,ROM+0x1227E,mapped,ROM,$9842,$FF9842,$009842,HIGH-RAM-ALIAS-CANDIDATE,mirror-hypothesis,binding-slot-call,ROM,static-abs.w,unknown,,1,jsr,,
bsc:ROM:F92282:FF9A04,$F92282,ROM+0x12282,mapped,ROM,$9A04,$FF9A04,$009A04,HIGH-RAM-ALIAS-CANDIDATE,mirror-hypothesis,binding-slot-call,ROM,static-abs.w,unknown,,1,jsr,,
bsc:ROM:F92292:FF9818,$F92292,ROM+0x12292,mapped,ROM,$9818,$FF9818,$009818,HIGH-RAM-ALIAS-CANDIDATE,mirror-hypothesis,binding-slot-call,ROM,static-abs.w,unknown,,1,jsr,,
bsc:ROM:F922E2:FF97CA,$F922E2,ROM+0x122E2,mapped,ROM,$97CA,$FF97CA,$0097CA,HIGH-RAM-ALIAS-CANDIDATE,mirror-hypothesis,binding-slot-call,ROM,static-abs.w,unknown,,1,jsr,,
bsc:ROM:F922E6:FF97AC,$F922E6,ROM+0x122E6,mapped,ROM,$97AC,$FF97AC,$0097AC,HIGH-RAM-ALIAS-CANDIDATE,mirror-hypothesis,binding-slot-call,ROM,static-abs.w,unknown,,1,jsr,,
bsc:ROM:F922EE:FF981E,$F922EE,ROM+0x122EE,mapped,ROM,$981E,$FF981E,$00981E,HIGH-RAM-ALIAS-CANDIDATE,mirror-hypothesis,binding-slot-call,ROM,static-abs.w,unknown,,1,jsr,,
bsc:ROM:F922F2:FF9944,$F922F2,ROM+0x122F2,mapped,ROM,$9944,$FF9944,$009944,HIGH-RAM-ALIAS-CANDIDATE,mirror-hypothesis,binding-slot-call,ROM,static-abs.w,unknown,,1,jsr,,
bsc:ROM:F922F6:FF94E4,$F922F6,ROM+0x122F6,mapped,ROM,$94E4,$FF94E4,$0094E4,HIGH-RAM-ALIAS-CANDIDATE,mirror-hypothesis,binding-slot-call,ROM,static-abs.w,unknown,,1,jsr,,
bsc:ROM:F92300:FF9812,$F92300,ROM+0x12300,mapped,ROM,$9812,$FF9812,$009812,HIGH-RAM-ALIAS-CANDIDATE,mirror-hypothesis,binding-slot-call,ROM,static-abs.w,unknown,,1,jsr,,
bsc:ROM:F92326:FF99C8,$F92326,ROM+0x12326,mapped,ROM,$99C8,$FF99C8,$0099C8,HIGH-RAM-ALIAS-CANDIDATE,mirror-hypothesis,binding-slot-call,ROM,static-abs.w,unknown,,1,jsr,,
bsc:ROM:F9234C:FF9818,$F9234C,ROM+0x1234C,mapped,ROM,$9818,$FF9818,$009818,HIGH-RAM-ALIAS-CANDIDATE,mirror-hypothesis,binding-slot-call,ROM,static-abs.w,unknown,,1,jsr,,
bsc:ROM:F92354:FF9938,$F92354,ROM+0x12354,mapped,ROM,$9938,$FF9938,$009938,HIGH-RAM-ALIAS-CANDIDATE,mirror-hypothesis,binding-slot-call,ROM,static-abs.w,unknown,,1,jsr,,
bsc:ROM:F9235C:FF9836,$F9235C,ROM+0x1235C,mapped,ROM,$9836,$FF9836,$009836,HIGH-RAM-ALIAS-CANDIDATE,mirror-hypothesis,binding-slot-call,ROM,static-abs.w,unknown,,1,jsr,,
bsc:ROM:F92368:FF9160,$F92368,ROM+0x12368,mapped,ROM,$9160,$FF9160,$009160,HIGH-RAM-ALIAS-CANDIDATE,mirror-hypothesis,binding-slot-call,ROM,static-abs.w,unknown,,1,jsr,,
bsc:ROM:F9236E:FF9136,$F9236E,ROM+0x1236E,mapped,ROM,$9136,$FF9136,$009136,HIGH-RAM-ALIAS-CANDIDATE,mirror-hypothesis,binding-slot-call,ROM,static-abs.w,unknown,,1,jsr,,
bsc:ROM:F92372:FF9830,$F92372,ROM+0x12372,mapped,ROM,$9830,$FF9830,$009830,HIGH-RAM-ALIAS-CANDIDATE,mirror-hypothesis,binding-slot-call,ROM,static-abs.w,unknown,,1,jsr,,
bsc:ROM:F9238E:FF9818,$F9238E,ROM+0x1238E,mapped,ROM,$9818,$FF9818,$009818,HIGH-RAM-ALIAS-CANDIDATE,mirror-hypothesis,binding-slot-call,ROM,static-abs.w,unknown,,1,jsr,,
bsc:ROM:F923A8:FF982A,$F923A8,ROM+0x123A8,mapped,ROM,$982A,$FF982A,$00982A,HIGH-RAM-ALIAS-CANDIDATE,mirror-hypothesis,binding-slot-call,ROM,static-abs.w,unknown,,1,jsr,,
bsc:ROM:F923AE:FF9818,$F923AE,ROM+0x123AE,mapped,ROM,$9818,$FF9818,$009818,HIGH-RAM-ALIAS-CANDIDATE,mirror-hypothesis,binding-slot-call,ROM,static-abs.w,unknown,,1,jsr,,
bsc:ROM:F923DA:FF9818,$F923DA,ROM+0x123DA,mapped,ROM,$9818,$FF9818,$009818,HIGH-RAM-ALIAS-CANDIDATE,mirror-hypothesis,binding-slot-call,ROM,static-abs.w,unknown,,1,jsr,,
bsc:ROM:F92474:FF9818,$F92474,ROM+0x12474,mapped,ROM,$9818,$FF9818,$009818,HIGH-RAM-ALIAS-CANDIDATE,mirror-hypothesis,binding-slot-call,ROM,static-abs.w,unknown,,1,jmp,,
bsc:ROM:F924BC:FF983C,$F924BC,ROM+0x124BC,mapped,ROM,$983C,$FF983C,$00983C,HIGH-RAM-ALIAS-CANDIDATE,mirror-hypothesis,binding-slot-call,ROM,static-abs.w,unknown,,1,jsr,,
bsc:ROM:F924D8:FF9836,$F924D8,ROM+0x124D8,mapped,ROM,$9836,$FF9836,$009836,HIGH-RAM-ALIAS-CANDIDATE,mirror-hypothesis,binding-slot-call,ROM,static-abs.w,unknown,,1,jsr,,
bsc:ROM:F924F2:FF9842,$F924F2,ROM+0x124F2,mapped,ROM,$9842,$FF9842,$009842,HIGH-RAM-ALIAS-CANDIDATE,mirror-hypothesis,binding-slot-call,ROM,static-abs.w,unknown,,1,jsr,,
bsc:ROM:F92520:FF9818,$F92520,ROM+0x12520,mapped,ROM,$9818,$FF9818,$009818,HIGH-RAM-ALIAS-CANDIDATE,mirror-hypothesis,binding-slot-call,ROM,static-abs.w,unknown,,1,jsr,,
bsc:ROM:F9252A:FF8CC8,$F9252A,ROM+0x1252A,mapped,ROM,$8CC8,$FF8CC8,$008CC8,HIGH-RAM-ALIAS-CANDIDATE,mirror-hypothesis,binding-slot-call,ROM,static-abs.w,unknown,,1,jsr,,
bsc:ROM:F92532:FF980C,$F92532,ROM+0x12532,mapped,ROM,$980C,$FF980C,$00980C,HIGH-RAM-ALIAS-CANDIDATE,mirror-hypothesis,binding-slot-call,ROM,static-abs.w,unknown,,1,jsr,,
bsc:ROM:F92540:FF97A0,$F92540,ROM+0x12540,mapped,ROM,$97A0,$FF97A0,$0097A0,HIGH-RAM-ALIAS-CANDIDATE,mirror-hypothesis,binding-slot-call,ROM,static-abs.w,unknown,,1,jsr,,
bsc:ROM:F9260E:FF994A,$F9260E,ROM+0x1260E,mapped,ROM,$994A,$FF994A,$00994A,HIGH-RAM-ALIAS-CANDIDATE,mirror-hypothesis,binding-slot-call,ROM,static-abs.w,unknown,,1,jsr,,
bsc:ROM:F92612:FF9860,$F92612,ROM+0x12612,mapped,ROM,$9860,$FF9860,$009860,HIGH-RAM-ALIAS-CANDIDATE,mirror-hypothesis,binding-slot-call,ROM,static-abs.w,unknown,,1,jmp,,
bsc:ROM:F92618:FF9860,$F92618,ROM+0x12618,mapped,ROM,$9860,$FF9860,$009860,HIGH-RAM-ALIAS-CANDIDATE,mirror-hypothesis,binding-slot-call,ROM,static-abs.w,unknown,,1,jmp,,
bsc:ROM:F92620:FF9B04,$F92620,ROM+0x12620,mapped,ROM,$9B04,$FF9B04,$009B04,HIGH-RAM-ALIAS-CANDIDATE,mirror-hypothesis,binding-slot-call,ROM,static-abs.w,unknown,,1,jsr,,
bsc:ROM:F92634:FF9854,$F92634,ROM+0x12634,mapped,ROM,$9854,$FF9854,$009854,HIGH-RAM-ALIAS-CANDIDATE,mirror-hypothesis,binding-slot-call,ROM,static-abs.w,unknown,,1,jsr,,
bsc:ROM:F9266C:FF9818,$F9266C,ROM+0x1266C,mapped,ROM,$9818,$FF9818,$009818,HIGH-RAM-ALIAS-CANDIDATE,mirror-hypothesis,binding-slot-call,ROM,static-abs.w,unknown,,1,jsr,,
bsc:ROM:F92678:FF9878,$F92678,ROM+0x12678,mapped,ROM,$9878,$FF9878,$009878,HIGH-RAM-ALIAS-CANDIDATE,mirror-hypothesis,binding-slot-call,ROM,static-abs.w,unknown,,1,jsr,,
bsc:ROM:F92680:FF9866,$F92680,ROM+0x12680,mapped,ROM,$9866,$FF9866,$009866,HIGH-RAM-ALIAS-CANDIDATE,mirror-hypothesis,binding-slot-call,ROM,static-abs.w,unknown,,1,jmp,,
bsc:ROM:F92718:FF9950,$F92718,ROM+0x12718,mapped,ROM,$9950,$FF9950,$009950,HIGH-RAM-ALIAS-CANDIDATE,mirror-hypothesis,binding-slot-call,ROM,static-abs.w,unknown,,1,jsr,,
bsc:ROM:F9271E:FF985A,$F9271E,ROM+0x1271E,mapped,ROM,$985A,$FF985A,$00985A,HIGH-RAM-ALIAS-CANDIDATE,mirror-hypothesis,binding-slot-call,ROM,static-abs.w,unknown,,1,jsr,,
bsc:ROM:F92740:FF8996,$F92740,ROM+0x12740,mapped,ROM,$8996,$FF8996,$008996,HIGH-RAM-ALIAS-CANDIDATE,mirror-hypothesis,binding-slot-call,ROM,static-abs.w,unknown,,1,jsr,,
bsc:ROM:F9275A:FF985A,$F9275A,ROM+0x1275A,mapped,ROM,$985A,$FF985A,$00985A,HIGH-RAM-ALIAS-CANDIDATE,mirror-hypothesis,binding-slot-call,ROM,static-abs.w,unknown,,1,jsr,,
bsc:ROM:F92760:FF95A8,$F92760,ROM+0x12760,mapped,ROM,$95A8,$FF95A8,$0095A8,HIGH-RAM-ALIAS-CANDIDATE,mirror-hypothesis,binding-slot-call,ROM,static-abs.w,unknown,,1,jsr,,
bsc:ROM:F92764:FF95AE,$F92764,ROM+0x12764,mapped,ROM,$95AE,$FF95AE,$0095AE,HIGH-RAM-ALIAS-CANDIDATE,mirror-hypothesis,binding-slot-call,ROM,static-abs.w,unknown,,1,jsr,,
bsc:ROM:F92776:FF97EE,$F92776,ROM+0x12776,mapped,ROM,$97EE,$FF97EE,$0097EE,HIGH-RAM-ALIAS-CANDIDATE,mirror-hypothesis,binding-slot-call,ROM,static-abs.w,unknown,,1,jsr,,
bsc:ROM:F927A0:FF987E,$F927A0,ROM+0x127A0,mapped,ROM,$987E,$FF987E,$00987E,HIGH-RAM-ALIAS-CANDIDATE,mirror-hypothesis,binding-slot-call,ROM,static-abs.w,unknown,,1,jsr,,
bsc:ROM:F927A8:FF9872,$F927A8,ROM+0x127A8,mapped,ROM,$9872,$FF9872,$009872,HIGH-RAM-ALIAS-CANDIDATE,mirror-hypothesis,binding-slot-call,ROM,static-abs.w,unknown,,1,jsr,,
bsc:ROM:F927BE:FF986C,$F927BE,ROM+0x127BE,mapped,ROM,$986C,$FF986C,$00986C,HIGH-RAM-ALIAS-CANDIDATE,mirror-hypothesis,binding-slot-call,ROM,static-abs.w,unknown,,1,jsr,,
bsc:ROM:F927CA:FF982A,$F927CA,ROM+0x127CA,mapped,ROM,$982A,$FF982A,$00982A,HIGH-RAM-ALIAS-CANDIDATE,mirror-hypothesis,binding-slot-call,ROM,static-abs.w,unknown,,1,jsr,,
bsc:ROM:F927EA:FF97F4,$F927EA,ROM+0x127EA,mapped,ROM,$97F4,$FF97F4,$0097F4,HIGH-RAM-ALIAS-CANDIDATE,mirror-hypothesis,binding-slot-call,ROM,static-abs.w,unknown,,1,jsr,,
bsc:ROM:F927F2:FF95A2,$F927F2,ROM+0x127F2,mapped,ROM,$95A2,$FF95A2,$0095A2,HIGH-RAM-ALIAS-CANDIDATE,mirror-hypothesis,binding-slot-call,ROM,static-abs.w,unknown,,1,jmp,,
bsc:ROM:F927F6:FF97EE,$F927F6,ROM+0x127F6,mapped,ROM,$97EE,$FF97EE,$0097EE,HIGH-RAM-ALIAS-CANDIDATE,mirror-hypothesis,binding-slot-call,ROM,static-abs.w,unknown,,1,jsr,,
bsc:ROM:F92804:FF9818,$F92804,ROM+0x12804,mapped,ROM,$9818,$FF9818,$009818,HIGH-RAM-ALIAS-CANDIDATE,mirror-hypothesis,binding-slot-call,ROM,static-abs.w,unknown,,1,jsr,,
bsc:ROM:F9280C:FF9938,$F9280C,ROM+0x1280C,mapped,ROM,$9938,$FF9938,$009938,HIGH-RAM-ALIAS-CANDIDATE,mirror-hypothesis,binding-slot-call,ROM,static-abs.w,unknown,,1,jsr,,
bsc:ROM:F92814:FF993E,$F92814,ROM+0x12814,mapped,ROM,$993E,$FF993E,$00993E,HIGH-RAM-ALIAS-CANDIDATE,mirror-hypothesis,binding-slot-call,ROM,static-abs.w,unknown,,1,jsr,,
bsc:ROM:F9281E:FF9818,$F9281E,ROM+0x1281E,mapped,ROM,$9818,$FF9818,$009818,HIGH-RAM-ALIAS-CANDIDATE,mirror-hypothesis,binding-slot-call,ROM,static-abs.w,unknown,,1,jsr,,
bsc:ROM:F92826:FF9938,$F92826,ROM+0x12826,mapped,ROM,$9938,$FF9938,$009938,HIGH-RAM-ALIAS-CANDIDATE,mirror-hypothesis,binding-slot-call,ROM,static-abs.w,unknown,,1,jsr,,
bsc:ROM:F9282C:FF993E,$F9282C,ROM+0x1282C,mapped,ROM,$993E,$FF993E,$00993E,HIGH-RAM-ALIAS-CANDIDATE,mirror-hypothesis,binding-slot-call,ROM,static-abs.w,unknown,,1,jsr,,
bsc:ROM:F92858:FF9B76,$F92858,ROM+0x12858,mapped,ROM,$9B76,$FF9B76,$009B76,HIGH-RAM-ALIAS-CANDIDATE,mirror-hypothesis,binding-slot-call,ROM,static-abs.w,unknown,,1,jsr,,
bsc:ROM:F92866:FF9B76,$F92866,ROM+0x12866,mapped,ROM,$9B76,$FF9B76,$009B76,HIGH-RAM-ALIAS-CANDIDATE,mirror-hypothesis,binding-slot-call,ROM,static-abs.w,unknown,,1,jsr,,
bsc:ROM:F9287C:FF97F4,$F9287C,ROM+0x1287C,mapped,ROM,$97F4,$FF97F4,$0097F4,HIGH-RAM-ALIAS-CANDIDATE,mirror-hypothesis,binding-slot-call,ROM,static-abs.w,unknown,,1,jsr,,
bsc:ROM:F92880:FF9484,$F92880,ROM+0x12880,mapped,ROM,$9484,$FF9484,$009484,HIGH-RAM-ALIAS-CANDIDATE,mirror-hypothesis,binding-slot-call,ROM,static-abs.w,unknown,,1,jsr,,
bsc:ROM:F92884:FF913C,$F92884,ROM+0x12884,mapped,ROM,$913C,$FF913C,$00913C,HIGH-RAM-ALIAS-CANDIDATE,mirror-hypothesis,binding-slot-call,ROM,static-abs.w,unknown,,1,jsr,,
bsc:ROM:F9289A:FF9A0A,$F9289A,ROM+0x1289A,mapped,ROM,$9A0A,$FF9A0A,$009A0A,HIGH-RAM-ALIAS-CANDIDATE,mirror-hypothesis,binding-slot-call,ROM,static-abs.w,unknown,,1,jsr,,
bsc:ROM:F928E6:FF938C,$F928E6,ROM+0x128E6,mapped,ROM,$938C,$FF938C,$00938C,HIGH-RAM-ALIAS-CANDIDATE,mirror-hypothesis,binding-slot-call,ROM,static-abs.w,unknown,,1,jsr,,
bsc:ROM:F928F6:FF9710,$F928F6,ROM+0x128F6,mapped,ROM,$9710,$FF9710,$009710,HIGH-RAM-ALIAS-CANDIDATE,mirror-hypothesis,binding-slot-call,ROM,static-abs.w,unknown,,1,jsr,,
bsc:ROM:F92904:FF936E,$F92904,ROM+0x12904,mapped,ROM,$936E,$FF936E,$00936E,HIGH-RAM-ALIAS-CANDIDATE,mirror-hypothesis,binding-slot-call,ROM,static-abs.w,unknown,,1,jsr,,
bsc:ROM:F9290E:FF9968,$F9290E,ROM+0x1290E,mapped,ROM,$9968,$FF9968,$009968,HIGH-RAM-ALIAS-CANDIDATE,mirror-hypothesis,binding-slot-call,ROM,static-abs.w,unknown,,1,jsr,,
bsc:ROM:F92920:FF9968,$F92920,ROM+0x12920,mapped,ROM,$9968,$FF9968,$009968,HIGH-RAM-ALIAS-CANDIDATE,mirror-hypothesis,binding-slot-call,ROM,static-abs.w,unknown,,1,jsr,,
bsc:ROM:F9292C:FF98B4,$F9292C,ROM+0x1292C,mapped,ROM,$98B4,$FF98B4,$0098B4,HIGH-RAM-ALIAS-CANDIDATE,mirror-hypothesis,binding-slot-call,ROM,static-abs.w,unknown,,1,jsr,,
bsc:ROM:F92936:FF98B4,$F92936,ROM+0x12936,mapped,ROM,$98B4,$FF98B4,$0098B4,HIGH-RAM-ALIAS-CANDIDATE,mirror-hypothesis,binding-slot-call,ROM,static-abs.w,unknown,,1,jsr,,
bsc:ROM:F92940:FF9968,$F92940,ROM+0x12940,mapped,ROM,$9968,$FF9968,$009968,HIGH-RAM-ALIAS-CANDIDATE,mirror-hypothesis,binding-slot-call,ROM,static-abs.w,unknown,,1,jsr,,
bsc:ROM:F9294C:FF98B4,$F9294C,ROM+0x1294C,mapped,ROM,$98B4,$FF98B4,$0098B4,HIGH-RAM-ALIAS-CANDIDATE,mirror-hypothesis,binding-slot-call,ROM,static-abs.w,unknown,,1,jsr,,
bsc:ROM:F92954:FF8644,$F92954,ROM+0x12954,mapped,ROM,$8644,$FF8644,$008644,HIGH-RAM-ALIAS-CANDIDATE,mirror-hypothesis,binding-slot-call,ROM,static-abs.w,unknown,,1,jsr,,
bsc:ROM:F9295C:FF9818,$F9295C,ROM+0x1295C,mapped,ROM,$9818,$FF9818,$009818,HIGH-RAM-ALIAS-CANDIDATE,mirror-hypothesis,binding-slot-call,ROM,static-abs.w,unknown,,1,jsr,,
bsc:ROM:F92966:FF9938,$F92966,ROM+0x12966,mapped,ROM,$9938,$FF9938,$009938,HIGH-RAM-ALIAS-CANDIDATE,mirror-hypothesis,binding-slot-call,ROM,static-abs.w,unknown,,1,jsr,,
bsc:ROM:F92974:FF97F4,$F92974,ROM+0x12974,mapped,ROM,$97F4,$FF97F4,$0097F4,HIGH-RAM-ALIAS-CANDIDATE,mirror-hypothesis,binding-slot-call,ROM,static-abs.w,unknown,,1,jsr,,
bsc:ROM:F92992:FF9B76,$F92992,ROM+0x12992,mapped,ROM,$9B76,$FF9B76,$009B76,HIGH-RAM-ALIAS-CANDIDATE,mirror-hypothesis,binding-slot-call,ROM,static-abs.w,unknown,,1,jsr,,
bsc:ROM:F92A22:FF9B76,$F92A22,ROM+0x12A22,mapped,ROM,$9B76,$FF9B76,$009B76,HIGH-RAM-ALIAS-CANDIDATE,mirror-hypothesis,binding-slot-call,ROM,static-abs.w,unknown,,1,jsr,,
bsc:ROM:F92A46:FF9B76,$F92A46,ROM+0x12A46,mapped,ROM,$9B76,$FF9B76,$009B76,HIGH-RAM-ALIAS-CANDIDATE,mirror-hypothesis,binding-slot-call,ROM,static-abs.w,unknown,,1,jmp,,
bsc:ROM:F92A4A:FF95A8,$F92A4A,ROM+0x12A4A,mapped,ROM,$95A8,$FF95A8,$0095A8,HIGH-RAM-ALIAS-CANDIDATE,mirror-hypothesis,binding-slot-call,ROM,static-abs.w,unknown,,1,jsr,,
bsc:ROM:F92A4E:FF95AE,$F92A4E,ROM+0x12A4E,mapped,ROM,$95AE,$FF95AE,$0095AE,HIGH-RAM-ALIAS-CANDIDATE,mirror-hypothesis,binding-slot-call,ROM,static-abs.w,unknown,,1,jsr,,
bsc:ROM:F92A66:FF9380,$F92A66,ROM+0x12A66,mapped,ROM,$9380,$FF9380,$009380,HIGH-RAM-ALIAS-CANDIDATE,mirror-hypothesis,binding-slot-call,ROM,static-abs.w,unknown,,1,jsr,,
bsc:ROM:F92A76:FF9380,$F92A76,ROM+0x12A76,mapped,ROM,$9380,$FF9380,$009380,HIGH-RAM-ALIAS-CANDIDATE,mirror-hypothesis,binding-slot-call,ROM,static-abs.w,unknown,,1,jsr,,
bsc:ROM:F92A82:FF9818,$F92A82,ROM+0x12A82,mapped,ROM,$9818,$FF9818,$009818,HIGH-RAM-ALIAS-CANDIDATE,mirror-hypothesis,binding-slot-call,ROM,static-abs.w,unknown,,1,jsr,,
bsc:ROM:F92A8E:FF9848,$F92A8E,ROM+0x12A8E,mapped,ROM,$9848,$FF9848,$009848,HIGH-RAM-ALIAS-CANDIDATE,mirror-hypothesis,binding-slot-call,ROM,static-abs.w,unknown,,1,jsr,,
bsc:ROM:F92A98:FF980C,$F92A98,ROM+0x12A98,mapped,ROM,$980C,$FF980C,$00980C,HIGH-RAM-ALIAS-CANDIDATE,mirror-hypothesis,binding-slot-call,ROM,static-abs.w,unknown,,1,jsr,,
bsc:ROM:F92AC6:FF9932,$F92AC6,ROM+0x12AC6,mapped,ROM,$9932,$FF9932,$009932,HIGH-RAM-ALIAS-CANDIDATE,mirror-hypothesis,binding-slot-call,ROM,static-abs.w,unknown,,1,jsr,,
bsc:ROM:F92AD2:FF95A2,$F92AD2,ROM+0x12AD2,mapped,ROM,$95A2,$FF95A2,$0095A2,HIGH-RAM-ALIAS-CANDIDATE,mirror-hypothesis,binding-slot-call,ROM,static-abs.w,unknown,,1,jmp,,
bsc:ROM:F92AE2:FF9956,$F92AE2,ROM+0x12AE2,mapped,ROM,$9956,$FF9956,$009956,HIGH-RAM-ALIAS-CANDIDATE,mirror-hypothesis,binding-slot-call,ROM,static-abs.w,unknown,,1,jsr,,
bsc:ROM:F92AEC:FF9824,$F92AEC,ROM+0x12AEC,mapped,ROM,$9824,$FF9824,$009824,HIGH-RAM-ALIAS-CANDIDATE,mirror-hypothesis,binding-slot-call,ROM,static-abs.w,unknown,,1,jsr,,
bsc:ROM:F92AF2:FF9B76,$F92AF2,ROM+0x12AF2,mapped,ROM,$9B76,$FF9B76,$009B76,HIGH-RAM-ALIAS-CANDIDATE,mirror-hypothesis,binding-slot-call,ROM,static-abs.w,unknown,,1,jsr,,
bsc:ROM:F92B6C:FF981E,$F92B6C,ROM+0x12B6C,mapped,ROM,$981E,$FF981E,$00981E,HIGH-RAM-ALIAS-CANDIDATE,mirror-hypothesis,binding-slot-call,ROM,static-abs.w,unknown,,1,jsr,,
bsc:ROM:F92B74:FF9818,$F92B74,ROM+0x12B74,mapped,ROM,$9818,$FF9818,$009818,HIGH-RAM-ALIAS-CANDIDATE,mirror-hypothesis,binding-slot-call,ROM,static-abs.w,unknown,,1,jsr,,
bsc:ROM:F92B7E:FF95A8,$F92B7E,ROM+0x12B7E,mapped,ROM,$95A8,$FF95A8,$0095A8,HIGH-RAM-ALIAS-CANDIDATE,mirror-hypothesis,binding-slot-call,ROM,static-abs.w,unknown,,1,jsr,,
bsc:ROM:F92B82:FF95AE,$F92B82,ROM+0x12B82,mapped,ROM,$95AE,$FF95AE,$0095AE,HIGH-RAM-ALIAS-CANDIDATE,mirror-hypothesis,binding-slot-call,ROM,static-abs.w,unknown,,1,jsr,,
bsc:ROM:F92B8C:FF936E,$F92B8C,ROM+0x12B8C,mapped,ROM,$936E,$FF936E,$00936E,HIGH-RAM-ALIAS-CANDIDATE,mirror-hypothesis,binding-slot-call,ROM,static-abs.w,unknown,,1,jsr,,
bsc:ROM:F92B98:FF980C,$F92B98,ROM+0x12B98,mapped,ROM,$980C,$FF980C,$00980C,HIGH-RAM-ALIAS-CANDIDATE,mirror-hypothesis,binding-slot-call,ROM,static-abs.w,unknown,,1,jsr,,
bsc:ROM:F92BAC:FF996E,$F92BAC,ROM+0x12BAC,mapped,ROM,$996E,$FF996E,$00996E,HIGH-RAM-ALIAS-CANDIDATE,mirror-hypothesis,binding-slot-call,ROM,static-abs.w,unknown,,1,jsr,,
bsc:ROM:F92BB2:FF9A86,$F92BB2,ROM+0x12BB2,mapped,ROM,$9A86,$FF9A86,$009A86,HIGH-RAM-ALIAS-CANDIDATE,mirror-hypothesis,binding-slot-call,ROM,static-abs.w,unknown,,1,jsr,,
bsc:ROM:F92BB6:FF996E,$F92BB6,ROM+0x12BB6,mapped,ROM,$996E,$FF996E,$00996E,HIGH-RAM-ALIAS-CANDIDATE,mirror-hypothesis,binding-slot-call,ROM,static-abs.w,unknown,,1,jsr,,
bsc:ROM:F92BDA:FF9710,$F92BDA,ROM+0x12BDA,mapped,ROM,$9710,$FF9710,$009710,HIGH-RAM-ALIAS-CANDIDATE,mirror-hypothesis,binding-slot-call,ROM,static-abs.w,unknown,,1,jsr,,
bsc:ROM:F92BEE:FF9A86,$F92BEE,ROM+0x12BEE,mapped,ROM,$9A86,$FF9A86,$009A86,HIGH-RAM-ALIAS-CANDIDATE,mirror-hypothesis,binding-slot-call,ROM,static-abs.w,unknown,,1,jsr,,
bsc:ROM:F92C26:FF937A,$F92C26,ROM+0x12C26,mapped,ROM,$937A,$FF937A,$00937A,HIGH-RAM-ALIAS-CANDIDATE,mirror-hypothesis,binding-slot-call,ROM,static-abs.w,unknown,,1,jsr,,
bsc:ROM:F92C42:FF9380,$F92C42,ROM+0x12C42,mapped,ROM,$9380,$FF9380,$009380,HIGH-RAM-ALIAS-CANDIDATE,mirror-hypothesis,binding-slot-call,ROM,static-abs.w,unknown,,1,jsr,,
bsc:ROM:F92C58:FF9710,$F92C58,ROM+0x12C58,mapped,ROM,$9710,$FF9710,$009710,HIGH-RAM-ALIAS-CANDIDATE,mirror-hypothesis,binding-slot-call,ROM,static-abs.w,unknown,,1,jsr,,
bsc:ROM:F92C68:FF9848,$F92C68,ROM+0x12C68,mapped,ROM,$9848,$FF9848,$009848,HIGH-RAM-ALIAS-CANDIDATE,mirror-hypothesis,binding-slot-call,ROM,static-abs.w,unknown,,1,jsr,,
bsc:ROM:F92C74:FF9932,$F92C74,ROM+0x12C74,mapped,ROM,$9932,$FF9932,$009932,HIGH-RAM-ALIAS-CANDIDATE,mirror-hypothesis,binding-slot-call,ROM,static-abs.w,unknown,,1,jsr,,
bsc:ROM:F92C88:FF9938,$F92C88,ROM+0x12C88,mapped,ROM,$9938,$FF9938,$009938,HIGH-RAM-ALIAS-CANDIDATE,mirror-hypothesis,binding-slot-call,ROM,static-abs.w,unknown,,1,jsr,,
bsc:ROM:F92CAA:FF99C8,$F92CAA,ROM+0x12CAA,mapped,ROM,$99C8,$FF99C8,$0099C8,HIGH-RAM-ALIAS-CANDIDATE,mirror-hypothesis,binding-slot-call,ROM,static-abs.w,unknown,,1,jsr,,
bsc:ROM:F92CDE:FF913C,$F92CDE,ROM+0x12CDE,mapped,ROM,$913C,$FF913C,$00913C,HIGH-RAM-ALIAS-CANDIDATE,mirror-hypothesis,binding-slot-call,ROM,static-abs.w,unknown,,1,jmp,,
bsc:ROM:F92D6A:FF9818,$F92D6A,ROM+0x12D6A,mapped,ROM,$9818,$FF9818,$009818,HIGH-RAM-ALIAS-CANDIDATE,mirror-hypothesis,binding-slot-call,ROM,static-abs.w,unknown,,1,jsr,,
bsc:ROM:F92D7A:FF95A8,$F92D7A,ROM+0x12D7A,mapped,ROM,$95A8,$FF95A8,$0095A8,HIGH-RAM-ALIAS-CANDIDATE,mirror-hypothesis,binding-slot-call,ROM,static-abs.w,unknown,,1,jsr,,
bsc:ROM:F92D7E:FF95AE,$F92D7E,ROM+0x12D7E,mapped,ROM,$95AE,$FF95AE,$0095AE,HIGH-RAM-ALIAS-CANDIDATE,mirror-hypothesis,binding-slot-call,ROM,static-abs.w,unknown,,1,jsr,,
bsc:ROM:F92D86:FF985A,$F92D86,ROM+0x12D86,mapped,ROM,$985A,$FF985A,$00985A,HIGH-RAM-ALIAS-CANDIDATE,mirror-hypothesis,binding-slot-call,ROM,static-abs.w,unknown,,1,jsr,,
bsc:ROM:F92D8C:FF936E,$F92D8C,ROM+0x12D8C,mapped,ROM,$936E,$FF936E,$00936E,HIGH-RAM-ALIAS-CANDIDATE,mirror-hypothesis,binding-slot-call,ROM,static-abs.w,unknown,,1,jsr,,
bsc:ROM:F92DA6:FF9380,$F92DA6,ROM+0x12DA6,mapped,ROM,$9380,$FF9380,$009380,HIGH-RAM-ALIAS-CANDIDATE,mirror-hypothesis,binding-slot-call,ROM,static-abs.w,unknown,,1,jsr,,
bsc:ROM:F92DBA:FF9872,$F92DBA,ROM+0x12DBA,mapped,ROM,$9872,$FF9872,$009872,HIGH-RAM-ALIAS-CANDIDATE,mirror-hypothesis,binding-slot-call,ROM,static-abs.w,unknown,,1,jsr,,
bsc:ROM:F92DCE:FF8BB0,$F92DCE,ROM+0x12DCE,mapped,ROM,$8BB0,$FF8BB0,$008BB0,HIGH-RAM-ALIAS-CANDIDATE,mirror-hypothesis,binding-slot-call,ROM,static-abs.w,unknown,,1,jsr,,
bsc:ROM:F92DD2:FF95A2,$F92DD2,ROM+0x12DD2,mapped,ROM,$95A2,$FF95A2,$0095A2,HIGH-RAM-ALIAS-CANDIDATE,mirror-hypothesis,binding-slot-call,ROM,static-abs.w,unknown,,1,jmp,,
bsc:ROM:F92DD6:FF8644,$F92DD6,ROM+0x12DD6,mapped,ROM,$8644,$FF8644,$008644,HIGH-RAM-ALIAS-CANDIDATE,mirror-hypothesis,binding-slot-call,ROM,static-abs.w,unknown,,1,jsr,,
bsc:ROM:F92DE0:FF936E,$F92DE0,ROM+0x12DE0,mapped,ROM,$936E,$FF936E,$00936E,HIGH-RAM-ALIAS-CANDIDATE,mirror-hypothesis,binding-slot-call,ROM,static-abs.w,unknown,,1,jsr,,
bsc:ROM:F92DEC:FF9824,$F92DEC,ROM+0x12DEC,mapped,ROM,$9824,$FF9824,$009824,HIGH-RAM-ALIAS-CANDIDATE,mirror-hypothesis,binding-slot-call,ROM,static-abs.w,unknown,,1,jsr,,
bsc:ROM:F92DF6:FF937A,$F92DF6,ROM+0x12DF6,mapped,ROM,$937A,$FF937A,$00937A,HIGH-RAM-ALIAS-CANDIDATE,mirror-hypothesis,binding-slot-call,ROM,static-abs.w,unknown,,1,jsr,,
bsc:ROM:F92DFC:FF984E,$F92DFC,ROM+0x12DFC,mapped,ROM,$984E,$FF984E,$00984E,HIGH-RAM-ALIAS-CANDIDATE,mirror-hypothesis,binding-slot-call,ROM,static-abs.w,unknown,,1,jsr,,
bsc:ROM:F92E00:FF95A2,$F92E00,ROM+0x12E00,mapped,ROM,$95A2,$FF95A2,$0095A2,HIGH-RAM-ALIAS-CANDIDATE,mirror-hypothesis,binding-slot-call,ROM,static-abs.w,unknown,,1,jsr,,
bsc:ROM:F92E04:FF8644,$F92E04,ROM+0x12E04,mapped,ROM,$8644,$FF8644,$008644,HIGH-RAM-ALIAS-CANDIDATE,mirror-hypothesis,binding-slot-call,ROM,static-abs.w,unknown,,1,jsr,,
bsc:ROM:F92E10:FF9854,$F92E10,ROM+0x12E10,mapped,ROM,$9854,$FF9854,$009854,HIGH-RAM-ALIAS-CANDIDATE,mirror-hypothesis,binding-slot-call,ROM,static-abs.w,unknown,,1,jsr,,
bsc:ROM:F92E16:FF910C,$F92E16,ROM+0x12E16,mapped,ROM,$910C,$FF910C,$00910C,HIGH-RAM-ALIAS-CANDIDATE,mirror-hypothesis,binding-slot-call,ROM,static-abs.w,unknown,,1,jsr,,
bsc:ROM:F92E1C:FF97E8,$F92E1C,ROM+0x12E1C,mapped,ROM,$97E8,$FF97E8,$0097E8,HIGH-RAM-ALIAS-CANDIDATE,mirror-hypothesis,binding-slot-call,ROM,static-abs.w,unknown,,1,jsr,,
bsc:ROM:F92E8E:FF8D06,$F92E8E,ROM+0x12E8E,mapped,ROM,$8D06,$FF8D06,$008D06,HIGH-RAM-ALIAS-CANDIDATE,mirror-hypothesis,binding-slot-call,ROM,static-abs.w,unknown,,1,jsr,,
bsc:ROM:F92E94:FF936E,$F92E94,ROM+0x12E94,mapped,ROM,$936E,$FF936E,$00936E,HIGH-RAM-ALIAS-CANDIDATE,mirror-hypothesis,binding-slot-call,ROM,static-abs.w,unknown,,1,jsr,,
bsc:ROM:F92E98:FF9112,$F92E98,ROM+0x12E98,mapped,ROM,$9112,$FF9112,$009112,HIGH-RAM-ALIAS-CANDIDATE,mirror-hypothesis,binding-slot-call,ROM,static-abs.w,unknown,,1,jsr,,
bsc:ROM:F92E9C:FF88DC,$F92E9C,ROM+0x12E9C,mapped,ROM,$88DC,$FF88DC,$0088DC,HIGH-RAM-ALIAS-CANDIDATE,mirror-hypothesis,binding-slot-call,ROM,static-abs.w,unknown,,1,jsr,,
bsc:ROM:F92EA0:FF8644,$F92EA0,ROM+0x12EA0,mapped,ROM,$8644,$FF8644,$008644,HIGH-RAM-ALIAS-CANDIDATE,mirror-hypothesis,binding-slot-call,ROM,static-abs.w,unknown,,1,jsr,,
bsc:ROM:F92EB8:FF9818,$F92EB8,ROM+0x12EB8,mapped,ROM,$9818,$FF9818,$009818,HIGH-RAM-ALIAS-CANDIDATE,mirror-hypothesis,binding-slot-call,ROM,static-abs.w,unknown,,1,jsr,,
bsc:ROM:F92EC8:FF9878,$F92EC8,ROM+0x12EC8,mapped,ROM,$9878,$FF9878,$009878,HIGH-RAM-ALIAS-CANDIDATE,mirror-hypothesis,binding-slot-call,ROM,static-abs.w,unknown,,1,jsr,,
bsc:ROM:F92ED2:FF97EE,$F92ED2,ROM+0x12ED2,mapped,ROM,$97EE,$FF97EE,$0097EE,HIGH-RAM-ALIAS-CANDIDATE,mirror-hypothesis,binding-slot-call,ROM,static-abs.w,unknown,,1,jsr,,
bsc:ROM:F92ED6:FF9950,$F92ED6,ROM+0x12ED6,mapped,ROM,$9950,$FF9950,$009950,HIGH-RAM-ALIAS-CANDIDATE,mirror-hypothesis,binding-slot-call,ROM,static-abs.w,unknown,,1,jsr,,
bsc:ROM:F92EFE:FF9974,$F92EFE,ROM+0x12EFE,mapped,ROM,$9974,$FF9974,$009974,HIGH-RAM-ALIAS-CANDIDATE,mirror-hypothesis,binding-slot-call,ROM,static-abs.w,unknown,,1,jsr,,
bsc:ROM:F92F02:FF9638,$F92F02,ROM+0x12F02,mapped,ROM,$9638,$FF9638,$009638,HIGH-RAM-ALIAS-CANDIDATE,mirror-hypothesis,binding-slot-call,ROM,static-abs.w,unknown,,1,jsr,,
bsc:ROM:F92F0C:FF9818,$F92F0C,ROM+0x12F0C,mapped,ROM,$9818,$FF9818,$009818,HIGH-RAM-ALIAS-CANDIDATE,mirror-hypothesis,binding-slot-call,ROM,static-abs.w,unknown,,1,jsr,,
bsc:ROM:F92F22:FF993E,$F92F22,ROM+0x12F22,mapped,ROM,$993E,$FF993E,$00993E,HIGH-RAM-ALIAS-CANDIDATE,mirror-hypothesis,binding-slot-call,ROM,static-abs.w,unknown,,1,jsr,,
bsc:ROM:F92F54:FF9818,$F92F54,ROM+0x12F54,mapped,ROM,$9818,$FF9818,$009818,HIGH-RAM-ALIAS-CANDIDATE,mirror-hypothesis,binding-slot-call,ROM,static-abs.w,unknown,,1,jsr,,
bsc:ROM:F92F5E:FF993E,$F92F5E,ROM+0x12F5E,mapped,ROM,$993E,$FF993E,$00993E,HIGH-RAM-ALIAS-CANDIDATE,mirror-hypothesis,binding-slot-call,ROM,static-abs.w,unknown,,1,jsr,,
bsc:ROM:F92F62:FF9938,$F92F62,ROM+0x12F62,mapped,ROM,$9938,$FF9938,$009938,HIGH-RAM-ALIAS-CANDIDATE,mirror-hypothesis,binding-slot-call,ROM,static-abs.w,unknown,,1,jsr,,
bsc:ROM:F92F8E:FF9830,$F92F8E,ROM+0x12F8E,mapped,ROM,$9830,$FF9830,$009830,HIGH-RAM-ALIAS-CANDIDATE,mirror-hypothesis,binding-slot-call,ROM,static-abs.w,unknown,,1,jsr,,
bsc:ROM:F92FCA:FF961A,$F92FCA,ROM+0x12FCA,mapped,ROM,$961A,$FF961A,$00961A,HIGH-RAM-ALIAS-CANDIDATE,mirror-hypothesis,binding-slot-call,ROM,static-abs.w,unknown,,1,jsr,,
bsc:ROM:F92FD0:FF960E,$F92FD0,ROM+0x12FD0,mapped,ROM,$960E,$FF960E,$00960E,HIGH-RAM-ALIAS-CANDIDATE,mirror-hypothesis,binding-slot-call,ROM,static-abs.w,unknown,,1,jsr,,
bsc:ROM:F92FD6:FF9614,$F92FD6,ROM+0x12FD6,mapped,ROM,$9614,$FF9614,$009614,HIGH-RAM-ALIAS-CANDIDATE,mirror-hypothesis,binding-slot-call,ROM,static-abs.w,unknown,,1,jsr,,
bsc:ROM:F93150:FF99BC,$F93150,ROM+0x13150,mapped,ROM,$99BC,$FF99BC,$0099BC,HIGH-RAM-ALIAS-CANDIDATE,mirror-hypothesis,binding-slot-call,ROM,static-abs.w,unknown,,1,jsr,,
bsc:ROM:F9315C:FF99D4,$F9315C,ROM+0x1315C,mapped,ROM,$99D4,$FF99D4,$0099D4,HIGH-RAM-ALIAS-CANDIDATE,mirror-hypothesis,binding-slot-call,ROM,static-abs.w,unknown,,1,jsr,,
bsc:ROM:F9316E:FF99E0,$F9316E,ROM+0x1316E,mapped,ROM,$99E0,$FF99E0,$0099E0,HIGH-RAM-ALIAS-CANDIDATE,mirror-hypothesis,binding-slot-call,ROM,static-abs.w,unknown,,1,jsr,,
bsc:ROM:F931AE:FF9986,$F931AE,ROM+0x131AE,mapped,ROM,$9986,$FF9986,$009986,HIGH-RAM-ALIAS-CANDIDATE,mirror-hypothesis,binding-slot-call,ROM,static-abs.w,unknown,,1,jsr,,
bsc:ROM:F931C8:FF99A4,$F931C8,ROM+0x131C8,mapped,ROM,$99A4,$FF99A4,$0099A4,HIGH-RAM-ALIAS-CANDIDATE,mirror-hypothesis,binding-slot-call,ROM,static-abs.w,unknown,,1,jsr,,
bsc:ROM:F931DA:FF9986,$F931DA,ROM+0x131DA,mapped,ROM,$9986,$FF9986,$009986,HIGH-RAM-ALIAS-CANDIDATE,mirror-hypothesis,binding-slot-call,ROM,static-abs.w,unknown,,1,jmp,,
bsc:ROM:F93212:FF99B6,$F93212,ROM+0x13212,mapped,ROM,$99B6,$FF99B6,$0099B6,HIGH-RAM-ALIAS-CANDIDATE,mirror-hypothesis,binding-slot-call,ROM,static-abs.w,unknown,,1,jsr,,
bsc:ROM:F9323A:FF99AA,$F9323A,ROM+0x1323A,mapped,ROM,$99AA,$FF99AA,$0099AA,HIGH-RAM-ALIAS-CANDIDATE,mirror-hypothesis,binding-slot-call,ROM,static-abs.w,unknown,,1,jsr,,
bsc:ROM:F93244:FF99E0,$F93244,ROM+0x13244,mapped,ROM,$99E0,$FF99E0,$0099E0,HIGH-RAM-ALIAS-CANDIDATE,mirror-hypothesis,binding-slot-call,ROM,static-abs.w,unknown,,1,jsr,,
bsc:ROM:F93274:FF998C,$F93274,ROM+0x13274,mapped,ROM,$998C,$FF998C,$00998C,HIGH-RAM-ALIAS-CANDIDATE,mirror-hypothesis,binding-slot-call,ROM,static-abs.w,unknown,,1,jsr,,
bsc:ROM:F93294:FF9998,$F93294,ROM+0x13294,mapped,ROM,$9998,$FF9998,$009998,HIGH-RAM-ALIAS-CANDIDATE,mirror-hypothesis,binding-slot-call,ROM,static-abs.w,unknown,,1,jmp,,
bsc:ROM:F932A2:FF998C,$F932A2,ROM+0x132A2,mapped,ROM,$998C,$FF998C,$00998C,HIGH-RAM-ALIAS-CANDIDATE,mirror-hypothesis,binding-slot-call,ROM,static-abs.w,unknown,,1,jsr,,
bsc:ROM:F932AA:FF998C,$F932AA,ROM+0x132AA,mapped,ROM,$998C,$FF998C,$00998C,HIGH-RAM-ALIAS-CANDIDATE,mirror-hypothesis,binding-slot-call,ROM,static-abs.w,unknown,,1,jsr,,
bsc:ROM:F932BC:FF9992,$F932BC,ROM+0x132BC,mapped,ROM,$9992,$FF9992,$009992,HIGH-RAM-ALIAS-CANDIDATE,mirror-hypothesis,binding-slot-call,ROM,static-abs.w,unknown,,1,jsr,,
bsc:ROM:F932C4:FF99D4,$F932C4,ROM+0x132C4,mapped,ROM,$99D4,$FF99D4,$0099D4,HIGH-RAM-ALIAS-CANDIDATE,mirror-hypothesis,binding-slot-call,ROM,static-abs.w,unknown,,1,jsr,,
bsc:ROM:F932EE:FF99BC,$F932EE,ROM+0x132EE,mapped,ROM,$99BC,$FF99BC,$0099BC,HIGH-RAM-ALIAS-CANDIDATE,mirror-hypothesis,binding-slot-call,ROM,static-abs.w,unknown,,1,jsr,,
bsc:ROM:F93308:FF999E,$F93308,ROM+0x13308,mapped,ROM,$999E,$FF999E,$00999E,HIGH-RAM-ALIAS-CANDIDATE,mirror-hypothesis,binding-slot-call,ROM,static-abs.w,unknown,,1,jsr,,
bsc:ROM:F93310:FF999E,$F93310,ROM+0x13310,mapped,ROM,$999E,$FF999E,$00999E,HIGH-RAM-ALIAS-CANDIDATE,mirror-hypothesis,binding-slot-call,ROM,static-abs.w,unknown,,1,jsr,,
bsc:ROM:F93320:FF99AA,$F93320,ROM+0x13320,mapped,ROM,$99AA,$FF99AA,$0099AA,HIGH-RAM-ALIAS-CANDIDATE,mirror-hypothesis,binding-slot-call,ROM,static-abs.w,unknown,,1,jsr,,
bsc:ROM:F9332A:FF99E0,$F9332A,ROM+0x1332A,mapped,ROM,$99E0,$FF99E0,$0099E0,HIGH-RAM-ALIAS-CANDIDATE,mirror-hypothesis,binding-slot-call,ROM,static-abs.w,unknown,,1,jsr,,
bsc:ROM:F93370:FF99C2,$F93370,ROM+0x13370,mapped,ROM,$99C2,$FF99C2,$0099C2,HIGH-RAM-ALIAS-CANDIDATE,mirror-hypothesis,binding-slot-call,ROM,static-abs.w,unknown,,1,jsr,,
bsc:ROM:F93386:FF99B0,$F93386,ROM+0x13386,mapped,ROM,$99B0,$FF99B0,$0099B0,HIGH-RAM-ALIAS-CANDIDATE,mirror-hypothesis,binding-slot-call,ROM,static-abs.w,unknown,,1,jsr,,
bsc:ROM:F933A2:FF9818,$F933A2,ROM+0x133A2,mapped,ROM,$9818,$FF9818,$009818,HIGH-RAM-ALIAS-CANDIDATE,mirror-hypothesis,binding-slot-call,ROM,static-abs.w,unknown,,1,jsr,,
bsc:ROM:F933E6:FF9818,$F933E6,ROM+0x133E6,mapped,ROM,$9818,$FF9818,$009818,HIGH-RAM-ALIAS-CANDIDATE,mirror-hypothesis,binding-slot-call,ROM,static-abs.w,unknown,,1,jsr,,
bsc:ROM:F933F6:FF983C,$F933F6,ROM+0x133F6,mapped,ROM,$983C,$FF983C,$00983C,HIGH-RAM-ALIAS-CANDIDATE,mirror-hypothesis,binding-slot-call,ROM,static-abs.w,unknown,,1,jsr,,
bsc:ROM:F93406:FF993E,$F93406,ROM+0x13406,mapped,ROM,$993E,$FF993E,$00993E,HIGH-RAM-ALIAS-CANDIDATE,mirror-hypothesis,binding-slot-call,ROM,static-abs.w,unknown,,1,jsr,,
bsc:ROM:F9340A:FF9938,$F9340A,ROM+0x1340A,mapped,ROM,$9938,$FF9938,$009938,HIGH-RAM-ALIAS-CANDIDATE,mirror-hypothesis,binding-slot-call,ROM,static-abs.w,unknown,,1,jsr,,
bsc:ROM:F9343E:FF9926,$F9343E,ROM+0x1343E,mapped,ROM,$9926,$FF9926,$009926,HIGH-RAM-ALIAS-CANDIDATE,mirror-hypothesis,binding-slot-call,ROM,static-abs.w,unknown,,1,jsr,,
bsc:ROM:F93478:FF993E,$F93478,ROM+0x13478,mapped,ROM,$993E,$FF993E,$00993E,HIGH-RAM-ALIAS-CANDIDATE,mirror-hypothesis,binding-slot-call,ROM,static-abs.w,unknown,,1,jsr,,
bsc:ROM:F934B8:FF9A28,$F934B8,ROM+0x134B8,mapped,ROM,$9A28,$FF9A28,$009A28,HIGH-RAM-ALIAS-CANDIDATE,mirror-hypothesis,binding-slot-call,ROM,static-abs.w,unknown,,1,jmp,,
bsc:ROM:F934C0:FF9A10,$F934C0,ROM+0x134C0,mapped,ROM,$9A10,$FF9A10,$009A10,HIGH-RAM-ALIAS-CANDIDATE,mirror-hypothesis,binding-slot-call,ROM,static-abs.w,unknown,,1,jsr,,
bsc:ROM:F934C4:FF9A34,$F934C4,ROM+0x134C4,mapped,ROM,$9A34,$FF9A34,$009A34,HIGH-RAM-ALIAS-CANDIDATE,mirror-hypothesis,binding-slot-call,ROM,static-abs.w,unknown,,1,jsr,,
bsc:ROM:F934CA:FF9A04,$F934CA,ROM+0x134CA,mapped,ROM,$9A04,$FF9A04,$009A04,HIGH-RAM-ALIAS-CANDIDATE,mirror-hypothesis,binding-slot-call,ROM,static-abs.w,unknown,,1,jmp,,
bsc:ROM:F934F8:FF9484,$F934F8,ROM+0x134F8,mapped,ROM,$9484,$FF9484,$009484,HIGH-RAM-ALIAS-CANDIDATE,mirror-hypothesis,binding-slot-call,ROM,static-abs.w,unknown,,1,jsr,,
bsc:ROM:F934FE:FF9A2E,$F934FE,ROM+0x134FE,mapped,ROM,$9A2E,$FF9A2E,$009A2E,HIGH-RAM-ALIAS-CANDIDATE,mirror-hypothesis,binding-slot-call,ROM,static-abs.w,unknown,,1,jsr,,
bsc:ROM:F9351A:FF9484,$F9351A,ROM+0x1351A,mapped,ROM,$9484,$FF9484,$009484,HIGH-RAM-ALIAS-CANDIDATE,mirror-hypothesis,binding-slot-call,ROM,static-abs.w,unknown,,1,jsr,,
bsc:ROM:F9352E:FF949C,$F9352E,ROM+0x1352E,mapped,ROM,$949C,$FF949C,$00949C,HIGH-RAM-ALIAS-CANDIDATE,mirror-hypothesis,binding-slot-call,ROM,static-abs.w,unknown,,1,jsr,,
bsc:ROM:F93536:FF9A2E,$F93536,ROM+0x13536,mapped,ROM,$9A2E,$FF9A2E,$009A2E,HIGH-RAM-ALIAS-CANDIDATE,mirror-hypothesis,binding-slot-call,ROM,static-abs.w,unknown,,1,jsr,,
bsc:ROM:F93540:FF9A10,$F93540,ROM+0x13540,mapped,ROM,$9A10,$FF9A10,$009A10,HIGH-RAM-ALIAS-CANDIDATE,mirror-hypothesis,binding-slot-call,ROM,static-abs.w,unknown,,1,jsr,,
bsc:ROM:F93546:FF9A40,$F93546,ROM+0x13546,mapped,ROM,$9A40,$FF9A40,$009A40,HIGH-RAM-ALIAS-CANDIDATE,mirror-hypothesis,binding-slot-call,ROM,static-abs.w,unknown,,1,jsr,,
bsc:ROM:F93550:FF913C,$F93550,ROM+0x13550,mapped,ROM,$913C,$FF913C,$00913C,HIGH-RAM-ALIAS-CANDIDATE,mirror-hypothesis,binding-slot-call,ROM,static-abs.w,unknown,,1,jsr,,
bsc:ROM:F93570:FF913C,$F93570,ROM+0x13570,mapped,ROM,$913C,$FF913C,$00913C,HIGH-RAM-ALIAS-CANDIDATE,mirror-hypothesis,binding-slot-call,ROM,static-abs.w,unknown,,1,jsr,,
bsc:ROM:F935A6:FF979A,$F935A6,ROM+0x135A6,mapped,ROM,$979A,$FF979A,$00979A,HIGH-RAM-ALIAS-CANDIDATE,mirror-hypothesis,binding-slot-call,ROM,static-abs.w,unknown,,1,jsr,,
bsc:ROM:F935B4:FF951A,$F935B4,ROM+0x135B4,mapped,ROM,$951A,$FF951A,$00951A,HIGH-RAM-ALIAS-CANDIDATE,mirror-hypothesis,binding-slot-call,ROM,static-abs.w,unknown,,1,jsr,,
bsc:ROM:F935C6:FF9142,$F935C6,ROM+0x135C6,mapped,ROM,$9142,$FF9142,$009142,HIGH-RAM-ALIAS-CANDIDATE,mirror-hypothesis,binding-slot-call,ROM,static-abs.w,unknown,,1,jsr,,
bsc:ROM:F935CC:FF9130,$F935CC,ROM+0x135CC,mapped,ROM,$9130,$FF9130,$009130,HIGH-RAM-ALIAS-CANDIDATE,mirror-hypothesis,binding-slot-call,ROM,static-abs.w,unknown,,1,jsr,,
bsc:ROM:F935D0:FF94E4,$F935D0,ROM+0x135D0,mapped,ROM,$94E4,$FF94E4,$0094E4,HIGH-RAM-ALIAS-CANDIDATE,mirror-hypothesis,binding-slot-call,ROM,static-abs.w,unknown,,1,jmp,,
bsc:ROM:F93600:FF99FE,$F93600,ROM+0x13600,mapped,ROM,$99FE,$FF99FE,$0099FE,HIGH-RAM-ALIAS-CANDIDATE,mirror-hypothesis,binding-slot-call,ROM,static-abs.w,unknown,,1,jsr,,
bsc:ROM:F93604:FF9A3A,$F93604,ROM+0x13604,mapped,ROM,$9A3A,$FF9A3A,$009A3A,HIGH-RAM-ALIAS-CANDIDATE,mirror-hypothesis,binding-slot-call,ROM,static-abs.w,unknown,,1,jmp,,
bsc:ROM:F9360A:FF9484,$F9360A,ROM+0x1360A,mapped,ROM,$9484,$FF9484,$009484,HIGH-RAM-ALIAS-CANDIDATE,mirror-hypothesis,binding-slot-call,ROM,static-abs.w,unknown,,1,jsr,,
bsc:ROM:F9361C:FF9A40,$F9361C,ROM+0x1361C,mapped,ROM,$9A40,$FF9A40,$009A40,HIGH-RAM-ALIAS-CANDIDATE,mirror-hypothesis,binding-slot-call,ROM,static-abs.w,unknown,,1,jsr,,
bsc:ROM:F93620:FF9A3A,$F93620,ROM+0x13620,mapped,ROM,$9A3A,$FF9A3A,$009A3A,HIGH-RAM-ALIAS-CANDIDATE,mirror-hypothesis,binding-slot-call,ROM,static-abs.w,unknown,,1,jmp,,
bsc:ROM:F9362C:FF9A0A,$F9362C,ROM+0x1362C,mapped,ROM,$9A0A,$FF9A0A,$009A0A,HIGH-RAM-ALIAS-CANDIDATE,mirror-hypothesis,binding-slot-call,ROM,static-abs.w,unknown,,1,jsr,,
bsc:ROM:F93680:FF957E,$F93680,ROM+0x13680,mapped,ROM,$957E,$FF957E,$00957E,HIGH-RAM-ALIAS-CANDIDATE,mirror-hypothesis,binding-slot-call,ROM,static-abs.w,unknown,,1,jsr,,
bsc:ROM:F936A8:FF9608,$F936A8,ROM+0x136A8,mapped,ROM,$9608,$FF9608,$009608,HIGH-RAM-ALIAS-CANDIDATE,mirror-hypothesis,binding-slot-call,ROM,static-abs.w,unknown,,1,jsr,,
bsc:ROM:F936CC:FF9142,$F936CC,ROM+0x136CC,mapped,ROM,$9142,$FF9142,$009142,HIGH-RAM-ALIAS-CANDIDATE,mirror-hypothesis,binding-slot-call,ROM,static-abs.w,unknown,,1,jsr,,
bsc:ROM:F936D2:FF9130,$F936D2,ROM+0x136D2,mapped,ROM,$9130,$FF9130,$009130,HIGH-RAM-ALIAS-CANDIDATE,mirror-hypothesis,binding-slot-call,ROM,static-abs.w,unknown,,1,jsr,,
bsc:ROM:F9375C:FF8B42,$F9375C,ROM+0x1375C,mapped,ROM,$8B42,$FF8B42,$008B42,HIGH-RAM-ALIAS-CANDIDATE,mirror-hypothesis,binding-slot-call,ROM,static-abs.w,unknown,,1,jsr,,
bsc:ROM:F93760:FF8B24,$F93760,ROM+0x13760,mapped,ROM,$8B24,$FF8B24,$008B24,HIGH-RAM-ALIAS-CANDIDATE,mirror-hypothesis,binding-slot-call,ROM,static-abs.w,unknown,,1,jsr,,
bsc:ROM:F93792:FF9950,$F93792,ROM+0x13792,mapped,ROM,$9950,$FF9950,$009950,HIGH-RAM-ALIAS-CANDIDATE,mirror-hypothesis,binding-slot-call,ROM,static-abs.w,unknown,,1,jsr,,
bsc:ROM:F9379E:FF9818,$F9379E,ROM+0x1379E,mapped,ROM,$9818,$FF9818,$009818,HIGH-RAM-ALIAS-CANDIDATE,mirror-hypothesis,binding-slot-call,ROM,static-abs.w,unknown,,1,jsr,,
bsc:ROM:F937A6:FF9938,$F937A6,ROM+0x137A6,mapped,ROM,$9938,$FF9938,$009938,HIGH-RAM-ALIAS-CANDIDATE,mirror-hypothesis,binding-slot-call,ROM,static-abs.w,unknown,,1,jsr,,
bsc:ROM:F937DA:FF9818,$F937DA,ROM+0x137DA,mapped,ROM,$9818,$FF9818,$009818,HIGH-RAM-ALIAS-CANDIDATE,mirror-hypothesis,binding-slot-call,ROM,static-abs.w,unknown,,1,jsr,,
bsc:ROM:F937E2:FF9938,$F937E2,ROM+0x137E2,mapped,ROM,$9938,$FF9938,$009938,HIGH-RAM-ALIAS-CANDIDATE,mirror-hypothesis,binding-slot-call,ROM,static-abs.w,unknown,,1,jsr,,
bsc:ROM:F937FE:FF9B76,$F937FE,ROM+0x137FE,mapped,ROM,$9B76,$FF9B76,$009B76,HIGH-RAM-ALIAS-CANDIDATE,mirror-hypothesis,binding-slot-call,ROM,static-abs.w,unknown,,1,jsr,,
bsc:ROM:F9381C:FF9A68,$F9381C,ROM+0x1381C,mapped,ROM,$9A68,$FF9A68,$009A68,HIGH-RAM-ALIAS-CANDIDATE,mirror-hypothesis,binding-slot-call,ROM,static-abs.w,unknown,,1,jsr,,
bsc:ROM:F93828:FF9B76,$F93828,ROM+0x13828,mapped,ROM,$9B76,$FF9B76,$009B76,HIGH-RAM-ALIAS-CANDIDATE,mirror-hypothesis,binding-slot-call,ROM,static-abs.w,unknown,,1,jsr,,
bsc:ROM:F93830:FF9B6A,$F93830,ROM+0x13830,mapped,ROM,$9B6A,$FF9B6A,$009B6A,HIGH-RAM-ALIAS-CANDIDATE,mirror-hypothesis,binding-slot-call,ROM,static-abs.w,unknown,,1,jsr,,
bsc:ROM:F9383A:FF9B64,$F9383A,ROM+0x1383A,mapped,ROM,$9B64,$FF9B64,$009B64,HIGH-RAM-ALIAS-CANDIDATE,mirror-hypothesis,binding-slot-call,ROM,static-abs.w,unknown,,1,jsr,,
bsc:ROM:F93842:FF9818,$F93842,ROM+0x13842,mapped,ROM,$9818,$FF9818,$009818,HIGH-RAM-ALIAS-CANDIDATE,mirror-hypothesis,binding-slot-call,ROM,static-abs.w,unknown,,1,jsr,,
bsc:ROM:F9384A:FF993E,$F9384A,ROM+0x1384A,mapped,ROM,$993E,$FF993E,$00993E,HIGH-RAM-ALIAS-CANDIDATE,mirror-hypothesis,binding-slot-call,ROM,static-abs.w,unknown,,1,jsr,,
bsc:ROM:F9385A:FF9A80,$F9385A,ROM+0x1385A,mapped,ROM,$9A80,$FF9A80,$009A80,HIGH-RAM-ALIAS-CANDIDATE,mirror-hypothesis,binding-slot-call,ROM,static-abs.w,unknown,,1,jsr,,
bsc:ROM:F93886:FF913C,$F93886,ROM+0x13886,mapped,ROM,$913C,$FF913C,$00913C,HIGH-RAM-ALIAS-CANDIDATE,mirror-hypothesis,binding-slot-call,ROM,static-abs.w,unknown,,1,jsr,,
bsc:ROM:F938B2:FF913C,$F938B2,ROM+0x138B2,mapped,ROM,$913C,$FF913C,$00913C,HIGH-RAM-ALIAS-CANDIDATE,mirror-hypothesis,binding-slot-call,ROM,static-abs.w,unknown,,1,jsr,,
bsc:ROM:F938D6:FF9B7C,$F938D6,ROM+0x138D6,mapped,ROM,$9B7C,$FF9B7C,$009B7C,HIGH-RAM-ALIAS-CANDIDATE,mirror-hypothesis,binding-slot-call,ROM,static-abs.w,unknown,,1,jsr,,
bsc:ROM:F938EA:FF957E,$F938EA,ROM+0x138EA,mapped,ROM,$957E,$FF957E,$00957E,HIGH-RAM-ALIAS-CANDIDATE,mirror-hypothesis,binding-slot-call,ROM,static-abs.w,unknown,,1,jmp,,
bsc:ROM:F938F4:FF9956,$F938F4,ROM+0x138F4,mapped,ROM,$9956,$FF9956,$009956,HIGH-RAM-ALIAS-CANDIDATE,mirror-hypothesis,binding-slot-call,ROM,static-abs.w,unknown,,1,jmp,,
bsc:ROM:F938F8:FF9B6A,$F938F8,ROM+0x138F8,mapped,ROM,$9B6A,$FF9B6A,$009B6A,HIGH-RAM-ALIAS-CANDIDATE,mirror-hypothesis,binding-slot-call,ROM,static-abs.w,unknown,,1,jsr,,
bsc:ROM:F93908:FF981E,$F93908,ROM+0x13908,mapped,ROM,$981E,$FF981E,$00981E,HIGH-RAM-ALIAS-CANDIDATE,mirror-hypothesis,binding-slot-call,ROM,static-abs.w,unknown,,1,jsr,,
bsc:ROM:F93910:FF9B76,$F93910,ROM+0x13910,mapped,ROM,$9B76,$FF9B76,$009B76,HIGH-RAM-ALIAS-CANDIDATE,mirror-hypothesis,binding-slot-call,ROM,static-abs.w,unknown,,1,jsr,,
bsc:ROM:F93916:FF9B64,$F93916,ROM+0x13916,mapped,ROM,$9B64,$FF9B64,$009B64,HIGH-RAM-ALIAS-CANDIDATE,mirror-hypothesis,binding-slot-call,ROM,static-abs.w,unknown,,1,jsr,,
bsc:ROM:F9391A:FF9B7C,$F9391A,ROM+0x1391A,mapped,ROM,$9B7C,$FF9B7C,$009B7C,HIGH-RAM-ALIAS-CANDIDATE,mirror-hypothesis,binding-slot-call,ROM,static-abs.w,unknown,,1,jsr,,
bsc:ROM:F93924:FF9A68,$F93924,ROM+0x13924,mapped,ROM,$9A68,$FF9A68,$009A68,HIGH-RAM-ALIAS-CANDIDATE,mirror-hypothesis,binding-slot-call,ROM,static-abs.w,unknown,,1,jsr,,
bsc:ROM:F93946:FF981E,$F93946,ROM+0x13946,mapped,ROM,$981E,$FF981E,$00981E,HIGH-RAM-ALIAS-CANDIDATE,mirror-hypothesis,binding-slot-call,ROM,static-abs.w,unknown,,1,jsr,,
bsc:ROM:F93954:FF9B6A,$F93954,ROM+0x13954,mapped,ROM,$9B6A,$FF9B6A,$009B6A,HIGH-RAM-ALIAS-CANDIDATE,mirror-hypothesis,binding-slot-call,ROM,static-abs.w,unknown,,1,jsr,,
bsc:ROM:F93964:FF9B6A,$F93964,ROM+0x13964,mapped,ROM,$9B6A,$FF9B6A,$009B6A,HIGH-RAM-ALIAS-CANDIDATE,mirror-hypothesis,binding-slot-call,ROM,static-abs.w,unknown,,1,jsr,,
bsc:ROM:F93974:FF9B6A,$F93974,ROM+0x13974,mapped,ROM,$9B6A,$FF9B6A,$009B6A,HIGH-RAM-ALIAS-CANDIDATE,mirror-hypothesis,binding-slot-call,ROM,static-abs.w,unknown,,1,jsr,,
bsc:ROM:F9399A:FF981E,$F9399A,ROM+0x1399A,mapped,ROM,$981E,$FF981E,$00981E,HIGH-RAM-ALIAS-CANDIDATE,mirror-hypothesis,binding-slot-call,ROM,static-abs.w,unknown,,1,jsr,,
bsc:ROM:F939A0:FF9818,$F939A0,ROM+0x139A0,mapped,ROM,$9818,$FF9818,$009818,HIGH-RAM-ALIAS-CANDIDATE,mirror-hypothesis,binding-slot-call,ROM,static-abs.w,unknown,,1,jsr,,
bsc:ROM:F939AC:FF980C,$F939AC,ROM+0x139AC,mapped,ROM,$980C,$FF980C,$00980C,HIGH-RAM-ALIAS-CANDIDATE,mirror-hypothesis,binding-slot-call,ROM,static-abs.w,unknown,,1,jsr,,
bsc:ROM:F939B2:FF936E,$F939B2,ROM+0x139B2,mapped,ROM,$936E,$FF936E,$00936E,HIGH-RAM-ALIAS-CANDIDATE,mirror-hypothesis,binding-slot-call,ROM,static-abs.w,unknown,,1,jsr,,
bsc:ROM:F939CE:FF9932,$F939CE,ROM+0x139CE,mapped,ROM,$9932,$FF9932,$009932,HIGH-RAM-ALIAS-CANDIDATE,mirror-hypothesis,binding-slot-call,ROM,static-abs.w,unknown,,1,jsr,,
bsc:ROM:F939F4:FF9380,$F939F4,ROM+0x139F4,mapped,ROM,$9380,$FF9380,$009380,HIGH-RAM-ALIAS-CANDIDATE,mirror-hypothesis,binding-slot-call,ROM,static-abs.w,unknown,,1,jsr,,
bsc:ROM:F939FE:FF9848,$F939FE,ROM+0x139FE,mapped,ROM,$9848,$FF9848,$009848,HIGH-RAM-ALIAS-CANDIDATE,mirror-hypothesis,binding-slot-call,ROM,static-abs.w,unknown,,1,jsr,,
bsc:ROM:F93A02:FF95A2,$F93A02,ROM+0x13A02,mapped,ROM,$95A2,$FF95A2,$0095A2,HIGH-RAM-ALIAS-CANDIDATE,mirror-hypothesis,binding-slot-call,ROM,static-abs.w,unknown,,1,jsr,,
bsc:ROM:F93A06:FF8644,$F93A06,ROM+0x13A06,mapped,ROM,$8644,$FF8644,$008644,HIGH-RAM-ALIAS-CANDIDATE,mirror-hypothesis,binding-slot-call,ROM,static-abs.w,unknown,,1,jsr,,
bsc:ROM:F93A0E:FF9806,$F93A0E,ROM+0x13A0E,mapped,ROM,$9806,$FF9806,$009806,HIGH-RAM-ALIAS-CANDIDATE,mirror-hypothesis,binding-slot-call,ROM,static-abs.w,unknown,,1,jsr,,
bsc:ROM:F93A48:FF9A68,$F93A48,ROM+0x13A48,mapped,ROM,$9A68,$FF9A68,$009A68,HIGH-RAM-ALIAS-CANDIDATE,mirror-hypothesis,binding-slot-call,ROM,static-abs.w,unknown,,1,jsr,,
bsc:ROM:F93AEC:FF9A68,$F93AEC,ROM+0x13AEC,mapped,ROM,$9A68,$FF9A68,$009A68,HIGH-RAM-ALIAS-CANDIDATE,mirror-hypothesis,binding-slot-call,ROM,static-abs.w,unknown,,1,jsr,,
bsc:ROM:F93B06:FF9B70,$F93B06,ROM+0x13B06,mapped,ROM,$9B70,$FF9B70,$009B70,HIGH-RAM-ALIAS-CANDIDATE,mirror-hypothesis,binding-slot-call,ROM,static-abs.w,unknown,,1,jsr,,
bsc:ROM:F93B70:FF9A68,$F93B70,ROM+0x13B70,mapped,ROM,$9A68,$FF9A68,$009A68,HIGH-RAM-ALIAS-CANDIDATE,mirror-hypothesis,binding-slot-call,ROM,static-abs.w,unknown,,1,jsr,,
bsc:ROM:F93B74:FF9B6A,$F93B74,ROM+0x13B74,mapped,ROM,$9B6A,$FF9B6A,$009B6A,HIGH-RAM-ALIAS-CANDIDATE,mirror-hypothesis,binding-slot-call,ROM,static-abs.w,unknown,,1,jsr,,
bsc:ROM:F93B78:FF981E,$F93B78,ROM+0x13B78,mapped,ROM,$981E,$FF981E,$00981E,HIGH-RAM-ALIAS-CANDIDATE,mirror-hypothesis,binding-slot-call,ROM,static-abs.w,unknown,,1,jsr,,
bsc:ROM:F93B80:FF9B76,$F93B80,ROM+0x13B80,mapped,ROM,$9B76,$FF9B76,$009B76,HIGH-RAM-ALIAS-CANDIDATE,mirror-hypothesis,binding-slot-call,ROM,static-abs.w,unknown,,1,jsr,,
bsc:ROM:F93B8E:FF9656,$F93B8E,ROM+0x13B8E,mapped,ROM,$9656,$FF9656,$009656,HIGH-RAM-ALIAS-CANDIDATE,mirror-hypothesis,binding-slot-call,ROM,static-abs.w,unknown,,1,jsr,,
bsc:ROM:F93B9A:FF8818,$F93B9A,ROM+0x13B9A,mapped,ROM,$8818,$FF8818,$008818,HIGH-RAM-ALIAS-CANDIDATE,mirror-hypothesis,binding-slot-call,ROM,static-abs.w,unknown,,1,jsr,,
bsc:ROM:F93BAA:FF9602,$F93BAA,ROM+0x13BAA,mapped,ROM,$9602,$FF9602,$009602,HIGH-RAM-ALIAS-CANDIDATE,mirror-hypothesis,binding-slot-call,ROM,static-abs.w,unknown,,1,jsr,,
bsc:ROM:F93BB6:FF9A80,$F93BB6,ROM+0x13BB6,mapped,ROM,$9A80,$FF9A80,$009A80,HIGH-RAM-ALIAS-CANDIDATE,mirror-hypothesis,binding-slot-call,ROM,static-abs.w,unknown,,1,jsr,,
bsc:ROM:F93BCC:FF9B34,$F93BCC,ROM+0x13BCC,mapped,ROM,$9B34,$FF9B34,$009B34,HIGH-RAM-ALIAS-CANDIDATE,mirror-hypothesis,binding-slot-call,ROM,static-abs.w,unknown,,1,jsr,,
bsc:ROM:F93BDA:FF936E,$F93BDA,ROM+0x13BDA,mapped,ROM,$936E,$FF936E,$00936E,HIGH-RAM-ALIAS-CANDIDATE,mirror-hypothesis,binding-slot-call,ROM,static-abs.w,unknown,,1,jsr,,
bsc:ROM:F93BEC:FF957E,$F93BEC,ROM+0x13BEC,mapped,ROM,$957E,$FF957E,$00957E,HIGH-RAM-ALIAS-CANDIDATE,mirror-hypothesis,binding-slot-call,ROM,static-abs.w,unknown,,1,jsr,,
bsc:ROM:F93BF6:FF8BB0,$F93BF6,ROM+0x13BF6,mapped,ROM,$8BB0,$FF8BB0,$008BB0,HIGH-RAM-ALIAS-CANDIDATE,mirror-hypothesis,binding-slot-call,ROM,static-abs.w,unknown,,1,jsr,,
bsc:ROM:F93C46:FF9386,$F93C46,ROM+0x13C46,mapped,ROM,$9386,$FF9386,$009386,HIGH-RAM-ALIAS-CANDIDATE,mirror-hypothesis,binding-slot-call,ROM,static-abs.w,unknown,,1,jsr,,
bsc:ROM:F93C4A:FF9B82,$F93C4A,ROM+0x13C4A,mapped,ROM,$9B82,$FF9B82,$009B82,HIGH-RAM-ALIAS-CANDIDATE,mirror-hypothesis,binding-slot-call,ROM,static-abs.w,unknown,,1,jsr,,
bsc:ROM:F93C4E:FF9710,$F93C4E,ROM+0x13C4E,mapped,ROM,$9710,$FF9710,$009710,HIGH-RAM-ALIAS-CANDIDATE,mirror-hypothesis,binding-slot-call,ROM,static-abs.w,unknown,,1,jsr,,
bsc:ROM:F93C52:FF95D8,$F93C52,ROM+0x13C52,mapped,ROM,$95D8,$FF95D8,$0095D8,HIGH-RAM-ALIAS-CANDIDATE,mirror-hypothesis,binding-slot-call,ROM,static-abs.w,unknown,,1,jsr,,
bsc:ROM:F93CB6:FF9BA6,$F93CB6,ROM+0x13CB6,mapped,ROM,$9BA6,$FF9BA6,$009BA6,HIGH-RAM-ALIAS-CANDIDATE,mirror-hypothesis,binding-slot-call,ROM,static-abs.w,unknown,,1,jsr,,
bsc:ROM:F93D06:FF9B52,$F93D06,ROM+0x13D06,mapped,ROM,$9B52,$FF9B52,$009B52,HIGH-RAM-ALIAS-CANDIDATE,mirror-hypothesis,binding-slot-call,ROM,static-abs.w,unknown,,1,jmp,,
bsc:ROM:F93DF6:FF97E8,$F93DF6,ROM+0x13DF6,mapped,ROM,$97E8,$FF97E8,$0097E8,HIGH-RAM-ALIAS-CANDIDATE,mirror-hypothesis,binding-slot-call,ROM,static-abs.w,unknown,,1,jsr,,
bsc:ROM:F93E04:FF9812,$F93E04,ROM+0x13E04,mapped,ROM,$9812,$FF9812,$009812,HIGH-RAM-ALIAS-CANDIDATE,mirror-hypothesis,binding-slot-call,ROM,static-abs.w,unknown,,1,jsr,,
bsc:ROM:F93E0A:FF980C,$F93E0A,ROM+0x13E0A,mapped,ROM,$980C,$FF980C,$00980C,HIGH-RAM-ALIAS-CANDIDATE,mirror-hypothesis,binding-slot-call,ROM,static-abs.w,unknown,,1,jsr,,
bsc:ROM:F93E16:FF8818,$F93E16,ROM+0x13E16,mapped,ROM,$8818,$FF8818,$008818,HIGH-RAM-ALIAS-CANDIDATE,mirror-hypothesis,binding-slot-call,ROM,static-abs.w,unknown,,1,jmp,,
bsc:ROM:F93E6A:FF99AA,$F93E6A,ROM+0x13E6A,mapped,ROM,$99AA,$FF99AA,$0099AA,HIGH-RAM-ALIAS-CANDIDATE,mirror-hypothesis,binding-slot-call,ROM,static-abs.w,unknown,,1,jsr,,
bsc:ROM:F93E76:FF913C,$F93E76,ROM+0x13E76,mapped,ROM,$913C,$FF913C,$00913C,HIGH-RAM-ALIAS-CANDIDATE,mirror-hypothesis,binding-slot-call,ROM,static-abs.w,unknown,,1,jsr,,
bsc:ROM:F93ED0:FF9818,$F93ED0,ROM+0x13ED0,mapped,ROM,$9818,$FF9818,$009818,HIGH-RAM-ALIAS-CANDIDATE,mirror-hypothesis,binding-slot-call,ROM,static-abs.w,unknown,,1,jsr,,
bsc:ROM:F93ED8:FF980C,$F93ED8,ROM+0x13ED8,mapped,ROM,$980C,$FF980C,$00980C,HIGH-RAM-ALIAS-CANDIDATE,mirror-hypothesis,binding-slot-call,ROM,static-abs.w,unknown,,1,jsr,,
bsc:ROM:F93EFA:FF9656,$F93EFA,ROM+0x13EFA,mapped,ROM,$9656,$FF9656,$009656,HIGH-RAM-ALIAS-CANDIDATE,mirror-hypothesis,binding-slot-call,ROM,static-abs.w,unknown,,1,jsr,,
bsc:ROM:F93F04:FF936E,$F93F04,ROM+0x13F04,mapped,ROM,$936E,$FF936E,$00936E,HIGH-RAM-ALIAS-CANDIDATE,mirror-hypothesis,binding-slot-call,ROM,static-abs.w,unknown,,1,jsr,,
bsc:ROM:F93F10:FF957E,$F93F10,ROM+0x13F10,mapped,ROM,$957E,$FF957E,$00957E,HIGH-RAM-ALIAS-CANDIDATE,mirror-hypothesis,binding-slot-call,ROM,static-abs.w,unknown,,1,jsr,,
bsc:ROM:F93F1A:FF8BB0,$F93F1A,ROM+0x13F1A,mapped,ROM,$8BB0,$FF8BB0,$008BB0,HIGH-RAM-ALIAS-CANDIDATE,mirror-hypothesis,binding-slot-call,ROM,static-abs.w,unknown,,1,jsr,,
bsc:ROM:F93F40:FF95A2,$F93F40,ROM+0x13F40,mapped,ROM,$95A2,$FF95A2,$0095A2,HIGH-RAM-ALIAS-CANDIDATE,mirror-hypothesis,binding-slot-call,ROM,static-abs.w,unknown,,1,jsr,,
bsc:ROM:F93F44:FF8644,$F93F44,ROM+0x13F44,mapped,ROM,$8644,$FF8644,$008644,HIGH-RAM-ALIAS-CANDIDATE,mirror-hypothesis,binding-slot-call,ROM,static-abs.w,unknown,,1,jsr,,
bsc:ROM:F94250:FF9602,$F94250,ROM+0x14250,mapped,ROM,$9602,$FF9602,$009602,HIGH-RAM-ALIAS-CANDIDATE,mirror-hypothesis,binding-slot-call,ROM,static-abs.w,unknown,,1,jsr,,
bsc:ROM:F942D2:FF8644,$F942D2,ROM+0x142D2,mapped,ROM,$8644,$FF8644,$008644,HIGH-RAM-ALIAS-CANDIDATE,mirror-hypothesis,binding-slot-call,ROM,static-abs.w,unknown,,1,jsr,,
bsc:ROM:F942DC:FF95EA,$F942DC,ROM+0x142DC,mapped,ROM,$95EA,$FF95EA,$0095EA,HIGH-RAM-ALIAS-CANDIDATE,mirror-hypothesis,binding-slot-call,ROM,static-abs.w,unknown,,1,jsr,,
bsc:ROM:F942E0:FF948A,$F942E0,ROM+0x142E0,mapped,ROM,$948A,$FF948A,$00948A,HIGH-RAM-ALIAS-CANDIDATE,mirror-hypothesis,binding-slot-call,ROM,static-abs.w,unknown,,1,jsr,,
bsc:ROM:F9433A:FF99CE,$F9433A,ROM+0x1433A,mapped,ROM,$99CE,$FF99CE,$0099CE,HIGH-RAM-ALIAS-CANDIDATE,mirror-hypothesis,binding-slot-call,ROM,static-abs.w,unknown,,1,jsr,,
bsc:ROM:F94344:FF9CFE,$F94344,ROM+0x14344,mapped,ROM,$9CFE,$FF9CFE,$009CFE,HIGH-RAM-ALIAS-CANDIDATE,mirror-hypothesis,binding-slot-call,ROM,static-abs.w,unknown,,1,jsr,,
bsc:ROM:F94372:FF981E,$F94372,ROM+0x14372,mapped,ROM,$981E,$FF981E,$00981E,HIGH-RAM-ALIAS-CANDIDATE,mirror-hypothesis,binding-slot-call,ROM,static-abs.w,unknown,,1,jsr,,
bsc:ROM:F9437C:FF9B76,$F9437C,ROM+0x1437C,mapped,ROM,$9B76,$FF9B76,$009B76,HIGH-RAM-ALIAS-CANDIDATE,mirror-hypothesis,binding-slot-call,ROM,static-abs.w,unknown,,1,jsr,,
bsc:ROM:F9438E:FF9656,$F9438E,ROM+0x1438E,mapped,ROM,$9656,$FF9656,$009656,HIGH-RAM-ALIAS-CANDIDATE,mirror-hypothesis,binding-slot-call,ROM,static-abs.w,unknown,,1,jsr,,
bsc:ROM:F943D6:FF937A,$F943D6,ROM+0x143D6,mapped,ROM,$937A,$FF937A,$00937A,HIGH-RAM-ALIAS-CANDIDATE,mirror-hypothesis,binding-slot-call,ROM,static-abs.w,unknown,,1,jsr,,
bsc:ROM:F94454:FF89B8,$F94454,ROM+0x14454,mapped,ROM,$89B8,$FF89B8,$0089B8,HIGH-RAM-ALIAS-CANDIDATE,mirror-hypothesis,binding-slot-call,ROM,static-abs.w,unknown,,1,jsr,,
bsc:ROM:F9445E:FF89B4,$F9445E,ROM+0x1445E,mapped,ROM,$89B4,$FF89B4,$0089B4,HIGH-RAM-ALIAS-CANDIDATE,mirror-hypothesis,binding-slot-call,ROM,static-abs.w,unknown,,1,jsr,,
bsc:ROM:F94470:FF95A2,$F94470,ROM+0x14470,mapped,ROM,$95A2,$FF95A2,$0095A2,HIGH-RAM-ALIAS-CANDIDATE,mirror-hypothesis,binding-slot-call,ROM,static-abs.w,unknown,,1,jsr,,
bsc:ROM:F944B4:FF89B4,$F944B4,ROM+0x144B4,mapped,ROM,$89B4,$FF89B4,$0089B4,HIGH-RAM-ALIAS-CANDIDATE,mirror-hypothesis,binding-slot-call,ROM,static-abs.w,unknown,,1,jsr,,
bsc:ROM:F944BE:FF89B8,$F944BE,ROM+0x144BE,mapped,ROM,$89B8,$FF89B8,$0089B8,HIGH-RAM-ALIAS-CANDIDATE,mirror-hypothesis,binding-slot-call,ROM,static-abs.w,unknown,,1,jsr,,
bsc:ROM:F944E8:FF962C,$F944E8,ROM+0x144E8,mapped,ROM,$962C,$FF962C,$00962C,HIGH-RAM-ALIAS-CANDIDATE,mirror-hypothesis,binding-slot-call,ROM,static-abs.w,unknown,,1,jsr,,
bsc:ROM:F944F8:FF95C0,$F944F8,ROM+0x144F8,mapped,ROM,$95C0,$FF95C0,$0095C0,HIGH-RAM-ALIAS-CANDIDATE,mirror-hypothesis,binding-slot-call,ROM,static-abs.w,unknown,,1,jsr,,
bsc:ROM:F944FC:FF9BEE,$F944FC,ROM+0x144FC,mapped,ROM,$9BEE,$FF9BEE,$009BEE,HIGH-RAM-ALIAS-CANDIDATE,mirror-hypothesis,binding-slot-call,ROM,static-abs.w,unknown,,1,jsr,,
bsc:ROM:F94500:FF947E,$F94500,ROM+0x14500,mapped,ROM,$947E,$FF947E,$00947E,HIGH-RAM-ALIAS-CANDIDATE,mirror-hypothesis,binding-slot-call,ROM,static-abs.w,unknown,,1,jsr,,
bsc:ROM:F94514:FF95DE,$F94514,ROM+0x14514,mapped,ROM,$95DE,$FF95DE,$0095DE,HIGH-RAM-ALIAS-CANDIDATE,mirror-hypothesis,binding-slot-call,ROM,static-abs.w,unknown,,1,jsr,,
bsc:ROM:F94598:FF8CC8,$F94598,ROM+0x14598,mapped,ROM,$8CC8,$FF8CC8,$008CC8,HIGH-RAM-ALIAS-CANDIDATE,mirror-hypothesis,binding-slot-call,ROM,static-abs.w,unknown,,1,jsr,,
bsc:ROM:F9459C:FF9520,$F9459C,ROM+0x1459C,mapped,ROM,$9520,$FF9520,$009520,HIGH-RAM-ALIAS-CANDIDATE,mirror-hypothesis,binding-slot-call,ROM,static-abs.w,unknown,,1,jsr,,
bsc:ROM:F9471E:FF957E,$F9471E,ROM+0x1471E,mapped,ROM,$957E,$FF957E,$00957E,HIGH-RAM-ALIAS-CANDIDATE,mirror-hypothesis,binding-slot-call,ROM,static-abs.w,unknown,,1,jsr,,
bsc:ROM:F94816:FF8D06,$F94816,ROM+0x14816,mapped,ROM,$8D06,$FF8D06,$008D06,HIGH-RAM-ALIAS-CANDIDATE,mirror-hypothesis,binding-slot-call,ROM,static-abs.w,unknown,,1,jsr,,
bsc:ROM:F949B6:FF936E,$F949B6,ROM+0x149B6,mapped,ROM,$936E,$FF936E,$00936E,HIGH-RAM-ALIAS-CANDIDATE,mirror-hypothesis,binding-slot-call,ROM,static-abs.w,unknown,,1,jsr,,
bsc:ROM:F949C4:FF937A,$F949C4,ROM+0x149C4,mapped,ROM,$937A,$FF937A,$00937A,HIGH-RAM-ALIAS-CANDIDATE,mirror-hypothesis,binding-slot-call,ROM,static-abs.w,unknown,,1,jsr,,
bsc:ROM:F949C8:FF95D8,$F949C8,ROM+0x149C8,mapped,ROM,$95D8,$FF95D8,$0095D8,HIGH-RAM-ALIAS-CANDIDATE,mirror-hypothesis,binding-slot-call,ROM,static-abs.w,unknown,,1,jsr,,
bsc:ROM:F949CC:FF9710,$F949CC,ROM+0x149CC,mapped,ROM,$9710,$FF9710,$009710,HIGH-RAM-ALIAS-CANDIDATE,mirror-hypothesis,binding-slot-call,ROM,static-abs.w,unknown,,1,jsr,,
bsc:ROM:F949E4:FF8644,$F949E4,ROM+0x149E4,mapped,ROM,$8644,$FF8644,$008644,HIGH-RAM-ALIAS-CANDIDATE,mirror-hypothesis,binding-slot-call,ROM,static-abs.w,unknown,,1,jsr,,
bsc:ROM:F94AD8:FF936E,$F94AD8,ROM+0x14AD8,mapped,ROM,$936E,$FF936E,$00936E,HIGH-RAM-ALIAS-CANDIDATE,mirror-hypothesis,binding-slot-call,ROM,static-abs.w,unknown,,1,jsr,,
bsc:ROM:F94B08:FF9710,$F94B08,ROM+0x14B08,mapped,ROM,$9710,$FF9710,$009710,HIGH-RAM-ALIAS-CANDIDATE,mirror-hypothesis,binding-slot-call,ROM,static-abs.w,unknown,,1,jsr,,
bsc:ROM:F94B36:FF9380,$F94B36,ROM+0x14B36,mapped,ROM,$9380,$FF9380,$009380,HIGH-RAM-ALIAS-CANDIDATE,mirror-hypothesis,binding-slot-call,ROM,static-abs.w,unknown,,1,jsr,,
bsc:ROM:F94B4A:FF8644,$F94B4A,ROM+0x14B4A,mapped,ROM,$8644,$FF8644,$008644,HIGH-RAM-ALIAS-CANDIDATE,mirror-hypothesis,binding-slot-call,ROM,static-abs.w,unknown,,1,jsr,,
bsc:ROM:F94D22:FF9998,$F94D22,ROM+0x14D22,mapped,ROM,$9998,$FF9998,$009998,HIGH-RAM-ALIAS-CANDIDATE,mirror-hypothesis,binding-slot-call,ROM,static-abs.w,unknown,,1,jsr,,
bsc:ROM:F94E6E:FF8CC8,$F94E6E,ROM+0x14E6E,mapped,ROM,$8CC8,$FF8CC8,$008CC8,HIGH-RAM-ALIAS-CANDIDATE,mirror-hypothesis,binding-slot-call,ROM,static-abs.w,unknown,,1,jsr,,
bsc:ROM:F94E72:FF94DE,$F94E72,ROM+0x14E72,mapped,ROM,$94DE,$FF94DE,$0094DE,HIGH-RAM-ALIAS-CANDIDATE,mirror-hypothesis,binding-slot-call,ROM,static-abs.w,unknown,,1,jsr,,
bsc:ROM:F94F9A:FF9866,$F94F9A,ROM+0x14F9A,mapped,ROM,$9866,$FF9866,$009866,HIGH-RAM-ALIAS-CANDIDATE,mirror-hypothesis,binding-slot-call,ROM,static-abs.w,unknown,,1,jsr,,
bsc:ROM:F94FDE:FF95A8,$F94FDE,ROM+0x14FDE,mapped,ROM,$95A8,$FF95A8,$0095A8,HIGH-RAM-ALIAS-CANDIDATE,mirror-hypothesis,binding-slot-call,ROM,static-abs.w,unknown,,1,jsr,,
bsc:ROM:F94FEC:FF97E8,$F94FEC,ROM+0x14FEC,mapped,ROM,$97E8,$FF97E8,$0097E8,HIGH-RAM-ALIAS-CANDIDATE,mirror-hypothesis,binding-slot-call,ROM,static-abs.w,unknown,,1,jsr,,
bsc:ROM:F94FF8:FF9818,$F94FF8,ROM+0x14FF8,mapped,ROM,$9818,$FF9818,$009818,HIGH-RAM-ALIAS-CANDIDATE,mirror-hypothesis,binding-slot-call,ROM,static-abs.w,unknown,,1,jsr,,
bsc:ROM:F9504E:FF89B8,$F9504E,ROM+0x1504E,mapped,ROM,$89B8,$FF89B8,$0089B8,HIGH-RAM-ALIAS-CANDIDATE,mirror-hypothesis,binding-slot-call,ROM,static-abs.w,unknown,,1,jsr,,
bsc:ROM:F95076:FF9F0E,$F95076,ROM+0x15076,mapped,ROM,$9F0E,$FF9F0E,$009F0E,HIGH-RAM-ALIAS-CANDIDATE,mirror-hypothesis,binding-slot-call,ROM,static-abs.w,unknown,,1,jsr,,
bsc:ROM:F9507E:FF9C50,$F9507E,ROM+0x1507E,mapped,ROM,$9C50,$FF9C50,$009C50,HIGH-RAM-ALIAS-CANDIDATE,mirror-hypothesis,binding-slot-call,ROM,static-abs.w,unknown,,1,jsr,,
bsc:ROM:F9508C:FF9F08,$F9508C,ROM+0x1508C,mapped,ROM,$9F08,$FF9F08,$009F08,HIGH-RAM-ALIAS-CANDIDATE,mirror-hypothesis,binding-slot-call,ROM,static-abs.w,unknown,,1,jsr,,
bsc:ROM:F950A8:FF9F0E,$F950A8,ROM+0x150A8,mapped,ROM,$9F0E,$FF9F0E,$009F0E,HIGH-RAM-ALIAS-CANDIDATE,mirror-hypothesis,binding-slot-call,ROM,static-abs.w,unknown,,1,jsr,,
bsc:ROM:F950B0:FF9D4C,$F950B0,ROM+0x150B0,mapped,ROM,$9D4C,$FF9D4C,$009D4C,HIGH-RAM-ALIAS-CANDIDATE,mirror-hypothesis,binding-slot-call,ROM,static-abs.w,unknown,,1,jsr,,
bsc:ROM:F950B8:FF9C98,$F950B8,ROM+0x150B8,mapped,ROM,$9C98,$FF9C98,$009C98,HIGH-RAM-ALIAS-CANDIDATE,mirror-hypothesis,binding-slot-call,ROM,static-abs.w,unknown,,1,jsr,,
bsc:ROM:F950C6:FF9F08,$F950C6,ROM+0x150C6,mapped,ROM,$9F08,$FF9F08,$009F08,HIGH-RAM-ALIAS-CANDIDATE,mirror-hypothesis,binding-slot-call,ROM,static-abs.w,unknown,,1,jsr,,
bsc:ROM:F950DE:FF95AE,$F950DE,ROM+0x150DE,mapped,ROM,$95AE,$FF95AE,$0095AE,HIGH-RAM-ALIAS-CANDIDATE,mirror-hypothesis,binding-slot-call,ROM,static-abs.w,unknown,,1,jsr,,
bsc:ROM:F950EC:FF9F14,$F950EC,ROM+0x150EC,mapped,ROM,$9F14,$FF9F14,$009F14,HIGH-RAM-ALIAS-CANDIDATE,mirror-hypothesis,binding-slot-call,ROM,static-abs.w,unknown,,1,jsr,,
bsc:ROM:F950F4:FF9D4C,$F950F4,ROM+0x150F4,mapped,ROM,$9D4C,$FF9D4C,$009D4C,HIGH-RAM-ALIAS-CANDIDATE,mirror-hypothesis,binding-slot-call,ROM,static-abs.w,unknown,,1,jsr,,
bsc:ROM:F95126:FF936E,$F95126,ROM+0x15126,mapped,ROM,$936E,$FF936E,$00936E,HIGH-RAM-ALIAS-CANDIDATE,mirror-hypothesis,binding-slot-call,ROM,static-abs.w,unknown,,1,jsr,,
bsc:ROM:F95138:FF9380,$F95138,ROM+0x15138,mapped,ROM,$9380,$FF9380,$009380,HIGH-RAM-ALIAS-CANDIDATE,mirror-hypothesis,binding-slot-call,ROM,static-abs.w,unknown,,1,jsr,,
bsc:ROM:F9513C:FF95D8,$F9513C,ROM+0x1513C,mapped,ROM,$95D8,$FF95D8,$0095D8,HIGH-RAM-ALIAS-CANDIDATE,mirror-hypothesis,binding-slot-call,ROM,static-abs.w,unknown,,1,jsr,,
bsc:ROM:F9514A:FF9818,$F9514A,ROM+0x1514A,mapped,ROM,$9818,$FF9818,$009818,HIGH-RAM-ALIAS-CANDIDATE,mirror-hypothesis,binding-slot-call,ROM,static-abs.w,unknown,,1,jsr,,
bsc:ROM:F95150:FF9848,$F95150,ROM+0x15150,mapped,ROM,$9848,$FF9848,$009848,HIGH-RAM-ALIAS-CANDIDATE,mirror-hypothesis,binding-slot-call,ROM,static-abs.w,unknown,,1,jsr,,
bsc:ROM:F95176:FF8644,$F95176,ROM+0x15176,mapped,ROM,$8644,$FF8644,$008644,HIGH-RAM-ALIAS-CANDIDATE,mirror-hypothesis,binding-slot-call,ROM,static-abs.w,unknown,,1,jsr,,
bsc:ROM:F9518C:FF936E,$F9518C,ROM+0x1518C,mapped,ROM,$936E,$FF936E,$00936E,HIGH-RAM-ALIAS-CANDIDATE,mirror-hypothesis,binding-slot-call,ROM,static-abs.w,unknown,,1,jsr,,
bsc:ROM:F95196:FF9D4C,$F95196,ROM+0x15196,mapped,ROM,$9D4C,$FF9D4C,$009D4C,HIGH-RAM-ALIAS-CANDIDATE,mirror-hypothesis,binding-slot-call,ROM,static-abs.w,unknown,,1,jsr,,
bsc:ROM:F951A8:FF9380,$F951A8,ROM+0x151A8,mapped,ROM,$9380,$FF9380,$009380,HIGH-RAM-ALIAS-CANDIDATE,mirror-hypothesis,binding-slot-call,ROM,static-abs.w,unknown,,1,jsr,,
bsc:ROM:F951BE:FF9818,$F951BE,ROM+0x151BE,mapped,ROM,$9818,$FF9818,$009818,HIGH-RAM-ALIAS-CANDIDATE,mirror-hypothesis,binding-slot-call,ROM,static-abs.w,unknown,,1,jsr,,
bsc:ROM:F951C4:FF9848,$F951C4,ROM+0x151C4,mapped,ROM,$9848,$FF9848,$009848,HIGH-RAM-ALIAS-CANDIDATE,mirror-hypothesis,binding-slot-call,ROM,static-abs.w,unknown,,1,jsr,,
bsc:ROM:F951D4:FF8644,$F951D4,ROM+0x151D4,mapped,ROM,$8644,$FF8644,$008644,HIGH-RAM-ALIAS-CANDIDATE,mirror-hypothesis,binding-slot-call,ROM,static-abs.w,unknown,,1,jsr,,
bsc:ROM:F951EA:FF9EFC,$F951EA,ROM+0x151EA,mapped,ROM,$9EFC,$FF9EFC,$009EFC,HIGH-RAM-ALIAS-CANDIDATE,mirror-hypothesis,binding-slot-call,ROM,static-abs.w,unknown,,1,jsr,,
bsc:ROM:F951F4:FF9EFC,$F951F4,ROM+0x151F4,mapped,ROM,$9EFC,$FF9EFC,$009EFC,HIGH-RAM-ALIAS-CANDIDATE,mirror-hypothesis,binding-slot-call,ROM,static-abs.w,unknown,,1,jsr,,
bsc:ROM:F951FE:FF9F0E,$F951FE,ROM+0x151FE,mapped,ROM,$9F0E,$FF9F0E,$009F0E,HIGH-RAM-ALIAS-CANDIDATE,mirror-hypothesis,binding-slot-call,ROM,static-abs.w,unknown,,1,jsr,,
bsc:ROM:F95202:FF95A2,$F95202,ROM+0x15202,mapped,ROM,$95A2,$FF95A2,$0095A2,HIGH-RAM-ALIAS-CANDIDATE,mirror-hypothesis,binding-slot-call,ROM,static-abs.w,unknown,,1,jsr,,
bsc:ROM:F9520C:FF9818,$F9520C,ROM+0x1520C,mapped,ROM,$9818,$FF9818,$009818,HIGH-RAM-ALIAS-CANDIDATE,mirror-hypothesis,binding-slot-call,ROM,static-abs.w,unknown,,1,jsr,,
bsc:ROM:F95222:FF97E8,$F95222,ROM+0x15222,mapped,ROM,$97E8,$FF97E8,$0097E8,HIGH-RAM-ALIAS-CANDIDATE,mirror-hypothesis,binding-slot-call,ROM,static-abs.w,unknown,,1,jsr,,
bsc:ROM:F95226:FF9BF4,$F95226,ROM+0x15226,mapped,ROM,$9BF4,$FF9BF4,$009BF4,HIGH-RAM-ALIAS-CANDIDATE,mirror-hypothesis,binding-slot-call,ROM,static-abs.w,unknown,,1,jsr,,
bsc:ROM:F95230:FF89B4,$F95230,ROM+0x15230,mapped,ROM,$89B4,$FF89B4,$0089B4,HIGH-RAM-ALIAS-CANDIDATE,mirror-hypothesis,binding-slot-call,ROM,static-abs.w,unknown,,1,jsr,,
bsc:ROM:F9525C:FF9EF0,$F9525C,ROM+0x1525C,mapped,ROM,$9EF0,$FF9EF0,$009EF0,HIGH-RAM-ALIAS-CANDIDATE,mirror-hypothesis,binding-slot-call,ROM,static-abs.w,unknown,,1,jsr,,
bsc:ROM:F95272:FF9EF6,$F95272,ROM+0x15272,mapped,ROM,$9EF6,$FF9EF6,$009EF6,HIGH-RAM-ALIAS-CANDIDATE,mirror-hypothesis,binding-slot-call,ROM,static-abs.w,unknown,,1,jsr,,
bsc:ROM:F952E0:FF9818,$F952E0,ROM+0x152E0,mapped,ROM,$9818,$FF9818,$009818,HIGH-RAM-ALIAS-CANDIDATE,mirror-hypothesis,binding-slot-call,ROM,static-abs.w,unknown,,1,jsr,,
bsc:ROM:F9531E:FF9F14,$F9531E,ROM+0x1531E,mapped,ROM,$9F14,$FF9F14,$009F14,HIGH-RAM-ALIAS-CANDIDATE,mirror-hypothesis,binding-slot-call,ROM,static-abs.w,unknown,,1,jsr,,
bsc:ROM:F95322:FF9D4C,$F95322,ROM+0x15322,mapped,ROM,$9D4C,$FF9D4C,$009D4C,HIGH-RAM-ALIAS-CANDIDATE,mirror-hypothesis,binding-slot-call,ROM,static-abs.w,unknown,,1,jsr,,
bsc:ROM:F95326:FF95D8,$F95326,ROM+0x15326,mapped,ROM,$95D8,$FF95D8,$0095D8,HIGH-RAM-ALIAS-CANDIDATE,mirror-hypothesis,binding-slot-call,ROM,static-abs.w,unknown,,1,jsr,,
bsc:ROM:F95382:FF95A8,$F95382,ROM+0x15382,mapped,ROM,$95A8,$FF95A8,$0095A8,HIGH-RAM-ALIAS-CANDIDATE,mirror-hypothesis,binding-slot-call,ROM,static-abs.w,unknown,,1,jsr,,
bsc:ROM:F95386:FF95AE,$F95386,ROM+0x15386,mapped,ROM,$95AE,$FF95AE,$0095AE,HIGH-RAM-ALIAS-CANDIDATE,mirror-hypothesis,binding-slot-call,ROM,static-abs.w,unknown,,1,jsr,,
bsc:ROM:F9538E:FF985A,$F9538E,ROM+0x1538E,mapped,ROM,$985A,$FF985A,$00985A,HIGH-RAM-ALIAS-CANDIDATE,mirror-hypothesis,binding-slot-call,ROM,static-abs.w,unknown,,1,jsr,,
bsc:ROM:F953AC:FF8BB0,$F953AC,ROM+0x153AC,mapped,ROM,$8BB0,$FF8BB0,$008BB0,HIGH-RAM-ALIAS-CANDIDATE,mirror-hypothesis,binding-slot-call,ROM,static-abs.w,unknown,,1,jsr,,
bsc:ROM:F953B0:FF95A2,$F953B0,ROM+0x153B0,mapped,ROM,$95A2,$FF95A2,$0095A2,HIGH-RAM-ALIAS-CANDIDATE,mirror-hypothesis,binding-slot-call,ROM,static-abs.w,unknown,,1,jsr,,
bsc:ROM:F953C4:FF985A,$F953C4,ROM+0x153C4,mapped,ROM,$985A,$FF985A,$00985A,HIGH-RAM-ALIAS-CANDIDATE,mirror-hypothesis,binding-slot-call,ROM,static-abs.w,unknown,,1,jsr,,
bsc:ROM:F953F2:FF9F4E,$F953F2,ROM+0x153F2,mapped,ROM,$9F4E,$FF9F4E,$009F4E,HIGH-RAM-ALIAS-CANDIDATE,mirror-hypothesis,binding-slot-call,ROM,static-abs.w,unknown,,1,jsr,,
bsc:ROM:F953F6:FF95A2,$F953F6,ROM+0x153F6,mapped,ROM,$95A2,$FF95A2,$0095A2,HIGH-RAM-ALIAS-CANDIDATE,mirror-hypothesis,binding-slot-call,ROM,static-abs.w,unknown,,1,jsr,,
bsc:ROM:F953FA:FF9F5A,$F953FA,ROM+0x153FA,mapped,ROM,$9F5A,$FF9F5A,$009F5A,HIGH-RAM-ALIAS-CANDIDATE,mirror-hypothesis,binding-slot-call,ROM,static-abs.w,unknown,,1,jsr,,
bsc:ROM:F953FE:FF9F66,$F953FE,ROM+0x153FE,mapped,ROM,$9F66,$FF9F66,$009F66,HIGH-RAM-ALIAS-CANDIDATE,mirror-hypothesis,binding-slot-call,ROM,static-abs.w,unknown,,1,jsr,,
bsc:ROM:F95402:FF9F54,$F95402,ROM+0x15402,mapped,ROM,$9F54,$FF9F54,$009F54,HIGH-RAM-ALIAS-CANDIDATE,mirror-hypothesis,binding-slot-call,ROM,static-abs.w,unknown,,1,jsr,,
bsc:ROM:F9542C:FF864A,$F9542C,ROM+0x1542C,mapped,ROM,$864A,$FF864A,$00864A,HIGH-RAM-ALIAS-CANDIDATE,mirror-hypothesis,binding-slot-call,ROM,static-abs.w,unknown,,1,jsr,,
bsc:ROM:F95432:FF8644,$F95432,ROM+0x15432,mapped,ROM,$8644,$FF8644,$008644,HIGH-RAM-ALIAS-CANDIDATE,mirror-hypothesis,binding-slot-call,ROM,static-abs.w,unknown,,1,jsr,,
bsc:ROM:F95478:FF9806,$F95478,ROM+0x15478,mapped,ROM,$9806,$FF9806,$009806,HIGH-RAM-ALIAS-CANDIDATE,mirror-hypothesis,binding-slot-call,ROM,static-abs.w,unknown,,1,jmp,,
bsc:ROM:F954A0:FF864A,$F954A0,ROM+0x154A0,mapped,ROM,$864A,$FF864A,$00864A,HIGH-RAM-ALIAS-CANDIDATE,mirror-hypothesis,binding-slot-call,ROM,static-abs.w,unknown,,1,jsr,,
bsc:ROM:F954C2:FF896C,$F954C2,ROM+0x154C2,mapped,ROM,$896C,$FF896C,$00896C,HIGH-RAM-ALIAS-CANDIDATE,mirror-hypothesis,binding-slot-call,ROM,static-abs.w,unknown,,1,jsr,,
bsc:ROM:F954CA:FF8644,$F954CA,ROM+0x154CA,mapped,ROM,$8644,$FF8644,$008644,HIGH-RAM-ALIAS-CANDIDATE,mirror-hypothesis,binding-slot-call,ROM,static-abs.w,unknown,,1,jsr,,
bsc:ROM:F954D6:FF8BB0,$F954D6,ROM+0x154D6,mapped,ROM,$8BB0,$FF8BB0,$008BB0,HIGH-RAM-ALIAS-CANDIDATE,mirror-hypothesis,binding-slot-call,ROM,static-abs.w,unknown,,1,jsr,,
bsc:ROM:F95566:FFA03E,$F95566,ROM+0x15566,mapped,ROM,$A03E,$FFA03E,,HIGH-RAM,direct,binding-slot-call,ROM,static-abs.w,unknown,,1,jsr,,
bsc:ROM:F9556A:FF9F48,$F9556A,ROM+0x1556A,mapped,ROM,$9F48,$FF9F48,$009F48,HIGH-RAM-ALIAS-CANDIDATE,mirror-hypothesis,binding-slot-call,ROM,static-abs.w,unknown,,1,jsr,,
bsc:ROM:F95570:FF9818,$F95570,ROM+0x15570,mapped,ROM,$9818,$FF9818,$009818,HIGH-RAM-ALIAS-CANDIDATE,mirror-hypothesis,binding-slot-call,ROM,static-abs.w,unknown,,1,jsr,,
bsc:ROM:F9558A:FF9F4E,$F9558A,ROM+0x1558A,mapped,ROM,$9F4E,$FF9F4E,$009F4E,HIGH-RAM-ALIAS-CANDIDATE,mirror-hypothesis,binding-slot-call,ROM,static-abs.w,unknown,,1,jsr,,
bsc:ROM:F95596:FF9F5A,$F95596,ROM+0x15596,mapped,ROM,$9F5A,$FF9F5A,$009F5A,HIGH-RAM-ALIAS-CANDIDATE,mirror-hypothesis,binding-slot-call,ROM,static-abs.w,unknown,,1,jsr,,
bsc:ROM:F955A2:FF9F5A,$F955A2,ROM+0x155A2,mapped,ROM,$9F5A,$FF9F5A,$009F5A,HIGH-RAM-ALIAS-CANDIDATE,mirror-hypothesis,binding-slot-call,ROM,static-abs.w,unknown,,1,jsr,,
bsc:ROM:F955A6:FF9F6C,$F955A6,ROM+0x155A6,mapped,ROM,$9F6C,$FF9F6C,$009F6C,HIGH-RAM-ALIAS-CANDIDATE,mirror-hypothesis,binding-slot-call,ROM,static-abs.w,unknown,,1,jsr,,
bsc:ROM:F955AA:FF9F54,$F955AA,ROM+0x155AA,mapped,ROM,$9F54,$FF9F54,$009F54,HIGH-RAM-ALIAS-CANDIDATE,mirror-hypothesis,binding-slot-call,ROM,static-abs.w,unknown,,1,jsr,,
bsc:ROM:F955C6:FF9F48,$F955C6,ROM+0x155C6,mapped,ROM,$9F48,$FF9F48,$009F48,HIGH-RAM-ALIAS-CANDIDATE,mirror-hypothesis,binding-slot-call,ROM,static-abs.w,unknown,,1,jsr,,
bsc:ROM:F955CA:FF8972,$F955CA,ROM+0x155CA,mapped,ROM,$8972,$FF8972,$008972,HIGH-RAM-ALIAS-CANDIDATE,mirror-hypothesis,binding-slot-call,ROM,static-abs.w,unknown,,1,jsr,,
bsc:ROM:F955CE:FF9112,$F955CE,ROM+0x155CE,mapped,ROM,$9112,$FF9112,$009112,HIGH-RAM-ALIAS-CANDIDATE,mirror-hypothesis,binding-slot-call,ROM,static-abs.w,unknown,,1,jsr,,
bsc:ROM:F955D2:FF95A2,$F955D2,ROM+0x155D2,mapped,ROM,$95A2,$FF95A2,$0095A2,HIGH-RAM-ALIAS-CANDIDATE,mirror-hypothesis,binding-slot-call,ROM,static-abs.w,unknown,,1,jsr,,
bsc:ROM:F955D6:FF9F60,$F955D6,ROM+0x155D6,mapped,ROM,$9F60,$FF9F60,$009F60,HIGH-RAM-ALIAS-CANDIDATE,mirror-hypothesis,binding-slot-call,ROM,static-abs.w,unknown,,1,jsr,,
bsc:ROM:F955E4:FF9908,$F955E4,ROM+0x155E4,mapped,ROM,$9908,$FF9908,$009908,HIGH-RAM-ALIAS-CANDIDATE,mirror-hypothesis,binding-slot-call,ROM,static-abs.w,unknown,,1,jsr,,
bsc:ROM:F955E8:FF97EE,$F955E8,ROM+0x155E8,mapped,ROM,$97EE,$FF97EE,$0097EE,HIGH-RAM-ALIAS-CANDIDATE,mirror-hypothesis,binding-slot-call,ROM,static-abs.w,unknown,,1,jsr,,
bsc:ROM:F955EC:FF8CAA,$F955EC,ROM+0x155EC,mapped,ROM,$8CAA,$FF8CAA,$008CAA,HIGH-RAM-ALIAS-CANDIDATE,mirror-hypothesis,binding-slot-call,ROM,static-abs.w,unknown,,1,jmp,,
bsc:ROM:F955FC:FF9818,$F955FC,ROM+0x155FC,mapped,ROM,$9818,$FF9818,$009818,HIGH-RAM-ALIAS-CANDIDATE,mirror-hypothesis,binding-slot-call,ROM,static-abs.w,unknown,,1,jsr,,
bsc:ROM:F95624:FF980C,$F95624,ROM+0x15624,mapped,ROM,$980C,$FF980C,$00980C,HIGH-RAM-ALIAS-CANDIDATE,mirror-hypothesis,binding-slot-call,ROM,static-abs.w,unknown,,1,jsr,,
bsc:ROM:F95634:FF9656,$F95634,ROM+0x15634,mapped,ROM,$9656,$FF9656,$009656,HIGH-RAM-ALIAS-CANDIDATE,mirror-hypothesis,binding-slot-call,ROM,static-abs.w,unknown,,1,jsr,,
bsc:ROM:F9566A:FF95A2,$F9566A,ROM+0x1566A,mapped,ROM,$95A2,$FF95A2,$0095A2,HIGH-RAM-ALIAS-CANDIDATE,mirror-hypothesis,binding-slot-call,ROM,static-abs.w,unknown,,1,jsr,,
bsc:ROM:F95680:FF98EA,$F95680,ROM+0x15680,mapped,ROM,$98EA,$FF98EA,$0098EA,HIGH-RAM-ALIAS-CANDIDATE,mirror-hypothesis,binding-slot-call,ROM,static-abs.w,unknown,,1,jsr,,
bsc:ROM:F956B6:FF95A8,$F956B6,ROM+0x156B6,mapped,ROM,$95A8,$FF95A8,$0095A8,HIGH-RAM-ALIAS-CANDIDATE,mirror-hypothesis,binding-slot-call,ROM,static-abs.w,unknown,,1,jsr,,
bsc:ROM:F956BE:FF9818,$F956BE,ROM+0x156BE,mapped,ROM,$9818,$FF9818,$009818,HIGH-RAM-ALIAS-CANDIDATE,mirror-hypothesis,binding-slot-call,ROM,static-abs.w,unknown,,1,jsr,,
bsc:ROM:F956DE:FF937A,$F956DE,ROM+0x156DE,mapped,ROM,$937A,$FF937A,$00937A,HIGH-RAM-ALIAS-CANDIDATE,mirror-hypothesis,binding-slot-call,ROM,static-abs.w,unknown,,1,jsr,,
bsc:ROM:F956E2:FF9848,$F956E2,ROM+0x156E2,mapped,ROM,$9848,$FF9848,$009848,HIGH-RAM-ALIAS-CANDIDATE,mirror-hypothesis,binding-slot-call,ROM,static-abs.w,unknown,,1,jsr,,
bsc:ROM:F956E6:FF9FA2,$F956E6,ROM+0x156E6,mapped,ROM,$9FA2,$FF9FA2,$009FA2,HIGH-RAM-ALIAS-CANDIDATE,mirror-hypothesis,binding-slot-call,ROM,static-abs.w,unknown,,1,jsr,,
bsc:ROM:F956EA:FF95A2,$F956EA,ROM+0x156EA,mapped,ROM,$95A2,$FF95A2,$0095A2,HIGH-RAM-ALIAS-CANDIDATE,mirror-hypothesis,binding-slot-call,ROM,static-abs.w,unknown,,1,jsr,,
bsc:ROM:F956FA:FF9818,$F956FA,ROM+0x156FA,mapped,ROM,$9818,$FF9818,$009818,HIGH-RAM-ALIAS-CANDIDATE,mirror-hypothesis,binding-slot-call,ROM,static-abs.w,unknown,,1,jsr,,
bsc:ROM:F95736:FF9818,$F95736,ROM+0x15736,mapped,ROM,$9818,$FF9818,$009818,HIGH-RAM-ALIAS-CANDIDATE,mirror-hypothesis,binding-slot-call,ROM,static-abs.w,unknown,,1,jsr,,
bsc:ROM:F95780:FF9F66,$F95780,ROM+0x15780,mapped,ROM,$9F66,$FF9F66,$009F66,HIGH-RAM-ALIAS-CANDIDATE,mirror-hypothesis,binding-slot-call,ROM,static-abs.w,unknown,,1,jsr,,
bsc:ROM:F957A6:FF9386,$F957A6,ROM+0x157A6,mapped,ROM,$9386,$FF9386,$009386,HIGH-RAM-ALIAS-CANDIDATE,mirror-hypothesis,binding-slot-call,ROM,static-abs.w,unknown,,1,jsr,,
bsc:ROM:F957B0:FF9746,$F957B0,ROM+0x157B0,mapped,ROM,$9746,$FF9746,$009746,HIGH-RAM-ALIAS-CANDIDATE,mirror-hypothesis,binding-slot-call,ROM,static-abs.w,unknown,,1,jsr,,
bsc:ROM:F957B4:FF9710,$F957B4,ROM+0x157B4,mapped,ROM,$9710,$FF9710,$009710,HIGH-RAM-ALIAS-CANDIDATE,mirror-hypothesis,binding-slot-call,ROM,static-abs.w,unknown,,1,jsr,,
bsc:ROM:F957B8:FF95D8,$F957B8,ROM+0x157B8,mapped,ROM,$95D8,$FF95D8,$0095D8,HIGH-RAM-ALIAS-CANDIDATE,mirror-hypothesis,binding-slot-call,ROM,static-abs.w,unknown,,1,jsr,,
bsc:ROM:F957BC:FF938C,$F957BC,ROM+0x157BC,mapped,ROM,$938C,$FF938C,$00938C,HIGH-RAM-ALIAS-CANDIDATE,mirror-hypothesis,binding-slot-call,ROM,static-abs.w,unknown,,1,jsr,,
bsc:ROM:F957DE:FF9392,$F957DE,ROM+0x157DE,mapped,ROM,$9392,$FF9392,$009392,HIGH-RAM-ALIAS-CANDIDATE,mirror-hypothesis,binding-slot-call,ROM,static-abs.w,unknown,,1,jsr,,
bsc:ROM:F957E2:FF9374,$F957E2,ROM+0x157E2,mapped,ROM,$9374,$FF9374,$009374,HIGH-RAM-ALIAS-CANDIDATE,mirror-hypothesis,binding-slot-call,ROM,static-abs.w,unknown,,1,jmp,,
bsc:ROM:F9580C:FF9602,$F9580C,ROM+0x1580C,mapped,ROM,$9602,$FF9602,$009602,HIGH-RAM-ALIAS-CANDIDATE,mirror-hypothesis,binding-slot-call,ROM,static-abs.w,unknown,,1,jsr,,
bsc:ROM:F95834:FF9F90,$F95834,ROM+0x15834,mapped,ROM,$9F90,$FF9F90,$009F90,HIGH-RAM-ALIAS-CANDIDATE,mirror-hypothesis,binding-slot-call,ROM,static-abs.w,unknown,,1,jsr,,
bsc:ROM:F95872:FF9F90,$F95872,ROM+0x15872,mapped,ROM,$9F90,$FF9F90,$009F90,HIGH-RAM-ALIAS-CANDIDATE,mirror-hypothesis,binding-slot-call,ROM,static-abs.w,unknown,,1,jmp,,
bsc:ROM:F9587C:FF9F96,$F9587C,ROM+0x1587C,mapped,ROM,$9F96,$FF9F96,$009F96,HIGH-RAM-ALIAS-CANDIDATE,mirror-hypothesis,binding-slot-call,ROM,static-abs.w,unknown,,1,jsr,,
bsc:ROM:F9589A:FF9F78,$F9589A,ROM+0x1589A,mapped,ROM,$9F78,$FF9F78,$009F78,HIGH-RAM-ALIAS-CANDIDATE,mirror-hypothesis,binding-slot-call,ROM,static-abs.w,unknown,,1,jmp,,
bsc:ROM:F958A6:FF9F96,$F958A6,ROM+0x158A6,mapped,ROM,$9F96,$FF9F96,$009F96,HIGH-RAM-ALIAS-CANDIDATE,mirror-hypothesis,binding-slot-call,ROM,static-abs.w,unknown,,1,jsr,,
bsc:ROM:F958DC:FF9F90,$F958DC,ROM+0x158DC,mapped,ROM,$9F90,$FF9F90,$009F90,HIGH-RAM-ALIAS-CANDIDATE,mirror-hypothesis,binding-slot-call,ROM,static-abs.w,unknown,,1,jmp,,
bsc:ROM:F95902:FF9F7E,$F95902,ROM+0x15902,mapped,ROM,$9F7E,$FF9F7E,$009F7E,HIGH-RAM-ALIAS-CANDIDATE,mirror-hypothesis,binding-slot-call,ROM,static-abs.w,unknown,,1,jmp,,
bsc:ROM:F9596A:FF9F84,$F9596A,ROM+0x1596A,mapped,ROM,$9F84,$FF9F84,$009F84,HIGH-RAM-ALIAS-CANDIDATE,mirror-hypothesis,binding-slot-call,ROM,static-abs.w,unknown,,1,jmp,,
bsc:ROM:F959A0:FF9F90,$F959A0,ROM+0x159A0,mapped,ROM,$9F90,$FF9F90,$009F90,HIGH-RAM-ALIAS-CANDIDATE,mirror-hypothesis,binding-slot-call,ROM,static-abs.w,unknown,,1,jmp,,
bsc:ROM:F959D6:FF896C,$F959D6,ROM+0x159D6,mapped,ROM,$896C,$FF896C,$00896C,HIGH-RAM-ALIAS-CANDIDATE,mirror-hypothesis,binding-slot-call,ROM,static-abs.w,unknown,,1,jsr,,
bsc:ROM:F95C48:FF896C,$F95C48,ROM+0x15C48,mapped,ROM,$896C,$FF896C,$00896C,HIGH-RAM-ALIAS-CANDIDATE,mirror-hypothesis,binding-slot-call,ROM,static-abs.w,unknown,,1,jsr,,
bsc:ROM:F95E94:FF8996,$F95E94,ROM+0x15E94,mapped,ROM,$8996,$FF8996,$008996,HIGH-RAM-ALIAS-CANDIDATE,mirror-hypothesis,binding-slot-call,ROM,static-abs.w,unknown,,1,jsr,,
bsc:ROM:F95F58:FF9062,$F95F58,ROM+0x15F58,mapped,ROM,$9062,$FF9062,$009062,HIGH-RAM-ALIAS-CANDIDATE,mirror-hypothesis,binding-slot-call,ROM,static-abs.w,unknown,,1,jsr,,
bsc:ROM:F95F7A:FF9062,$F95F7A,ROM+0x15F7A,mapped,ROM,$9062,$FF9062,$009062,HIGH-RAM-ALIAS-CANDIDATE,mirror-hypothesis,binding-slot-call,ROM,static-abs.w,unknown,,1,jsr,,
bsc:ROM:F96A34:FF8848,$F96A34,ROM+0x16A34,mapped,ROM,$8848,$FF8848,$008848,HIGH-RAM-ALIAS-CANDIDATE,mirror-hypothesis,binding-slot-call,ROM,static-abs.w,unknown,,1,jsr,,
bsc:ROM:F96A38:FF864A,$F96A38,ROM+0x16A38,mapped,ROM,$864A,$FF864A,$00864A,HIGH-RAM-ALIAS-CANDIDATE,mirror-hypothesis,binding-slot-call,ROM,static-abs.w,unknown,,1,jsr,,
bsc:ROM:F96C38:FFA248,$F96C38,ROM+0x16C38,mapped,ROM,$A248,$FFA248,,HIGH-RAM,direct,binding-slot-call,ROM,static-abs.w,unknown,,1,jsr,,
bsc:ROM:F973E2:FF8030,$F973E2,ROM+0x173E2,mapped,ROM,$8030,$FF8030,$008030,HIGH-RAM-ALIAS-CANDIDATE,mirror-hypothesis,binding-slot-call,ROM,static-abs.w,unknown,,1,jsr,,
bsc:ROM:F9763E:FF8030,$F9763E,ROM+0x1763E,mapped,ROM,$8030,$FF8030,$008030,HIGH-RAM-ALIAS-CANDIDATE,mirror-hypothesis,binding-slot-call,ROM,static-abs.w,unknown,,1,jmp,,
bsc:ROM:F97646:FF8E8C,$F97646,ROM+0x17646,mapped,ROM,$8E8C,$FF8E8C,$008E8C,HIGH-RAM-ALIAS-CANDIDATE,mirror-hypothesis,binding-slot-call,ROM,static-abs.w,unknown,,1,jsr,,
bsc:ROM:F9765E:FF8030,$F9765E,ROM+0x1765E,mapped,ROM,$8030,$FF8030,$008030,HIGH-RAM-ALIAS-CANDIDATE,mirror-hypothesis,binding-slot-call,ROM,static-abs.w,unknown,,1,jmp,,
bsc:ROM:F97844:FF896C,$F97844,ROM+0x17844,mapped,ROM,$896C,$FF896C,$00896C,HIGH-RAM-ALIAS-CANDIDATE,mirror-hypothesis,binding-slot-call,ROM,static-abs.w,unknown,,1,jsr,,
bsc:ROM:F97850:FF8C84,$F97850,ROM+0x17850,mapped,ROM,$8C84,$FF8C84,$008C84,HIGH-RAM-ALIAS-CANDIDATE,mirror-hypothesis,binding-slot-call,ROM,static-abs.w,unknown,,1,jmp,,
bsc:ROM:F97884:FF8030,$F97884,ROM+0x17884,mapped,ROM,$8030,$FF8030,$008030,HIGH-RAM-ALIAS-CANDIDATE,mirror-hypothesis,binding-slot-call,ROM,static-abs.w,unknown,,1,jsr,,
bsc:ROM:F97896:FF8030,$F97896,ROM+0x17896,mapped,ROM,$8030,$FF8030,$008030,HIGH-RAM-ALIAS-CANDIDATE,mirror-hypothesis,binding-slot-call,ROM,static-abs.w,unknown,,1,jsr,,
bsc:ROM:F978AA:FF8030,$F978AA,ROM+0x178AA,mapped,ROM,$8030,$FF8030,$008030,HIGH-RAM-ALIAS-CANDIDATE,mirror-hypothesis,binding-slot-call,ROM,static-abs.w,unknown,,1,jsr,,
bsc:ROM:F978D2:FF8030,$F978D2,ROM+0x178D2,mapped,ROM,$8030,$FF8030,$008030,HIGH-RAM-ALIAS-CANDIDATE,mirror-hypothesis,binding-slot-call,ROM,static-abs.w,unknown,,1,jsr,,
bsc:ROM:F978D8:FF8030,$F978D8,ROM+0x178D8,mapped,ROM,$8030,$FF8030,$008030,HIGH-RAM-ALIAS-CANDIDATE,mirror-hypothesis,binding-slot-call,ROM,static-abs.w,unknown,,1,jsr,,
bsc:ROM:F9790A:FF8030,$F9790A,ROM+0x1790A,mapped,ROM,$8030,$FF8030,$008030,HIGH-RAM-ALIAS-CANDIDATE,mirror-hypothesis,binding-slot-call,ROM,static-abs.w,unknown,,1,jsr,,
bsc:ROM:F9791C:FF8030,$F9791C,ROM+0x1791C,mapped,ROM,$8030,$FF8030,$008030,HIGH-RAM-ALIAS-CANDIDATE,mirror-hypothesis,binding-slot-call,ROM,static-abs.w,unknown,,1,jsr,,
bsc:ROM:F97934:FF8030,$F97934,ROM+0x17934,mapped,ROM,$8030,$FF8030,$008030,HIGH-RAM-ALIAS-CANDIDATE,mirror-hypothesis,binding-slot-call,ROM,static-abs.w,unknown,,1,jsr,,
bsc:ROM:F9795C:FF8030,$F9795C,ROM+0x1795C,mapped,ROM,$8030,$FF8030,$008030,HIGH-RAM-ALIAS-CANDIDATE,mirror-hypothesis,binding-slot-call,ROM,static-abs.w,unknown,,1,jsr,,
bsc:ROM:F979B2:FF8030,$F979B2,ROM+0x179B2,mapped,ROM,$8030,$FF8030,$008030,HIGH-RAM-ALIAS-CANDIDATE,mirror-hypothesis,binding-slot-call,ROM,static-abs.w,unknown,,1,jsr,,
bsc:ROM:F979BA:FF8030,$F979BA,ROM+0x179BA,mapped,ROM,$8030,$FF8030,$008030,HIGH-RAM-ALIAS-CANDIDATE,mirror-hypothesis,binding-slot-call,ROM,static-abs.w,unknown,,1,jsr,,
bsc:ROM:F979C2:FF8030,$F979C2,ROM+0x179C2,mapped,ROM,$8030,$FF8030,$008030,HIGH-RAM-ALIAS-CANDIDATE,mirror-hypothesis,binding-slot-call,ROM,static-abs.w,unknown,,1,jsr,,
bsc:ROM:F979DA:FF8030,$F979DA,ROM+0x179DA,mapped,ROM,$8030,$FF8030,$008030,HIGH-RAM-ALIAS-CANDIDATE,mirror-hypothesis,binding-slot-call,ROM,static-abs.w,unknown,,1,jsr,,
bsc:ROM:F979EE:FF8030,$F979EE,ROM+0x179EE,mapped,ROM,$8030,$FF8030,$008030,HIGH-RAM-ALIAS-CANDIDATE,mirror-hypothesis,binding-slot-call,ROM,static-abs.w,unknown,,1,jsr,,
bsc:ROM:F97A04:FF8030,$F97A04,ROM+0x17A04,mapped,ROM,$8030,$FF8030,$008030,HIGH-RAM-ALIAS-CANDIDATE,mirror-hypothesis,binding-slot-call,ROM,static-abs.w,unknown,,1,jsr,,
bsc:ROM:F97A34:FF8030,$F97A34,ROM+0x17A34,mapped,ROM,$8030,$FF8030,$008030,HIGH-RAM-ALIAS-CANDIDATE,mirror-hypothesis,binding-slot-call,ROM,static-abs.w,unknown,,1,jsr,,
bsc:ROM:F97A48:FF8030,$F97A48,ROM+0x17A48,mapped,ROM,$8030,$FF8030,$008030,HIGH-RAM-ALIAS-CANDIDATE,mirror-hypothesis,binding-slot-call,ROM,static-abs.w,unknown,,1,jsr,,
bsc:ROM:F97A60:FF8030,$F97A60,ROM+0x17A60,mapped,ROM,$8030,$FF8030,$008030,HIGH-RAM-ALIAS-CANDIDATE,mirror-hypothesis,binding-slot-call,ROM,static-abs.w,unknown,,1,jsr,,
bsc:ROM:F97A6E:FF8030,$F97A6E,ROM+0x17A6E,mapped,ROM,$8030,$FF8030,$008030,HIGH-RAM-ALIAS-CANDIDATE,mirror-hypothesis,binding-slot-call,ROM,static-abs.w,unknown,,1,jsr,,
bsc:ROM:F97A80:FF8030,$F97A80,ROM+0x17A80,mapped,ROM,$8030,$FF8030,$008030,HIGH-RAM-ALIAS-CANDIDATE,mirror-hypothesis,binding-slot-call,ROM,static-abs.w,unknown,,1,jsr,,
bsc:ROM:F97A9A:FF8030,$F97A9A,ROM+0x17A9A,mapped,ROM,$8030,$FF8030,$008030,HIGH-RAM-ALIAS-CANDIDATE,mirror-hypothesis,binding-slot-call,ROM,static-abs.w,unknown,,1,jsr,,
bsc:ROM:F97ADC:FF8030,$F97ADC,ROM+0x17ADC,mapped,ROM,$8030,$FF8030,$008030,HIGH-RAM-ALIAS-CANDIDATE,mirror-hypothesis,binding-slot-call,ROM,static-abs.w,unknown,,1,jsr,,
bsc:ROM:F97AEA:FF8030,$F97AEA,ROM+0x17AEA,mapped,ROM,$8030,$FF8030,$008030,HIGH-RAM-ALIAS-CANDIDATE,mirror-hypothesis,binding-slot-call,ROM,static-abs.w,unknown,,1,jsr,,
bsc:ROM:F97AF2:FF802A,$F97AF2,ROM+0x17AF2,mapped,ROM,$802A,$FF802A,$00802A,HIGH-RAM-ALIAS-CANDIDATE,mirror-hypothesis,binding-slot-call,ROM,static-abs.w,unknown,,1,jsr,,
bsc:ROM:F97B0A:FF8036,$F97B0A,ROM+0x17B0A,mapped,ROM,$8036,$FF8036,$008036,HIGH-RAM-ALIAS-CANDIDATE,mirror-hypothesis,binding-slot-call,ROM,static-abs.w,unknown,,1,jsr,,
bsc:ROM:F97B3A:FF8030,$F97B3A,ROM+0x17B3A,mapped,ROM,$8030,$FF8030,$008030,HIGH-RAM-ALIAS-CANDIDATE,mirror-hypothesis,binding-slot-call,ROM,static-abs.w,unknown,,1,jsr,,
bsc:ROM:F97C16:FFA26E,$F97C16,ROM+0x17C16,mapped,ROM,$A26E,$FFA26E,,HIGH-RAM,direct,binding-slot-call,ROM,static-abs.w,unknown,,1,jmp,,
bsc:ROM:F97C90:FF8996,$F97C90,ROM+0x17C90,mapped,ROM,$8996,$FF8996,$008996,HIGH-RAM-ALIAS-CANDIDATE,mirror-hypothesis,binding-slot-call,ROM,static-abs.w,unknown,,1,jsr,,
bsc:ROM:F97CF4:FF87F2,$F97CF4,ROM+0x17CF4,mapped,ROM,$87F2,$FF87F2,$0087F2,HIGH-RAM-ALIAS-CANDIDATE,mirror-hypothesis,binding-slot-call,ROM,static-abs.w,unknown,,1,jsr,,
bsc:ROM:F97D68:FFA26E,$F97D68,ROM+0x17D68,mapped,ROM,$A26E,$FFA26E,,HIGH-RAM,direct,binding-slot-call,ROM,static-abs.w,unknown,,1,jsr,,
bsc:ROM:F97D9E:FF8996,$F97D9E,ROM+0x17D9E,mapped,ROM,$8996,$FF8996,$008996,HIGH-RAM-ALIAS-CANDIDATE,mirror-hypothesis,binding-slot-call,ROM,static-abs.w,unknown,,1,jsr,,
bsc:ROM:F97EAE:FF8996,$F97EAE,ROM+0x17EAE,mapped,ROM,$8996,$FF8996,$008996,HIGH-RAM-ALIAS-CANDIDATE,mirror-hypothesis,binding-slot-call,ROM,static-abs.w,unknown,,1,jsr,,
bsc:ROM:F97F84:FFA26E,$F97F84,ROM+0x17F84,mapped,ROM,$A26E,$FFA26E,,HIGH-RAM,direct,binding-slot-call,ROM,static-abs.w,unknown,,1,jsr,,
bsc:ROM:F98024:FF9050,$F98024,ROM+0x18024,mapped,ROM,$9050,$FF9050,$009050,HIGH-RAM-ALIAS-CANDIDATE,mirror-hypothesis,binding-slot-call,ROM,static-abs.w,unknown,,1,jsr,,
bsc:ROM:F98042:FF905C,$F98042,ROM+0x18042,mapped,ROM,$905C,$FF905C,$00905C,HIGH-RAM-ALIAS-CANDIDATE,mirror-hypothesis,binding-slot-call,ROM,static-abs.w,unknown,,1,jsr,,
bsc:ROM:F981B8:FF9062,$F981B8,ROM+0x181B8,mapped,ROM,$9062,$FF9062,$009062,HIGH-RAM-ALIAS-CANDIDATE,mirror-hypothesis,binding-slot-call,ROM,static-abs.w,unknown,,1,jsr,,
bsc:ROM:F9B450:FF8030,$F9B450,ROM+0x1B450,mapped,ROM,$8030,$FF8030,$008030,HIGH-RAM-ALIAS-CANDIDATE,mirror-hypothesis,binding-slot-call,ROM,static-abs.w,unknown,,1,jsr,,
bsc:ROM:F9B8FE:FF801E,$F9B8FE,ROM+0x1B8FE,mapped,ROM,$801E,$FF801E,$00801E,HIGH-RAM-ALIAS-CANDIDATE,mirror-hypothesis,binding-slot-call,ROM,static-abs.w,unknown,,1,jsr,,
bsc:ROM:F9C7E4:FF801E,$F9C7E4,ROM+0x1C7E4,mapped,ROM,$801E,$FF801E,$00801E,HIGH-RAM-ALIAS-CANDIDATE,mirror-hypothesis,binding-slot-call,ROM,static-abs.w,unknown,,1,jsr,,
bsc:ROM:F9C7FE:FF802A,$F9C7FE,ROM+0x1C7FE,mapped,ROM,$802A,$FF802A,$00802A,HIGH-RAM-ALIAS-CANDIDATE,mirror-hypothesis,binding-slot-call,ROM,static-abs.w,unknown,,1,jsr,,
bsc:ROM:F9C808:FF8036,$F9C808,ROM+0x1C808,mapped,ROM,$8036,$FF8036,$008036,HIGH-RAM-ALIAS-CANDIDATE,mirror-hypothesis,binding-slot-call,ROM,static-abs.w,unknown,,1,jsr,,
bsc:ROM:F9C80E:FF802A,$F9C80E,ROM+0x1C80E,mapped,ROM,$802A,$FF802A,$00802A,HIGH-RAM-ALIAS-CANDIDATE,mirror-hypothesis,binding-slot-call,ROM,static-abs.w,unknown,,1,jsr,,
bsc:ROM:F9C818:FF8036,$F9C818,ROM+0x1C818,mapped,ROM,$8036,$FF8036,$008036,HIGH-RAM-ALIAS-CANDIDATE,mirror-hypothesis,binding-slot-call,ROM,static-abs.w,unknown,,1,jsr,,
bsc:ROM:F9CF42:FF8030,$F9CF42,ROM+0x1CF42,mapped,ROM,$8030,$FF8030,$008030,HIGH-RAM-ALIAS-CANDIDATE,mirror-hypothesis,binding-slot-call,ROM,static-abs.w,unknown,,1,jsr,,
bsc:ROM:F9D602:FF801E,$F9D602,ROM+0x1D602,mapped,ROM,$801E,$FF801E,$00801E,HIGH-RAM-ALIAS-CANDIDATE,mirror-hypothesis,binding-slot-call,ROM,static-abs.w,unknown,,1,jsr,,
bsc:ROM:F9D61C:FF802A,$F9D61C,ROM+0x1D61C,mapped,ROM,$802A,$FF802A,$00802A,HIGH-RAM-ALIAS-CANDIDATE,mirror-hypothesis,binding-slot-call,ROM,static-abs.w,unknown,,1,jsr,,
bsc:ROM:F9D626:FF8036,$F9D626,ROM+0x1D626,mapped,ROM,$8036,$FF8036,$008036,HIGH-RAM-ALIAS-CANDIDATE,mirror-hypothesis,binding-slot-call,ROM,static-abs.w,unknown,,1,jsr,,
bsc:ROM:F9D62C:FF802A,$F9D62C,ROM+0x1D62C,mapped,ROM,$802A,$FF802A,$00802A,HIGH-RAM-ALIAS-CANDIDATE,mirror-hypothesis,binding-slot-call,ROM,static-abs.w,unknown,,1,jsr,,
bsc:ROM:F9D636:FF8036,$F9D636,ROM+0x1D636,mapped,ROM,$8036,$FF8036,$008036,HIGH-RAM-ALIAS-CANDIDATE,mirror-hypothesis,binding-slot-call,ROM,static-abs.w,unknown,,1,jsr,,
bsc:ROM:F9DF30:FF801E,$F9DF30,ROM+0x1DF30,mapped,ROM,$801E,$FF801E,$00801E,HIGH-RAM-ALIAS-CANDIDATE,mirror-hypothesis,binding-slot-call,ROM,static-abs.w,unknown,,1,jsr,,
bsc:ROM:F9E152:FF801E,$F9E152,ROM+0x1E152,mapped,ROM,$801E,$FF801E,$00801E,HIGH-RAM-ALIAS-CANDIDATE,mirror-hypothesis,binding-slot-call,ROM,static-abs.w,unknown,,1,jsr,,
bsc:ROM:F9E16C:FF802A,$F9E16C,ROM+0x1E16C,mapped,ROM,$802A,$FF802A,$00802A,HIGH-RAM-ALIAS-CANDIDATE,mirror-hypothesis,binding-slot-call,ROM,static-abs.w,unknown,,1,jsr,,
bsc:ROM:F9E176:FF8036,$F9E176,ROM+0x1E176,mapped,ROM,$8036,$FF8036,$008036,HIGH-RAM-ALIAS-CANDIDATE,mirror-hypothesis,binding-slot-call,ROM,static-abs.w,unknown,,1,jsr,,
bsc:ROM:F9E17C:FF802A,$F9E17C,ROM+0x1E17C,mapped,ROM,$802A,$FF802A,$00802A,HIGH-RAM-ALIAS-CANDIDATE,mirror-hypothesis,binding-slot-call,ROM,static-abs.w,unknown,,1,jsr,,
bsc:ROM:F9E186:FF8036,$F9E186,ROM+0x1E186,mapped,ROM,$8036,$FF8036,$008036,HIGH-RAM-ALIAS-CANDIDATE,mirror-hypothesis,binding-slot-call,ROM,static-abs.w,unknown,,1,jsr,,
bsc:ROM:F9E898:FF801E,$F9E898,ROM+0x1E898,mapped,ROM,$801E,$FF801E,$00801E,HIGH-RAM-ALIAS-CANDIDATE,mirror-hypothesis,binding-slot-call,ROM,static-abs.w,unknown,,1,jsr,,
bsc:ROM:F9E8B2:FF802A,$F9E8B2,ROM+0x1E8B2,mapped,ROM,$802A,$FF802A,$00802A,HIGH-RAM-ALIAS-CANDIDATE,mirror-hypothesis,binding-slot-call,ROM,static-abs.w,unknown,,1,jsr,,
bsc:ROM:F9E8BC:FF8036,$F9E8BC,ROM+0x1E8BC,mapped,ROM,$8036,$FF8036,$008036,HIGH-RAM-ALIAS-CANDIDATE,mirror-hypothesis,binding-slot-call,ROM,static-abs.w,unknown,,1,jsr,,
bsc:ROM:F9E8C2:FF802A,$F9E8C2,ROM+0x1E8C2,mapped,ROM,$802A,$FF802A,$00802A,HIGH-RAM-ALIAS-CANDIDATE,mirror-hypothesis,binding-slot-call,ROM,static-abs.w,unknown,,1,jsr,,
bsc:ROM:F9E8CC:FF8036,$F9E8CC,ROM+0x1E8CC,mapped,ROM,$8036,$FF8036,$008036,HIGH-RAM-ALIAS-CANDIDATE,mirror-hypothesis,binding-slot-call,ROM,static-abs.w,unknown,,1,jsr,,
bsc:ROM:F9EEF2:FF801E,$F9EEF2,ROM+0x1EEF2,mapped,ROM,$801E,$FF801E,$00801E,HIGH-RAM-ALIAS-CANDIDATE,mirror-hypothesis,binding-slot-call,ROM,static-abs.w,unknown,,1,jsr,,
bsc:ROM:F9F4DC:FF8030,$F9F4DC,ROM+0x1F4DC,mapped,ROM,$8030,$FF8030,$008030,HIGH-RAM-ALIAS-CANDIDATE,mirror-hypothesis,binding-slot-call,ROM,static-abs.w,unknown,,1,jsr,,
bsc:ROM:F9F4F2:FF8030,$F9F4F2,ROM+0x1F4F2,mapped,ROM,$8030,$FF8030,$008030,HIGH-RAM-ALIAS-CANDIDATE,mirror-hypothesis,binding-slot-call,ROM,static-abs.w,unknown,,1,jsr,,
bsc:ROM:F9F508:FF8030,$F9F508,ROM+0x1F508,mapped,ROM,$8030,$FF8030,$008030,HIGH-RAM-ALIAS-CANDIDATE,mirror-hypothesis,binding-slot-call,ROM,static-abs.w,unknown,,1,jsr,,
bsc:ROM:F9F51E:FF8030,$F9F51E,ROM+0x1F51E,mapped,ROM,$8030,$FF8030,$008030,HIGH-RAM-ALIAS-CANDIDATE,mirror-hypothesis,binding-slot-call,ROM,static-abs.w,unknown,,1,jsr,,
bsc:ROM:F9F534:FF8030,$F9F534,ROM+0x1F534,mapped,ROM,$8030,$FF8030,$008030,HIGH-RAM-ALIAS-CANDIDATE,mirror-hypothesis,binding-slot-call,ROM,static-abs.w,unknown,,1,jsr,,
bsc:ROM:F9F552:FF802A,$F9F552,ROM+0x1F552,mapped,ROM,$802A,$FF802A,$00802A,HIGH-RAM-ALIAS-CANDIDATE,mirror-hypothesis,binding-slot-call,ROM,static-abs.w,unknown,,1,jsr,,
bsc:ROM:F9F55C:FF8036,$F9F55C,ROM+0x1F55C,mapped,ROM,$8036,$FF8036,$008036,HIGH-RAM-ALIAS-CANDIDATE,mirror-hypothesis,binding-slot-call,ROM,static-abs.w,unknown,,1,jsr,,
bsc:ROM:F9F562:FF802A,$F9F562,ROM+0x1F562,mapped,ROM,$802A,$FF802A,$00802A,HIGH-RAM-ALIAS-CANDIDATE,mirror-hypothesis,binding-slot-call,ROM,static-abs.w,unknown,,1,jsr,,
bsc:ROM:F9F56C:FF8036,$F9F56C,ROM+0x1F56C,mapped,ROM,$8036,$FF8036,$008036,HIGH-RAM-ALIAS-CANDIDATE,mirror-hypothesis,binding-slot-call,ROM,static-abs.w,unknown,,1,jsr,,
bsc:ROM:F9FA20:FF8030,$F9FA20,ROM+0x1FA20,mapped,ROM,$8030,$FF8030,$008030,HIGH-RAM-ALIAS-CANDIDATE,mirror-hypothesis,binding-slot-call,ROM,static-abs.w,unknown,,1,jsr,,
bsc:ROM:F9FCD4:FF8030,$F9FCD4,ROM+0x1FCD4,mapped,ROM,$8030,$FF8030,$008030,HIGH-RAM-ALIAS-CANDIDATE,mirror-hypothesis,binding-slot-call,ROM,static-abs.w,unknown,,1,jmp,,
bsc:ROM:FA0370:FF801E,$FA0370,ROM+0x20370,mapped,ROM,$801E,$FF801E,$00801E,HIGH-RAM-ALIAS-CANDIDATE,mirror-hypothesis,binding-slot-call,ROM,static-abs.w,unknown,,1,jsr,,
bsc:ROM:FA038A:FF802A,$FA038A,ROM+0x2038A,mapped,ROM,$802A,$FF802A,$00802A,HIGH-RAM-ALIAS-CANDIDATE,mirror-hypothesis,binding-slot-call,ROM,static-abs.w,unknown,,1,jsr,,
bsc:ROM:FA0394:FF8036,$FA0394,ROM+0x20394,mapped,ROM,$8036,$FF8036,$008036,HIGH-RAM-ALIAS-CANDIDATE,mirror-hypothesis,binding-slot-call,ROM,static-abs.w,unknown,,1,jsr,,
bsc:ROM:FA039A:FF802A,$FA039A,ROM+0x2039A,mapped,ROM,$802A,$FF802A,$00802A,HIGH-RAM-ALIAS-CANDIDATE,mirror-hypothesis,binding-slot-call,ROM,static-abs.w,unknown,,1,jsr,,
bsc:ROM:FA03A4:FF8036,$FA03A4,ROM+0x203A4,mapped,ROM,$8036,$FF8036,$008036,HIGH-RAM-ALIAS-CANDIDATE,mirror-hypothesis,binding-slot-call,ROM,static-abs.w,unknown,,1,jsr,,
bsc:ROM:FA0DEC:FF801E,$FA0DEC,ROM+0x20DEC,mapped,ROM,$801E,$FF801E,$00801E,HIGH-RAM-ALIAS-CANDIDATE,mirror-hypothesis,binding-slot-call,ROM,static-abs.w,unknown,,1,jsr,,
bsc:ROM:FA133A:FF8030,$FA133A,ROM+0x2133A,mapped,ROM,$8030,$FF8030,$008030,HIGH-RAM-ALIAS-CANDIDATE,mirror-hypothesis,binding-slot-call,ROM,static-abs.w,unknown,,1,jsr,,
bsc:ROM:FA1DD0:FF8042,$FA1DD0,ROM+0x21DD0,mapped,ROM,$8042,$FF8042,$008042,HIGH-RAM-ALIAS-CANDIDATE,mirror-hypothesis,binding-slot-call,ROM,static-abs.w,unknown,,1,jmp,,
bsc:ROM:FA1E1A:FF8030,$FA1E1A,ROM+0x21E1A,mapped,ROM,$8030,$FF8030,$008030,HIGH-RAM-ALIAS-CANDIDATE,mirror-hypothesis,binding-slot-call,ROM,static-abs.w,unknown,,1,jsr,,
bsc:ROM:FA1E4C:FF8030,$FA1E4C,ROM+0x21E4C,mapped,ROM,$8030,$FF8030,$008030,HIGH-RAM-ALIAS-CANDIDATE,mirror-hypothesis,binding-slot-call,ROM,static-abs.w,unknown,,1,jsr,,
bsc:ROM:FA1E54:FF8030,$FA1E54,ROM+0x21E54,mapped,ROM,$8030,$FF8030,$008030,HIGH-RAM-ALIAS-CANDIDATE,mirror-hypothesis,binding-slot-call,ROM,static-abs.w,unknown,,1,jsr,,
bsc:ROM:FA1E5C:FF8030,$FA1E5C,ROM+0x21E5C,mapped,ROM,$8030,$FF8030,$008030,HIGH-RAM-ALIAS-CANDIDATE,mirror-hypothesis,binding-slot-call,ROM,static-abs.w,unknown,,1,jsr,,
bsc:ROM:FA1E70:FF8030,$FA1E70,ROM+0x21E70,mapped,ROM,$8030,$FF8030,$008030,HIGH-RAM-ALIAS-CANDIDATE,mirror-hypothesis,binding-slot-call,ROM,static-abs.w,unknown,,1,jsr,,
bsc:ROM:FA26C2:FF8042,$FA26C2,ROM+0x226C2,mapped,ROM,$8042,$FF8042,$008042,HIGH-RAM-ALIAS-CANDIDATE,mirror-hypothesis,binding-slot-call,ROM,static-abs.w,unknown,,1,jmp,,
bsc:ROM:FA270C:FF8030,$FA270C,ROM+0x2270C,mapped,ROM,$8030,$FF8030,$008030,HIGH-RAM-ALIAS-CANDIDATE,mirror-hypothesis,binding-slot-call,ROM,static-abs.w,unknown,,1,jsr,,
bsc:ROM:FA273E:FF8030,$FA273E,ROM+0x2273E,mapped,ROM,$8030,$FF8030,$008030,HIGH-RAM-ALIAS-CANDIDATE,mirror-hypothesis,binding-slot-call,ROM,static-abs.w,unknown,,1,jsr,,
bsc:ROM:FA2746:FF8030,$FA2746,ROM+0x22746,mapped,ROM,$8030,$FF8030,$008030,HIGH-RAM-ALIAS-CANDIDATE,mirror-hypothesis,binding-slot-call,ROM,static-abs.w,unknown,,1,jsr,,
bsc:ROM:FA274E:FF8030,$FA274E,ROM+0x2274E,mapped,ROM,$8030,$FF8030,$008030,HIGH-RAM-ALIAS-CANDIDATE,mirror-hypothesis,binding-slot-call,ROM,static-abs.w,unknown,,1,jsr,,
bsc:ROM:FA2762:FF8030,$FA2762,ROM+0x22762,mapped,ROM,$8030,$FF8030,$008030,HIGH-RAM-ALIAS-CANDIDATE,mirror-hypothesis,binding-slot-call,ROM,static-abs.w,unknown,,1,jsr,,
bsc:ROM:FA2FB0:FF8042,$FA2FB0,ROM+0x22FB0,mapped,ROM,$8042,$FF8042,$008042,HIGH-RAM-ALIAS-CANDIDATE,mirror-hypothesis,binding-slot-call,ROM,static-abs.w,unknown,,1,jmp,,
bsc:ROM:FA2FFA:FF8030,$FA2FFA,ROM+0x22FFA,mapped,ROM,$8030,$FF8030,$008030,HIGH-RAM-ALIAS-CANDIDATE,mirror-hypothesis,binding-slot-call,ROM,static-abs.w,unknown,,1,jsr,,
bsc:ROM:FA302C:FF8030,$FA302C,ROM+0x2302C,mapped,ROM,$8030,$FF8030,$008030,HIGH-RAM-ALIAS-CANDIDATE,mirror-hypothesis,binding-slot-call,ROM,static-abs.w,unknown,,1,jsr,,
bsc:ROM:FA3034:FF8030,$FA3034,ROM+0x23034,mapped,ROM,$8030,$FF8030,$008030,HIGH-RAM-ALIAS-CANDIDATE,mirror-hypothesis,binding-slot-call,ROM,static-abs.w,unknown,,1,jsr,,
bsc:ROM:FA303C:FF8030,$FA303C,ROM+0x2303C,mapped,ROM,$8030,$FF8030,$008030,HIGH-RAM-ALIAS-CANDIDATE,mirror-hypothesis,binding-slot-call,ROM,static-abs.w,unknown,,1,jsr,,
bsc:ROM:FA3050:FF8030,$FA3050,ROM+0x23050,mapped,ROM,$8030,$FF8030,$008030,HIGH-RAM-ALIAS-CANDIDATE,mirror-hypothesis,binding-slot-call,ROM,static-abs.w,unknown,,1,jsr,,
bsc:ROM:FA3744:FF8042,$FA3744,ROM+0x23744,mapped,ROM,$8042,$FF8042,$008042,HIGH-RAM-ALIAS-CANDIDATE,mirror-hypothesis,binding-slot-call,ROM,static-abs.w,unknown,,1,jmp,,
bsc:ROM:FA378C:FF8030,$FA378C,ROM+0x2378C,mapped,ROM,$8030,$FF8030,$008030,HIGH-RAM-ALIAS-CANDIDATE,mirror-hypothesis,binding-slot-call,ROM,static-abs.w,unknown,,1,jsr,,
bsc:ROM:FA3794:FF8030,$FA3794,ROM+0x23794,mapped,ROM,$8030,$FF8030,$008030,HIGH-RAM-ALIAS-CANDIDATE,mirror-hypothesis,binding-slot-call,ROM,static-abs.w,unknown,,1,jsr,,
bsc:ROM:FA37B8:FF8030,$FA37B8,ROM+0x237B8,mapped,ROM,$8030,$FF8030,$008030,HIGH-RAM-ALIAS-CANDIDATE,mirror-hypothesis,binding-slot-call,ROM,static-abs.w,unknown,,1,jsr,,
bsc:ROM:FA37D2:FF8030,$FA37D2,ROM+0x237D2,mapped,ROM,$8030,$FF8030,$008030,HIGH-RAM-ALIAS-CANDIDATE,mirror-hypothesis,binding-slot-call,ROM,static-abs.w,unknown,,1,jsr,,
bsc:ROM:FA3ECC:FF8042,$FA3ECC,ROM+0x23ECC,mapped,ROM,$8042,$FF8042,$008042,HIGH-RAM-ALIAS-CANDIDATE,mirror-hypothesis,binding-slot-call,ROM,static-abs.w,unknown,,1,jmp,,
bsc:ROM:FA3F14:FF8030,$FA3F14,ROM+0x23F14,mapped,ROM,$8030,$FF8030,$008030,HIGH-RAM-ALIAS-CANDIDATE,mirror-hypothesis,binding-slot-call,ROM,static-abs.w,unknown,,1,jsr,,
bsc:ROM:FA3F1C:FF8030,$FA3F1C,ROM+0x23F1C,mapped,ROM,$8030,$FF8030,$008030,HIGH-RAM-ALIAS-CANDIDATE,mirror-hypothesis,binding-slot-call,ROM,static-abs.w,unknown,,1,jsr,,
bsc:ROM:FA3F40:FF8030,$FA3F40,ROM+0x23F40,mapped,ROM,$8030,$FF8030,$008030,HIGH-RAM-ALIAS-CANDIDATE,mirror-hypothesis,binding-slot-call,ROM,static-abs.w,unknown,,1,jsr,,
bsc:ROM:FA3F5A:FF8030,$FA3F5A,ROM+0x23F5A,mapped,ROM,$8030,$FF8030,$008030,HIGH-RAM-ALIAS-CANDIDATE,mirror-hypothesis,binding-slot-call,ROM,static-abs.w,unknown,,1,jsr,,
bsc:ROM:FA463C:FF8042,$FA463C,ROM+0x2463C,mapped,ROM,$8042,$FF8042,$008042,HIGH-RAM-ALIAS-CANDIDATE,mirror-hypothesis,binding-slot-call,ROM,static-abs.w,unknown,,1,jmp,,
bsc:ROM:FA46A4:FF8030,$FA46A4,ROM+0x246A4,mapped,ROM,$8030,$FF8030,$008030,HIGH-RAM-ALIAS-CANDIDATE,mirror-hypothesis,binding-slot-call,ROM,static-abs.w,unknown,,1,jsr,,
bsc:ROM:FA46BE:FF8030,$FA46BE,ROM+0x246BE,mapped,ROM,$8030,$FF8030,$008030,HIGH-RAM-ALIAS-CANDIDATE,mirror-hypothesis,binding-slot-call,ROM,static-abs.w,unknown,,1,jsr,,
bsc:ROM:FA46EE:FF8030,$FA46EE,ROM+0x246EE,mapped,ROM,$8030,$FF8030,$008030,HIGH-RAM-ALIAS-CANDIDATE,mirror-hypothesis,binding-slot-call,ROM,static-abs.w,unknown,,1,jsr,,
bsc:ROM:FA4724:FF8030,$FA4724,ROM+0x24724,mapped,ROM,$8030,$FF8030,$008030,HIGH-RAM-ALIAS-CANDIDATE,mirror-hypothesis,binding-slot-call,ROM,static-abs.w,unknown,,1,jsr,,
bsc:ROM:FA4738:FF8030,$FA4738,ROM+0x24738,mapped,ROM,$8030,$FF8030,$008030,HIGH-RAM-ALIAS-CANDIDATE,mirror-hypothesis,binding-slot-call,ROM,static-abs.w,unknown,,1,jsr,,
bsc:ROM:FA4740:FF8030,$FA4740,ROM+0x24740,mapped,ROM,$8030,$FF8030,$008030,HIGH-RAM-ALIAS-CANDIDATE,mirror-hypothesis,binding-slot-call,ROM,static-abs.w,unknown,,1,jsr,,
bsc:ROM:FA4E1E:FF8042,$FA4E1E,ROM+0x24E1E,mapped,ROM,$8042,$FF8042,$008042,HIGH-RAM-ALIAS-CANDIDATE,mirror-hypothesis,binding-slot-call,ROM,static-abs.w,unknown,,1,jmp,,
bsc:ROM:FA4E86:FF8030,$FA4E86,ROM+0x24E86,mapped,ROM,$8030,$FF8030,$008030,HIGH-RAM-ALIAS-CANDIDATE,mirror-hypothesis,binding-slot-call,ROM,static-abs.w,unknown,,1,jsr,,
bsc:ROM:FA4EA0:FF8030,$FA4EA0,ROM+0x24EA0,mapped,ROM,$8030,$FF8030,$008030,HIGH-RAM-ALIAS-CANDIDATE,mirror-hypothesis,binding-slot-call,ROM,static-abs.w,unknown,,1,jsr,,
bsc:ROM:FA4ED0:FF8030,$FA4ED0,ROM+0x24ED0,mapped,ROM,$8030,$FF8030,$008030,HIGH-RAM-ALIAS-CANDIDATE,mirror-hypothesis,binding-slot-call,ROM,static-abs.w,unknown,,1,jsr,,
bsc:ROM:FA4F06:FF8030,$FA4F06,ROM+0x24F06,mapped,ROM,$8030,$FF8030,$008030,HIGH-RAM-ALIAS-CANDIDATE,mirror-hypothesis,binding-slot-call,ROM,static-abs.w,unknown,,1,jsr,,
bsc:ROM:FA4F1A:FF8030,$FA4F1A,ROM+0x24F1A,mapped,ROM,$8030,$FF8030,$008030,HIGH-RAM-ALIAS-CANDIDATE,mirror-hypothesis,binding-slot-call,ROM,static-abs.w,unknown,,1,jsr,,
bsc:ROM:FA4F22:FF8030,$FA4F22,ROM+0x24F22,mapped,ROM,$8030,$FF8030,$008030,HIGH-RAM-ALIAS-CANDIDATE,mirror-hypothesis,binding-slot-call,ROM,static-abs.w,unknown,,1,jsr,,
bsc:ROM:FA56F6:FF8042,$FA56F6,ROM+0x256F6,mapped,ROM,$8042,$FF8042,$008042,HIGH-RAM-ALIAS-CANDIDATE,mirror-hypothesis,binding-slot-call,ROM,static-abs.w,unknown,,1,jmp,,
bsc:ROM:FA575C:FF8030,$FA575C,ROM+0x2575C,mapped,ROM,$8030,$FF8030,$008030,HIGH-RAM-ALIAS-CANDIDATE,mirror-hypothesis,binding-slot-call,ROM,static-abs.w,unknown,,1,jsr,,
bsc:ROM:FA5792:FF8030,$FA5792,ROM+0x25792,mapped,ROM,$8030,$FF8030,$008030,HIGH-RAM-ALIAS-CANDIDATE,mirror-hypothesis,binding-slot-call,ROM,static-abs.w,unknown,,1,jsr,,
bsc:ROM:FA57A6:FF8030,$FA57A6,ROM+0x257A6,mapped,ROM,$8030,$FF8030,$008030,HIGH-RAM-ALIAS-CANDIDATE,mirror-hypothesis,binding-slot-call,ROM,static-abs.w,unknown,,1,jsr,,
bsc:ROM:FA57AE:FF8030,$FA57AE,ROM+0x257AE,mapped,ROM,$8030,$FF8030,$008030,HIGH-RAM-ALIAS-CANDIDATE,mirror-hypothesis,binding-slot-call,ROM,static-abs.w,unknown,,1,jsr,,
bsc:ROM:FA57D2:FF8030,$FA57D2,ROM+0x257D2,mapped,ROM,$8030,$FF8030,$008030,HIGH-RAM-ALIAS-CANDIDATE,mirror-hypothesis,binding-slot-call,ROM,static-abs.w,unknown,,1,jsr,,
bsc:ROM:FA57EC:FF8030,$FA57EC,ROM+0x257EC,mapped,ROM,$8030,$FF8030,$008030,HIGH-RAM-ALIAS-CANDIDATE,mirror-hypothesis,binding-slot-call,ROM,static-abs.w,unknown,,1,jsr,,
bsc:ROM:FA604C:FF8042,$FA604C,ROM+0x2604C,mapped,ROM,$8042,$FF8042,$008042,HIGH-RAM-ALIAS-CANDIDATE,mirror-hypothesis,binding-slot-call,ROM,static-abs.w,unknown,,1,jmp,,
bsc:ROM:FA6094:FF8030,$FA6094,ROM+0x26094,mapped,ROM,$8030,$FF8030,$008030,HIGH-RAM-ALIAS-CANDIDATE,mirror-hypothesis,binding-slot-call,ROM,static-abs.w,unknown,,1,jsr,,
bsc:ROM:FA609C:FF8030,$FA609C,ROM+0x2609C,mapped,ROM,$8030,$FF8030,$008030,HIGH-RAM-ALIAS-CANDIDATE,mirror-hypothesis,binding-slot-call,ROM,static-abs.w,unknown,,1,jsr,,
bsc:ROM:FA60C0:FF8030,$FA60C0,ROM+0x260C0,mapped,ROM,$8030,$FF8030,$008030,HIGH-RAM-ALIAS-CANDIDATE,mirror-hypothesis,binding-slot-call,ROM,static-abs.w,unknown,,1,jsr,,
bsc:ROM:FA60DA:FF8030,$FA60DA,ROM+0x260DA,mapped,ROM,$8030,$FF8030,$008030,HIGH-RAM-ALIAS-CANDIDATE,mirror-hypothesis,binding-slot-call,ROM,static-abs.w,unknown,,1,jsr,,
bsc:ROM:FA6940:FF8042,$FA6940,ROM+0x26940,mapped,ROM,$8042,$FF8042,$008042,HIGH-RAM-ALIAS-CANDIDATE,mirror-hypothesis,binding-slot-call,ROM,static-abs.w,unknown,,1,jmp,,
bsc:ROM:FA6988:FF8030,$FA6988,ROM+0x26988,mapped,ROM,$8030,$FF8030,$008030,HIGH-RAM-ALIAS-CANDIDATE,mirror-hypothesis,binding-slot-call,ROM,static-abs.w,unknown,,1,jsr,,
bsc:ROM:FA6990:FF8030,$FA6990,ROM+0x26990,mapped,ROM,$8030,$FF8030,$008030,HIGH-RAM-ALIAS-CANDIDATE,mirror-hypothesis,binding-slot-call,ROM,static-abs.w,unknown,,1,jsr,,
bsc:ROM:FA69B4:FF8030,$FA69B4,ROM+0x269B4,mapped,ROM,$8030,$FF8030,$008030,HIGH-RAM-ALIAS-CANDIDATE,mirror-hypothesis,binding-slot-call,ROM,static-abs.w,unknown,,1,jsr,,
bsc:ROM:FA69CE:FF8030,$FA69CE,ROM+0x269CE,mapped,ROM,$8030,$FF8030,$008030,HIGH-RAM-ALIAS-CANDIDATE,mirror-hypothesis,binding-slot-call,ROM,static-abs.w,unknown,,1,jsr,,
bsc:ROM:FA7234:FF8042,$FA7234,ROM+0x27234,mapped,ROM,$8042,$FF8042,$008042,HIGH-RAM-ALIAS-CANDIDATE,mirror-hypothesis,binding-slot-call,ROM,static-abs.w,unknown,,1,jmp,,
bsc:ROM:FA727C:FF8030,$FA727C,ROM+0x2727C,mapped,ROM,$8030,$FF8030,$008030,HIGH-RAM-ALIAS-CANDIDATE,mirror-hypothesis,binding-slot-call,ROM,static-abs.w,unknown,,1,jsr,,
bsc:ROM:FA7284:FF8030,$FA7284,ROM+0x27284,mapped,ROM,$8030,$FF8030,$008030,HIGH-RAM-ALIAS-CANDIDATE,mirror-hypothesis,binding-slot-call,ROM,static-abs.w,unknown,,1,jsr,,
bsc:ROM:FA72A8:FF8030,$FA72A8,ROM+0x272A8,mapped,ROM,$8030,$FF8030,$008030,HIGH-RAM-ALIAS-CANDIDATE,mirror-hypothesis,binding-slot-call,ROM,static-abs.w,unknown,,1,jsr,,
bsc:ROM:FA72C2:FF8030,$FA72C2,ROM+0x272C2,mapped,ROM,$8030,$FF8030,$008030,HIGH-RAM-ALIAS-CANDIDATE,mirror-hypothesis,binding-slot-call,ROM,static-abs.w,unknown,,1,jsr,,
bsc:ROM:FA7A44:FF8042,$FA7A44,ROM+0x27A44,mapped,ROM,$8042,$FF8042,$008042,HIGH-RAM-ALIAS-CANDIDATE,mirror-hypothesis,binding-slot-call,ROM,static-abs.w,unknown,,1,jmp,,
bsc:ROM:FA8148:FF8042,$FA8148,ROM+0x28148,mapped,ROM,$8042,$FF8042,$008042,HIGH-RAM-ALIAS-CANDIDATE,mirror-hypothesis,binding-slot-call,ROM,static-abs.w,unknown,,1,jmp,,
bsc:ROM:FA8192:FF8030,$FA8192,ROM+0x28192,mapped,ROM,$8030,$FF8030,$008030,HIGH-RAM-ALIAS-CANDIDATE,mirror-hypothesis,binding-slot-call,ROM,static-abs.w,unknown,,1,jsr,,
bsc:ROM:FA81A8:FF8030,$FA81A8,ROM+0x281A8,mapped,ROM,$8030,$FF8030,$008030,HIGH-RAM-ALIAS-CANDIDATE,mirror-hypothesis,binding-slot-call,ROM,static-abs.w,unknown,,1,jsr,,
bsc:ROM:FA81DE:FF8030,$FA81DE,ROM+0x281DE,mapped,ROM,$8030,$FF8030,$008030,HIGH-RAM-ALIAS-CANDIDATE,mirror-hypothesis,binding-slot-call,ROM,static-abs.w,unknown,,1,jsr,,
bsc:ROM:FA81E6:FF8030,$FA81E6,ROM+0x281E6,mapped,ROM,$8030,$FF8030,$008030,HIGH-RAM-ALIAS-CANDIDATE,mirror-hypothesis,binding-slot-call,ROM,static-abs.w,unknown,,1,jsr,,
bsc:ROM:FA8268:FF8030,$FA8268,ROM+0x28268,mapped,ROM,$8030,$FF8030,$008030,HIGH-RAM-ALIAS-CANDIDATE,mirror-hypothesis,binding-slot-call,ROM,static-abs.w,unknown,,1,jsr,,
bsc:ROM:FA828E:FF8030,$FA828E,ROM+0x2828E,mapped,ROM,$8030,$FF8030,$008030,HIGH-RAM-ALIAS-CANDIDATE,mirror-hypothesis,binding-slot-call,ROM,static-abs.w,unknown,,1,jsr,,
bsc:ROM:FA82C0:FF8030,$FA82C0,ROM+0x282C0,mapped,ROM,$8030,$FF8030,$008030,HIGH-RAM-ALIAS-CANDIDATE,mirror-hypothesis,binding-slot-call,ROM,static-abs.w,unknown,,1,jsr,,
bsc:ROM:FA8938:FF8042,$FA8938,ROM+0x28938,mapped,ROM,$8042,$FF8042,$008042,HIGH-RAM-ALIAS-CANDIDATE,mirror-hypothesis,binding-slot-call,ROM,static-abs.w,unknown,,1,jmp,,
bsc:ROM:FA89B2:FF8030,$FA89B2,ROM+0x289B2,mapped,ROM,$8030,$FF8030,$008030,HIGH-RAM-ALIAS-CANDIDATE,mirror-hypothesis,binding-slot-call,ROM,static-abs.w,unknown,,1,jsr,,
bsc:ROM:FA89DA:FF8030,$FA89DA,ROM+0x289DA,mapped,ROM,$8030,$FF8030,$008030,HIGH-RAM-ALIAS-CANDIDATE,mirror-hypothesis,binding-slot-call,ROM,static-abs.w,unknown,,1,jsr,,
bsc:ROM:FA89FC:FF8030,$FA89FC,ROM+0x289FC,mapped,ROM,$8030,$FF8030,$008030,HIGH-RAM-ALIAS-CANDIDATE,mirror-hypothesis,binding-slot-call,ROM,static-abs.w,unknown,,1,jsr,,
bsc:ROM:FA8A7E:FF8030,$FA8A7E,ROM+0x28A7E,mapped,ROM,$8030,$FF8030,$008030,HIGH-RAM-ALIAS-CANDIDATE,mirror-hypothesis,binding-slot-call,ROM,static-abs.w,unknown,,1,jsr,,
bsc:ROM:FA924E:FF8042,$FA924E,ROM+0x2924E,mapped,ROM,$8042,$FF8042,$008042,HIGH-RAM-ALIAS-CANDIDATE,mirror-hypothesis,binding-slot-call,ROM,static-abs.w,unknown,,1,jmp,,
bsc:ROM:FA92BC:FF8030,$FA92BC,ROM+0x292BC,mapped,ROM,$8030,$FF8030,$008030,HIGH-RAM-ALIAS-CANDIDATE,mirror-hypothesis,binding-slot-call,ROM,static-abs.w,unknown,,1,jsr,,
bsc:ROM:FA9348:FF8030,$FA9348,ROM+0x29348,mapped,ROM,$8030,$FF8030,$008030,HIGH-RAM-ALIAS-CANDIDATE,mirror-hypothesis,binding-slot-call,ROM,static-abs.w,unknown,,1,jsr,,
bsc:ROM:FA9354:FF8030,$FA9354,ROM+0x29354,mapped,ROM,$8030,$FF8030,$008030,HIGH-RAM-ALIAS-CANDIDATE,mirror-hypothesis,binding-slot-call,ROM,static-abs.w,unknown,,1,jsr,,
bsc:ROM:FA9376:FF8030,$FA9376,ROM+0x29376,mapped,ROM,$8030,$FF8030,$008030,HIGH-RAM-ALIAS-CANDIDATE,mirror-hypothesis,binding-slot-call,ROM,static-abs.w,unknown,,1,jsr,,
bsc:ROM:FA938A:FF8030,$FA938A,ROM+0x2938A,mapped,ROM,$8030,$FF8030,$008030,HIGH-RAM-ALIAS-CANDIDATE,mirror-hypothesis,binding-slot-call,ROM,static-abs.w,unknown,,1,jsr,,
bsc:ROM:FA93BC:FF8030,$FA93BC,ROM+0x293BC,mapped,ROM,$8030,$FF8030,$008030,HIGH-RAM-ALIAS-CANDIDATE,mirror-hypothesis,binding-slot-call,ROM,static-abs.w,unknown,,1,jsr,,
bsc:ROM:FA9C0C:FF8042,$FA9C0C,ROM+0x29C0C,mapped,ROM,$8042,$FF8042,$008042,HIGH-RAM-ALIAS-CANDIDATE,mirror-hypothesis,binding-slot-call,ROM,static-abs.w,unknown,,1,jmp,,
bsc:ROM:FA9C7A:FF8030,$FA9C7A,ROM+0x29C7A,mapped,ROM,$8030,$FF8030,$008030,HIGH-RAM-ALIAS-CANDIDATE,mirror-hypothesis,binding-slot-call,ROM,static-abs.w,unknown,,1,jsr,,
bsc:ROM:FA9D06:FF8030,$FA9D06,ROM+0x29D06,mapped,ROM,$8030,$FF8030,$008030,HIGH-RAM-ALIAS-CANDIDATE,mirror-hypothesis,binding-slot-call,ROM,static-abs.w,unknown,,1,jsr,,
bsc:ROM:FA9D12:FF8030,$FA9D12,ROM+0x29D12,mapped,ROM,$8030,$FF8030,$008030,HIGH-RAM-ALIAS-CANDIDATE,mirror-hypothesis,binding-slot-call,ROM,static-abs.w,unknown,,1,jsr,,
bsc:ROM:FA9D34:FF8030,$FA9D34,ROM+0x29D34,mapped,ROM,$8030,$FF8030,$008030,HIGH-RAM-ALIAS-CANDIDATE,mirror-hypothesis,binding-slot-call,ROM,static-abs.w,unknown,,1,jsr,,
bsc:ROM:FA9D48:FF8030,$FA9D48,ROM+0x29D48,mapped,ROM,$8030,$FF8030,$008030,HIGH-RAM-ALIAS-CANDIDATE,mirror-hypothesis,binding-slot-call,ROM,static-abs.w,unknown,,1,jsr,,
bsc:ROM:FA9D7A:FF8030,$FA9D7A,ROM+0x29D7A,mapped,ROM,$8030,$FF8030,$008030,HIGH-RAM-ALIAS-CANDIDATE,mirror-hypothesis,binding-slot-call,ROM,static-abs.w,unknown,,1,jsr,,
bsc:ROM:FAA5EA:FF8042,$FAA5EA,ROM+0x2A5EA,mapped,ROM,$8042,$FF8042,$008042,HIGH-RAM-ALIAS-CANDIDATE,mirror-hypothesis,binding-slot-call,ROM,static-abs.w,unknown,,1,jmp,,
bsc:ROM:FAA668:FF8030,$FAA668,ROM+0x2A668,mapped,ROM,$8030,$FF8030,$008030,HIGH-RAM-ALIAS-CANDIDATE,mirror-hypothesis,binding-slot-call,ROM,static-abs.w,unknown,,1,jsr,,
bsc:ROM:FAA6F4:FF8030,$FAA6F4,ROM+0x2A6F4,mapped,ROM,$8030,$FF8030,$008030,HIGH-RAM-ALIAS-CANDIDATE,mirror-hypothesis,binding-slot-call,ROM,static-abs.w,unknown,,1,jsr,,
bsc:ROM:FAA700:FF8030,$FAA700,ROM+0x2A700,mapped,ROM,$8030,$FF8030,$008030,HIGH-RAM-ALIAS-CANDIDATE,mirror-hypothesis,binding-slot-call,ROM,static-abs.w,unknown,,1,jsr,,
bsc:ROM:FAA722:FF8030,$FAA722,ROM+0x2A722,mapped,ROM,$8030,$FF8030,$008030,HIGH-RAM-ALIAS-CANDIDATE,mirror-hypothesis,binding-slot-call,ROM,static-abs.w,unknown,,1,jsr,,
bsc:ROM:FAA736:FF8030,$FAA736,ROM+0x2A736,mapped,ROM,$8030,$FF8030,$008030,HIGH-RAM-ALIAS-CANDIDATE,mirror-hypothesis,binding-slot-call,ROM,static-abs.w,unknown,,1,jsr,,
bsc:ROM:FAA768:FF8030,$FAA768,ROM+0x2A768,mapped,ROM,$8030,$FF8030,$008030,HIGH-RAM-ALIAS-CANDIDATE,mirror-hypothesis,binding-slot-call,ROM,static-abs.w,unknown,,1,jsr,,
bsc:ROM:FAAC9C:FF8042,$FAAC9C,ROM+0x2AC9C,mapped,ROM,$8042,$FF8042,$008042,HIGH-RAM-ALIAS-CANDIDATE,mirror-hypothesis,binding-slot-call,ROM,static-abs.w,unknown,,1,jmp,,
bsc:ROM:FAACFA:FF8030,$FAACFA,ROM+0x2ACFA,mapped,ROM,$8030,$FF8030,$008030,HIGH-RAM-ALIAS-CANDIDATE,mirror-hypothesis,binding-slot-call,ROM,static-abs.w,unknown,,1,jsr,,
bsc:ROM:FAB378:FF8042,$FAB378,ROM+0x2B378,mapped,ROM,$8042,$FF8042,$008042,HIGH-RAM-ALIAS-CANDIDATE,mirror-hypothesis,binding-slot-call,ROM,static-abs.w,unknown,,1,jmp,,
bsc:ROM:FAB3E2:FF8030,$FAB3E2,ROM+0x2B3E2,mapped,ROM,$8030,$FF8030,$008030,HIGH-RAM-ALIAS-CANDIDATE,mirror-hypothesis,binding-slot-call,ROM,static-abs.w,unknown,,1,jsr,,
bsc:ROM:FAB3EA:FF8030,$FAB3EA,ROM+0x2B3EA,mapped,ROM,$8030,$FF8030,$008030,HIGH-RAM-ALIAS-CANDIDATE,mirror-hypothesis,binding-slot-call,ROM,static-abs.w,unknown,,1,jsr,,
bsc:ROM:FAB46C:FF8030,$FAB46C,ROM+0x2B46C,mapped,ROM,$8030,$FF8030,$008030,HIGH-RAM-ALIAS-CANDIDATE,mirror-hypothesis,binding-slot-call,ROM,static-abs.w,unknown,,1,jsr,,
bsc:ROM:FAB492:FF8030,$FAB492,ROM+0x2B492,mapped,ROM,$8030,$FF8030,$008030,HIGH-RAM-ALIAS-CANDIDATE,mirror-hypothesis,binding-slot-call,ROM,static-abs.w,unknown,,1,jsr,,
bsc:ROM:FABBDA:FF8042,$FABBDA,ROM+0x2BBDA,mapped,ROM,$8042,$FF8042,$008042,HIGH-RAM-ALIAS-CANDIDATE,mirror-hypothesis,binding-slot-call,ROM,static-abs.w,unknown,,1,jmp,,
bsc:ROM:FABC24:FF8030,$FABC24,ROM+0x2BC24,mapped,ROM,$8030,$FF8030,$008030,HIGH-RAM-ALIAS-CANDIDATE,mirror-hypothesis,binding-slot-call,ROM,static-abs.w,unknown,,1,jsr,,
bsc:ROM:FABC64:FF8030,$FABC64,ROM+0x2BC64,mapped,ROM,$8030,$FF8030,$008030,HIGH-RAM-ALIAS-CANDIDATE,mirror-hypothesis,binding-slot-call,ROM,static-abs.w,unknown,,1,jsr,,
bsc:ROM:FABC9A:FF8030,$FABC9A,ROM+0x2BC9A,mapped,ROM,$8030,$FF8030,$008030,HIGH-RAM-ALIAS-CANDIDATE,mirror-hypothesis,binding-slot-call,ROM,static-abs.w,unknown,,1,jsr,,
bsc:ROM:FABCA2:FF8030,$FABCA2,ROM+0x2BCA2,mapped,ROM,$8030,$FF8030,$008030,HIGH-RAM-ALIAS-CANDIDATE,mirror-hypothesis,binding-slot-call,ROM,static-abs.w,unknown,,1,jsr,,
bsc:ROM:FABD24:FF8030,$FABD24,ROM+0x2BD24,mapped,ROM,$8030,$FF8030,$008030,HIGH-RAM-ALIAS-CANDIDATE,mirror-hypothesis,binding-slot-call,ROM,static-abs.w,unknown,,1,jsr,,
bsc:ROM:FABD4A:FF8030,$FABD4A,ROM+0x2BD4A,mapped,ROM,$8030,$FF8030,$008030,HIGH-RAM-ALIAS-CANDIDATE,mirror-hypothesis,binding-slot-call,ROM,static-abs.w,unknown,,1,jsr,,
bsc:ROM:FAC43A:FF8042,$FAC43A,ROM+0x2C43A,mapped,ROM,$8042,$FF8042,$008042,HIGH-RAM-ALIAS-CANDIDATE,mirror-hypothesis,binding-slot-call,ROM,static-abs.w,unknown,,1,jmp,,
bsc:ROM:FAC484:FF8030,$FAC484,ROM+0x2C484,mapped,ROM,$8030,$FF8030,$008030,HIGH-RAM-ALIAS-CANDIDATE,mirror-hypothesis,binding-slot-call,ROM,static-abs.w,unknown,,1,jsr,,
bsc:ROM:FAC4AA:FF8030,$FAC4AA,ROM+0x2C4AA,mapped,ROM,$8030,$FF8030,$008030,HIGH-RAM-ALIAS-CANDIDATE,mirror-hypothesis,binding-slot-call,ROM,static-abs.w,unknown,,1,jsr,,
bsc:ROM:FAC4E0:FF8030,$FAC4E0,ROM+0x2C4E0,mapped,ROM,$8030,$FF8030,$008030,HIGH-RAM-ALIAS-CANDIDATE,mirror-hypothesis,binding-slot-call,ROM,static-abs.w,unknown,,1,jsr,,
bsc:ROM:FAC4E8:FF8030,$FAC4E8,ROM+0x2C4E8,mapped,ROM,$8030,$FF8030,$008030,HIGH-RAM-ALIAS-CANDIDATE,mirror-hypothesis,binding-slot-call,ROM,static-abs.w,unknown,,1,jsr,,
bsc:ROM:FAC56A:FF8030,$FAC56A,ROM+0x2C56A,mapped,ROM,$8030,$FF8030,$008030,HIGH-RAM-ALIAS-CANDIDATE,mirror-hypothesis,binding-slot-call,ROM,static-abs.w,unknown,,1,jsr,,
bsc:ROM:FAC590:FF8030,$FAC590,ROM+0x2C590,mapped,ROM,$8030,$FF8030,$008030,HIGH-RAM-ALIAS-CANDIDATE,mirror-hypothesis,binding-slot-call,ROM,static-abs.w,unknown,,1,jsr,,
bsc:ROM:FAC5C2:FF8030,$FAC5C2,ROM+0x2C5C2,mapped,ROM,$8030,$FF8030,$008030,HIGH-RAM-ALIAS-CANDIDATE,mirror-hypothesis,binding-slot-call,ROM,static-abs.w,unknown,,1,jsr,,
bsc:ROM:FACD48:FF8042,$FACD48,ROM+0x2CD48,mapped,ROM,$8042,$FF8042,$008042,HIGH-RAM-ALIAS-CANDIDATE,mirror-hypothesis,binding-slot-call,ROM,static-abs.w,unknown,,1,jmp,,
bsc:ROM:FACDA2:FF8030,$FACDA2,ROM+0x2CDA2,mapped,ROM,$8030,$FF8030,$008030,HIGH-RAM-ALIAS-CANDIDATE,mirror-hypothesis,binding-slot-call,ROM,static-abs.w,unknown,,1,jsr,,
bsc:ROM:FACDB8:FF8030,$FACDB8,ROM+0x2CDB8,mapped,ROM,$8030,$FF8030,$008030,HIGH-RAM-ALIAS-CANDIDATE,mirror-hypothesis,binding-slot-call,ROM,static-abs.w,unknown,,1,jsr,,
bsc:ROM:FACDFA:FF8030,$FACDFA,ROM+0x2CDFA,mapped,ROM,$8030,$FF8030,$008030,HIGH-RAM-ALIAS-CANDIDATE,mirror-hypothesis,binding-slot-call,ROM,static-abs.w,unknown,,1,jsr,,
bsc:ROM:FACE30:FF8030,$FACE30,ROM+0x2CE30,mapped,ROM,$8030,$FF8030,$008030,HIGH-RAM-ALIAS-CANDIDATE,mirror-hypothesis,binding-slot-call,ROM,static-abs.w,unknown,,1,jsr,,
bsc:ROM:FACE38:FF8030,$FACE38,ROM+0x2CE38,mapped,ROM,$8030,$FF8030,$008030,HIGH-RAM-ALIAS-CANDIDATE,mirror-hypothesis,binding-slot-call,ROM,static-abs.w,unknown,,1,jsr,,
bsc:ROM:FACEBA:FF8030,$FACEBA,ROM+0x2CEBA,mapped,ROM,$8030,$FF8030,$008030,HIGH-RAM-ALIAS-CANDIDATE,mirror-hypothesis,binding-slot-call,ROM,static-abs.w,unknown,,1,jsr,,
bsc:ROM:FACEE0:FF8030,$FACEE0,ROM+0x2CEE0,mapped,ROM,$8030,$FF8030,$008030,HIGH-RAM-ALIAS-CANDIDATE,mirror-hypothesis,binding-slot-call,ROM,static-abs.w,unknown,,1,jsr,,
bsc:ROM:FAD600:FF8042,$FAD600,ROM+0x2D600,mapped,ROM,$8042,$FF8042,$008042,HIGH-RAM-ALIAS-CANDIDATE,mirror-hypothesis,binding-slot-call,ROM,static-abs.w,unknown,,1,jmp,,
bsc:ROM:FAD65A:FF8030,$FAD65A,ROM+0x2D65A,mapped,ROM,$8030,$FF8030,$008030,HIGH-RAM-ALIAS-CANDIDATE,mirror-hypothesis,binding-slot-call,ROM,static-abs.w,unknown,,1,jsr,,
bsc:ROM:FAD670:FF8030,$FAD670,ROM+0x2D670,mapped,ROM,$8030,$FF8030,$008030,HIGH-RAM-ALIAS-CANDIDATE,mirror-hypothesis,binding-slot-call,ROM,static-abs.w,unknown,,1,jsr,,
bsc:ROM:FAD6A6:FF8030,$FAD6A6,ROM+0x2D6A6,mapped,ROM,$8030,$FF8030,$008030,HIGH-RAM-ALIAS-CANDIDATE,mirror-hypothesis,binding-slot-call,ROM,static-abs.w,unknown,,1,jsr,,
bsc:ROM:FAD6AE:FF8030,$FAD6AE,ROM+0x2D6AE,mapped,ROM,$8030,$FF8030,$008030,HIGH-RAM-ALIAS-CANDIDATE,mirror-hypothesis,binding-slot-call,ROM,static-abs.w,unknown,,1,jsr,,
bsc:ROM:FAD730:FF8030,$FAD730,ROM+0x2D730,mapped,ROM,$8030,$FF8030,$008030,HIGH-RAM-ALIAS-CANDIDATE,mirror-hypothesis,binding-slot-call,ROM,static-abs.w,unknown,,1,jsr,,
bsc:ROM:FAD756:FF8030,$FAD756,ROM+0x2D756,mapped,ROM,$8030,$FF8030,$008030,HIGH-RAM-ALIAS-CANDIDATE,mirror-hypothesis,binding-slot-call,ROM,static-abs.w,unknown,,1,jsr,,
bsc:ROM:FADD6A:FF8042,$FADD6A,ROM+0x2DD6A,mapped,ROM,$8042,$FF8042,$008042,HIGH-RAM-ALIAS-CANDIDATE,mirror-hypothesis,binding-slot-call,ROM,static-abs.w,unknown,,1,jmp,,
bsc:ROM:FADDB4:FF8030,$FADDB4,ROM+0x2DDB4,mapped,ROM,$8030,$FF8030,$008030,HIGH-RAM-ALIAS-CANDIDATE,mirror-hypothesis,binding-slot-call,ROM,static-abs.w,unknown,,1,jsr,,
bsc:ROM:FADDDA:FF8030,$FADDDA,ROM+0x2DDDA,mapped,ROM,$8030,$FF8030,$008030,HIGH-RAM-ALIAS-CANDIDATE,mirror-hypothesis,binding-slot-call,ROM,static-abs.w,unknown,,1,jsr,,
bsc:ROM:FAE342:FF8042,$FAE342,ROM+0x2E342,mapped,ROM,$8042,$FF8042,$008042,HIGH-RAM-ALIAS-CANDIDATE,mirror-hypothesis,binding-slot-call,ROM,static-abs.w,unknown,,1,jmp,,
bsc:ROM:FAE38A:FF8030,$FAE38A,ROM+0x2E38A,mapped,ROM,$8030,$FF8030,$008030,HIGH-RAM-ALIAS-CANDIDATE,mirror-hypothesis,binding-slot-call,ROM,static-abs.w,unknown,,1,jsr,,
bsc:ROM:FAEBA0:FF801E,$FAEBA0,ROM+0x2EBA0,mapped,ROM,$801E,$FF801E,$00801E,HIGH-RAM-ALIAS-CANDIDATE,mirror-hypothesis,binding-slot-call,ROM,static-abs.w,unknown,,1,jsr,,
bsc:ROM:FAEC80:FF8030,$FAEC80,ROM+0x2EC80,mapped,ROM,$8030,$FF8030,$008030,HIGH-RAM-ALIAS-CANDIDATE,mirror-hypothesis,binding-slot-call,ROM,static-abs.w,unknown,,1,jsr,,
bsc:ROM:FAED04:FF8030,$FAED04,ROM+0x2ED04,mapped,ROM,$8030,$FF8030,$008030,HIGH-RAM-ALIAS-CANDIDATE,mirror-hypothesis,binding-slot-call,ROM,static-abs.w,unknown,,1,jsr,,
bsc:ROM:FAED12:FF8030,$FAED12,ROM+0x2ED12,mapped,ROM,$8030,$FF8030,$008030,HIGH-RAM-ALIAS-CANDIDATE,mirror-hypothesis,binding-slot-call,ROM,static-abs.w,unknown,,1,jsr,,
bsc:ROM:FAED38:FF8030,$FAED38,ROM+0x2ED38,mapped,ROM,$8030,$FF8030,$008030,HIGH-RAM-ALIAS-CANDIDATE,mirror-hypothesis,binding-slot-call,ROM,static-abs.w,unknown,,1,jsr,,
bsc:ROM:FAED6A:FF8030,$FAED6A,ROM+0x2ED6A,mapped,ROM,$8030,$FF8030,$008030,HIGH-RAM-ALIAS-CANDIDATE,mirror-hypothesis,binding-slot-call,ROM,static-abs.w,unknown,,1,jsr,,
bsc:ROM:FAED86:FF8030,$FAED86,ROM+0x2ED86,mapped,ROM,$8030,$FF8030,$008030,HIGH-RAM-ALIAS-CANDIDATE,mirror-hypothesis,binding-slot-call,ROM,static-abs.w,unknown,,1,jsr,,
bsc:ROM:FAF51E:FF801E,$FAF51E,ROM+0x2F51E,mapped,ROM,$801E,$FF801E,$00801E,HIGH-RAM-ALIAS-CANDIDATE,mirror-hypothesis,binding-slot-call,ROM,static-abs.w,unknown,,1,jsr,,
bsc:ROM:FAF640:FF8030,$FAF640,ROM+0x2F640,mapped,ROM,$8030,$FF8030,$008030,HIGH-RAM-ALIAS-CANDIDATE,mirror-hypothesis,binding-slot-call,ROM,static-abs.w,unknown,,1,jsr,,
bsc:ROM:FAF682:FF8030,$FAF682,ROM+0x2F682,mapped,ROM,$8030,$FF8030,$008030,HIGH-RAM-ALIAS-CANDIDATE,mirror-hypothesis,binding-slot-call,ROM,static-abs.w,unknown,,1,jsr,,
bsc:ROM:FAF690:FF8030,$FAF690,ROM+0x2F690,mapped,ROM,$8030,$FF8030,$008030,HIGH-RAM-ALIAS-CANDIDATE,mirror-hypothesis,binding-slot-call,ROM,static-abs.w,unknown,,1,jsr,,
bsc:ROM:FAFCB4:FF8042,$FAFCB4,ROM+0x2FCB4,mapped,ROM,$8042,$FF8042,$008042,HIGH-RAM-ALIAS-CANDIDATE,mirror-hypothesis,binding-slot-call,ROM,static-abs.w,unknown,,1,jmp,,
bsc:ROM:FAFD6A:FF8030,$FAFD6A,ROM+0x2FD6A,mapped,ROM,$8030,$FF8030,$008030,HIGH-RAM-ALIAS-CANDIDATE,mirror-hypothesis,binding-slot-call,ROM,static-abs.w,unknown,,1,jsr,,
bsc:ROM:FAFDEE:FF8030,$FAFDEE,ROM+0x2FDEE,mapped,ROM,$8030,$FF8030,$008030,HIGH-RAM-ALIAS-CANDIDATE,mirror-hypothesis,binding-slot-call,ROM,static-abs.w,unknown,,1,jsr,,
bsc:ROM:FAFDFC:FF8030,$FAFDFC,ROM+0x2FDFC,mapped,ROM,$8030,$FF8030,$008030,HIGH-RAM-ALIAS-CANDIDATE,mirror-hypothesis,binding-slot-call,ROM,static-abs.w,unknown,,1,jsr,,
bsc:ROM:FAFE22:FF8030,$FAFE22,ROM+0x2FE22,mapped,ROM,$8030,$FF8030,$008030,HIGH-RAM-ALIAS-CANDIDATE,mirror-hypothesis,binding-slot-call,ROM,static-abs.w,unknown,,1,jsr,,
bsc:ROM:FAFE36:FF8030,$FAFE36,ROM+0x2FE36,mapped,ROM,$8030,$FF8030,$008030,HIGH-RAM-ALIAS-CANDIDATE,mirror-hypothesis,binding-slot-call,ROM,static-abs.w,unknown,,1,jsr,,
bsc:ROM:FB04C2:FF8042,$FB04C2,ROM+0x304C2,mapped,ROM,$8042,$FF8042,$008042,HIGH-RAM-ALIAS-CANDIDATE,mirror-hypothesis,binding-slot-call,ROM,static-abs.w,unknown,,1,jmp,,
bsc:ROM:FB0550:FF8030,$FB0550,ROM+0x30550,mapped,ROM,$8030,$FF8030,$008030,HIGH-RAM-ALIAS-CANDIDATE,mirror-hypothesis,binding-slot-call,ROM,static-abs.w,unknown,,1,jsr,,
bsc:ROM:FB0562:FF8030,$FB0562,ROM+0x30562,mapped,ROM,$8030,$FF8030,$008030,HIGH-RAM-ALIAS-CANDIDATE,mirror-hypothesis,binding-slot-call,ROM,static-abs.w,unknown,,1,jsr,,
bsc:ROM:FB0584:FF8030,$FB0584,ROM+0x30584,mapped,ROM,$8030,$FF8030,$008030,HIGH-RAM-ALIAS-CANDIDATE,mirror-hypothesis,binding-slot-call,ROM,static-abs.w,unknown,,1,jsr,,
bsc:ROM:FB0606:FF8030,$FB0606,ROM+0x30606,mapped,ROM,$8030,$FF8030,$008030,HIGH-RAM-ALIAS-CANDIDATE,mirror-hypothesis,binding-slot-call,ROM,static-abs.w,unknown,,1,jsr,,
bsc:ROM:FB0622:FF8030,$FB0622,ROM+0x30622,mapped,ROM,$8030,$FF8030,$008030,HIGH-RAM-ALIAS-CANDIDATE,mirror-hypothesis,binding-slot-call,ROM,static-abs.w,unknown,,1,jsr,,
bsc:ROM:FB0CC4:FF8042,$FB0CC4,ROM+0x30CC4,mapped,ROM,$8042,$FF8042,$008042,HIGH-RAM-ALIAS-CANDIDATE,mirror-hypothesis,binding-slot-call,ROM,static-abs.w,unknown,,1,jmp,,
bsc:ROM:FB0D32:FF8030,$FB0D32,ROM+0x30D32,mapped,ROM,$8030,$FF8030,$008030,HIGH-RAM-ALIAS-CANDIDATE,mirror-hypothesis,binding-slot-call,ROM,static-abs.w,unknown,,1,jsr,,
bsc:ROM:FB0DA2:FF8030,$FB0DA2,ROM+0x30DA2,mapped,ROM,$8030,$FF8030,$008030,HIGH-RAM-ALIAS-CANDIDATE,mirror-hypothesis,binding-slot-call,ROM,static-abs.w,unknown,,1,jsr,,
bsc:ROM:FB0DBA:FF8030,$FB0DBA,ROM+0x30DBA,mapped,ROM,$8030,$FF8030,$008030,HIGH-RAM-ALIAS-CANDIDATE,mirror-hypothesis,binding-slot-call,ROM,static-abs.w,unknown,,1,jsr,,
bsc:ROM:FB0DD0:FF8030,$FB0DD0,ROM+0x30DD0,mapped,ROM,$8030,$FF8030,$008030,HIGH-RAM-ALIAS-CANDIDATE,mirror-hypothesis,binding-slot-call,ROM,static-abs.w,unknown,,1,jsr,,
bsc:ROM:FB14BA:FF8042,$FB14BA,ROM+0x314BA,mapped,ROM,$8042,$FF8042,$008042,HIGH-RAM-ALIAS-CANDIDATE,mirror-hypothesis,binding-slot-call,ROM,static-abs.w,unknown,,1,jmp,,
bsc:ROM:FB1528:FF8030,$FB1528,ROM+0x31528,mapped,ROM,$8030,$FF8030,$008030,HIGH-RAM-ALIAS-CANDIDATE,mirror-hypothesis,binding-slot-call,ROM,static-abs.w,unknown,,1,jsr,,
bsc:ROM:FB1598:FF8030,$FB1598,ROM+0x31598,mapped,ROM,$8030,$FF8030,$008030,HIGH-RAM-ALIAS-CANDIDATE,mirror-hypothesis,binding-slot-call,ROM,static-abs.w,unknown,,1,jsr,,
bsc:ROM:FB15B0:FF8030,$FB15B0,ROM+0x315B0,mapped,ROM,$8030,$FF8030,$008030,HIGH-RAM-ALIAS-CANDIDATE,mirror-hypothesis,binding-slot-call,ROM,static-abs.w,unknown,,1,jsr,,
bsc:ROM:FB15C6:FF8030,$FB15C6,ROM+0x315C6,mapped,ROM,$8030,$FF8030,$008030,HIGH-RAM-ALIAS-CANDIDATE,mirror-hypothesis,binding-slot-call,ROM,static-abs.w,unknown,,1,jsr,,
bsc:ROM:FB1C4A:FF8042,$FB1C4A,ROM+0x31C4A,mapped,ROM,$8042,$FF8042,$008042,HIGH-RAM-ALIAS-CANDIDATE,mirror-hypothesis,binding-slot-call,ROM,static-abs.w,unknown,,1,jmp,,
bsc:ROM:FB1CC4:FF8030,$FB1CC4,ROM+0x31CC4,mapped,ROM,$8030,$FF8030,$008030,HIGH-RAM-ALIAS-CANDIDATE,mirror-hypothesis,binding-slot-call,ROM,static-abs.w,unknown,,1,jsr,,
bsc:ROM:FB1D66:FF8030,$FB1D66,ROM+0x31D66,mapped,ROM,$8030,$FF8030,$008030,HIGH-RAM-ALIAS-CANDIDATE,mirror-hypothesis,binding-slot-call,ROM,static-abs.w,unknown,,1,jsr,,
bsc:ROM:FB1D72:FF8030,$FB1D72,ROM+0x31D72,mapped,ROM,$8030,$FF8030,$008030,HIGH-RAM-ALIAS-CANDIDATE,mirror-hypothesis,binding-slot-call,ROM,static-abs.w,unknown,,1,jsr,,
bsc:ROM:FB1D94:FF8030,$FB1D94,ROM+0x31D94,mapped,ROM,$8030,$FF8030,$008030,HIGH-RAM-ALIAS-CANDIDATE,mirror-hypothesis,binding-slot-call,ROM,static-abs.w,unknown,,1,jsr,,
bsc:ROM:FB1DA8:FF8030,$FB1DA8,ROM+0x31DA8,mapped,ROM,$8030,$FF8030,$008030,HIGH-RAM-ALIAS-CANDIDATE,mirror-hypothesis,binding-slot-call,ROM,static-abs.w,unknown,,1,jsr,,
bsc:ROM:FB2570:FF8042,$FB2570,ROM+0x32570,mapped,ROM,$8042,$FF8042,$008042,HIGH-RAM-ALIAS-CANDIDATE,mirror-hypothesis,binding-slot-call,ROM,static-abs.w,unknown,,1,jmp,,
bsc:ROM:FB25CE:FF8030,$FB25CE,ROM+0x325CE,mapped,ROM,$8030,$FF8030,$008030,HIGH-RAM-ALIAS-CANDIDATE,mirror-hypothesis,binding-slot-call,ROM,static-abs.w,unknown,,1,jsr,,
bsc:ROM:FB2620:FF8030,$FB2620,ROM+0x32620,mapped,ROM,$8030,$FF8030,$008030,HIGH-RAM-ALIAS-CANDIDATE,mirror-hypothesis,binding-slot-call,ROM,static-abs.w,unknown,,1,jsr,,
bsc:ROM:FB2642:FF8030,$FB2642,ROM+0x32642,mapped,ROM,$8030,$FF8030,$008030,HIGH-RAM-ALIAS-CANDIDATE,mirror-hypothesis,binding-slot-call,ROM,static-abs.w,unknown,,1,jsr,,
bsc:ROM:FB26C4:FF8030,$FB26C4,ROM+0x326C4,mapped,ROM,$8030,$FF8030,$008030,HIGH-RAM-ALIAS-CANDIDATE,mirror-hypothesis,binding-slot-call,ROM,static-abs.w,unknown,,1,jsr,,
bsc:ROM:FB26D0:FF8030,$FB26D0,ROM+0x326D0,mapped,ROM,$8030,$FF8030,$008030,HIGH-RAM-ALIAS-CANDIDATE,mirror-hypothesis,binding-slot-call,ROM,static-abs.w,unknown,,1,jsr,,
bsc:ROM:FB2F1E:FF8042,$FB2F1E,ROM+0x32F1E,mapped,ROM,$8042,$FF8042,$008042,HIGH-RAM-ALIAS-CANDIDATE,mirror-hypothesis,binding-slot-call,ROM,static-abs.w,unknown,,1,jmp,,
bsc:ROM:FB2F7C:FF8030,$FB2F7C,ROM+0x32F7C,mapped,ROM,$8030,$FF8030,$008030,HIGH-RAM-ALIAS-CANDIDATE,mirror-hypothesis,binding-slot-call,ROM,static-abs.w,unknown,,1,jsr,,
bsc:ROM:FB2FCE:FF8030,$FB2FCE,ROM+0x32FCE,mapped,ROM,$8030,$FF8030,$008030,HIGH-RAM-ALIAS-CANDIDATE,mirror-hypothesis,binding-slot-call,ROM,static-abs.w,unknown,,1,jsr,,
bsc:ROM:FB2FF0:FF8030,$FB2FF0,ROM+0x32FF0,mapped,ROM,$8030,$FF8030,$008030,HIGH-RAM-ALIAS-CANDIDATE,mirror-hypothesis,binding-slot-call,ROM,static-abs.w,unknown,,1,jsr,,
bsc:ROM:FB3072:FF8030,$FB3072,ROM+0x33072,mapped,ROM,$8030,$FF8030,$008030,HIGH-RAM-ALIAS-CANDIDATE,mirror-hypothesis,binding-slot-call,ROM,static-abs.w,unknown,,1,jsr,,
bsc:ROM:FB307E:FF8030,$FB307E,ROM+0x3307E,mapped,ROM,$8030,$FF8030,$008030,HIGH-RAM-ALIAS-CANDIDATE,mirror-hypothesis,binding-slot-call,ROM,static-abs.w,unknown,,1,jsr,,
bsc:ROM:FB363C:FF8042,$FB363C,ROM+0x3363C,mapped,ROM,$8042,$FF8042,$008042,HIGH-RAM-ALIAS-CANDIDATE,mirror-hypothesis,binding-slot-call,ROM,static-abs.w,unknown,,1,jmp,,
bsc:ROM:FB369A:FF8030,$FB369A,ROM+0x3369A,mapped,ROM,$8030,$FF8030,$008030,HIGH-RAM-ALIAS-CANDIDATE,mirror-hypothesis,binding-slot-call,ROM,static-abs.w,unknown,,1,jsr,,
bsc:ROM:FB36BC:FF8030,$FB36BC,ROM+0x336BC,mapped,ROM,$8030,$FF8030,$008030,HIGH-RAM-ALIAS-CANDIDATE,mirror-hypothesis,binding-slot-call,ROM,static-abs.w,unknown,,1,jsr,,
bsc:ROM:FB3C8E:FF8042,$FB3C8E,ROM+0x33C8E,mapped,ROM,$8042,$FF8042,$008042,HIGH-RAM-ALIAS-CANDIDATE,mirror-hypothesis,binding-slot-call,ROM,static-abs.w,unknown,,1,jmp,,
bsc:ROM:FB3CF8:FF8030,$FB3CF8,ROM+0x33CF8,mapped,ROM,$8030,$FF8030,$008030,HIGH-RAM-ALIAS-CANDIDATE,mirror-hypothesis,binding-slot-call,ROM,static-abs.w,unknown,,1,jsr,,
bsc:ROM:FB3D00:FF8030,$FB3D00,ROM+0x33D00,mapped,ROM,$8030,$FF8030,$008030,HIGH-RAM-ALIAS-CANDIDATE,mirror-hypothesis,binding-slot-call,ROM,static-abs.w,unknown,,1,jsr,,
bsc:ROM:FB3D82:FF8030,$FB3D82,ROM+0x33D82,mapped,ROM,$8030,$FF8030,$008030,HIGH-RAM-ALIAS-CANDIDATE,mirror-hypothesis,binding-slot-call,ROM,static-abs.w,unknown,,1,jsr,,
bsc:ROM:FB3DA8:FF8030,$FB3DA8,ROM+0x33DA8,mapped,ROM,$8030,$FF8030,$008030,HIGH-RAM-ALIAS-CANDIDATE,mirror-hypothesis,binding-slot-call,ROM,static-abs.w,unknown,,1,jsr,,
bsc:ROM:FB42BC:FF8042,$FB42BC,ROM+0x342BC,mapped,ROM,$8042,$FF8042,$008042,HIGH-RAM-ALIAS-CANDIDATE,mirror-hypothesis,binding-slot-call,ROM,static-abs.w,unknown,,1,jmp,,
bsc:ROM:FB4312:FF8030,$FB4312,ROM+0x34312,mapped,ROM,$8030,$FF8030,$008030,HIGH-RAM-ALIAS-CANDIDATE,mirror-hypothesis,binding-slot-call,ROM,static-abs.w,unknown,,1,jsr,,
bsc:ROM:FB433C:FF8030,$FB433C,ROM+0x3433C,mapped,ROM,$8030,$FF8030,$008030,HIGH-RAM-ALIAS-CANDIDATE,mirror-hypothesis,binding-slot-call,ROM,static-abs.w,unknown,,1,jsr,,
bsc:ROM:FB7890:FF801E,$FB7890,ROM+0x37890,mapped,ROM,$801E,$FF801E,$00801E,HIGH-RAM-ALIAS-CANDIDATE,mirror-hypothesis,binding-slot-call,ROM,static-abs.w,unknown,,1,jsr,,
bsc:ROM:FB7A56:FF801E,$FB7A56,ROM+0x37A56,mapped,ROM,$801E,$FF801E,$00801E,HIGH-RAM-ALIAS-CANDIDATE,mirror-hypothesis,binding-slot-call,ROM,static-abs.w,unknown,,1,jsr,,
bst:V161:00801E:007144,$00801E,OS+0x0761E,mapped-segment1,OS-RAM,$00007144,$007144,,OS-RAM,direct,binding-slot-target,V161,static-table,unknown,,1,slot jmp.l,,
bst:V161:008024:F97718,$008024,OS+0x07624,mapped-segment1,OS-RAM,$FFF97718,$F97718,,ROM,direct,binding-slot-target,V161,static-table,unknown,,1,slot jmp.l,,
bst:V161:00802A:F9772A,$00802A,OS+0x0762A,mapped-segment1,OS-RAM,$FFF9772A,$F9772A,,ROM,direct,binding-slot-target,V161,static-table,unknown,,1,slot jmp.l,,
bst:V161:008030:F97662,$008030,OS+0x07630,mapped-segment1,OS-RAM,$FFF97662,$F97662,,ROM,direct,binding-slot-target,V161,static-table,unknown,,1,slot jmp.l,,
bst:V161:008036:F976CA,$008036,OS+0x07636,mapped-segment1,OS-RAM,$FFF976CA,$F976CA,,ROM,direct,binding-slot-target,V161,static-table,unknown,,1,slot jmp.l,,
bst:V161:00803C:F977DC,$00803C,OS+0x0763C,mapped-segment1,OS-RAM,$FFF977DC,$F977DC,,ROM,direct,binding-slot-target,V161,static-table,unknown,,1,slot jmp.l,,
bst:V161:008042:FB7788,$008042,OS+0x07642,mapped-segment1,OS-RAM,$FFFB7788,$FB7788,,ROM,direct,binding-slot-target,V161,static-table,unknown,,1,slot jmp.l,,
bst:V161:008638:F88300,$008638,OS+0x07C38,mapped-segment1,OS-RAM,$FFF88300,$F88300,,ROM,direct,binding-slot-target,V161,static-table,unknown,,1,slot jmp.l,,
bst:V161:00863E:F88438,$00863E,OS+0x07C3E,mapped-segment1,OS-RAM,$FFF88438,$F88438,,ROM,direct,binding-slot-target,V161,static-table,unknown,,1,slot jmp.l,,
bst:V161:008644:009D60,$008644,OS+0x07C44,mapped-segment1,OS-RAM,$00009D60,$009D60,,SLOT,direct,binding-slot-target,V161,static-table,unknown,,1,slot jmp.l,,
bst:V161:00864A:009DA4,$00864A,OS+0x07C4A,mapped-segment1,OS-RAM,$00009DA4,$009DA4,,SLOT,direct,binding-slot-target,V161,static-table,unknown,,1,slot jmp.l,,
bst:V161:0086D0:F885C6,$0086D0,OS+0x07CD0,mapped-segment1,OS-RAM,$FFF885C6,$F885C6,,ROM,direct,binding-slot-target,V161,static-table,unknown,,1,slot jmp.l,,
bst:V161:0086D6:F88784,$0086D6,OS+0x07CD6,mapped-segment1,OS-RAM,$FFF88784,$F88784,,ROM,direct,binding-slot-target,V161,static-table,unknown,,1,slot jmp.l,,
bst:V161:0086DC:F8855E,$0086DC,OS+0x07CDC,mapped-segment1,OS-RAM,$FFF8855E,$F8855E,,ROM,direct,binding-slot-target,V161,static-table,unknown,,1,slot jmp.l,,
bst:V161:0086E2:F88512,$0086E2,OS+0x07CE2,mapped-segment1,OS-RAM,$FFF88512,$F88512,,ROM,direct,binding-slot-target,V161,static-table,unknown,,1,slot jmp.l,,
bst:V161:0086E8:F8854A,$0086E8,OS+0x07CE8,mapped-segment1,OS-RAM,$FFF8854A,$F8854A,,ROM,direct,binding-slot-target,V161,static-table,unknown,,1,slot jmp.l,,
bst:V161:0086EE:F88818,$0086EE,OS+0x07CEE,mapped-segment1,OS-RAM,$FFF88818,$F88818,,ROM,direct,binding-slot-target,V161,static-table,unknown,,1,slot jmp.l,,
bst:V161:0086F4:FFA280,$0086F4,OS+0x07CF4,mapped-segment1,OS-RAM,$A280,$FFA280,,HIGH-RAM,direct,binding-slot-target,V161,static-table,unknown,,1,slot jmp.w,,
bst:V161:00877E:F889B2,$00877E,OS+0x07D7E,mapped-segment1,OS-RAM,$FFF889B2,$F889B2,,ROM,direct,binding-slot-target,V161,static-table,unknown,,1,slot jmp.l,,
bst:V161:008784:FFB4A0,$008784,OS+0x07D84,mapped-segment1,OS-RAM,$B4A0,$FFB4A0,,HIGH-RAM,direct,binding-slot-target,V161,static-table,unknown,,1,slot jmp.w,,
bst:V161:008788:FFB456,$008788,OS+0x07D88,mapped-segment1,OS-RAM,$B456,$FFB456,,HIGH-RAM,direct,binding-slot-target,V161,static-table,unknown,,1,slot jmp.w,,
bst:V161:00878C:FFA290,$00878C,OS+0x07D8C,mapped-segment1,OS-RAM,$A290,$FFA290,,HIGH-RAM,direct,binding-slot-target,V161,static-table,unknown,,1,slot jmp.w,,
bst:V161:008790:FFB4E4,$008790,OS+0x07D90,mapped-segment1,OS-RAM,$B4E4,$FFB4E4,,HIGH-RAM,direct,binding-slot-target,V161,static-table,unknown,,1,slot jmp.w,,
bst:V161:008794:FFB7B6,$008794,OS+0x07D94,mapped-segment1,OS-RAM,$B7B6,$FFB7B6,,HIGH-RAM,direct,binding-slot-target,V161,static-table,unknown,,1,slot jmp.w,,
bst:V161:008798:F88458,$008798,OS+0x07D98,mapped-segment1,OS-RAM,$FFF88458,$F88458,,ROM,direct,binding-slot-target,V161,static-table,unknown,,1,slot jmp.l,,
bst:V161:00879E:F8892A,$00879E,OS+0x07D9E,mapped-segment1,OS-RAM,$FFF8892A,$F8892A,,ROM,direct,binding-slot-target,V161,static-table,unknown,,1,slot jmp.l,,
bst:V161:0087A4:F8891C,$0087A4,OS+0x07DA4,mapped-segment1,OS-RAM,$FFF8891C,$F8891C,,ROM,direct,binding-slot-target,V161,static-table,unknown,,1,slot jmp.l,,
bst:V161:0087AA:F88934,$0087AA,OS+0x07DAA,mapped-segment1,OS-RAM,$FFF88934,$F88934,,ROM,direct,binding-slot-target,V161,static-table,unknown,,1,slot jmp.l,,
bst:V161:0087CE:00A48C,$0087CE,OS+0x07DCE,mapped-segment1,OS-RAM,$0000A48C,$00A48C,,OS-RAM,direct,binding-slot-target,V161,static-table,unknown,,1,slot jmp.l,,
bst:V161:0087D4:002458,$0087D4,OS+0x07DD4,mapped-segment1,OS-RAM,$2458,$002458,,OS-RAM,direct,binding-slot-target,V161,static-table,unknown,,1,slot jmp.w,,
bst:V161:0087D8:00247A,$0087D8,OS+0x07DD8,mapped-segment1,OS-RAM,$247A,$00247A,,OS-RAM,direct,binding-slot-target,V161,static-table,unknown,,1,slot jmp.w,,
bst:V161:0087DC:00250E,$0087DC,OS+0x07DDC,mapped-segment1,OS-RAM,$0000250E,$00250E,,OS-RAM,direct,binding-slot-target,V161,static-table,unknown,,1,slot jmp.l,,
bst:V161:0087E2:00251C,$0087E2,OS+0x07DE2,mapped-segment1,OS-RAM,$0000251C,$00251C,,OS-RAM,direct,binding-slot-target,V161,static-table,unknown,,1,slot jmp.l,,
bst:V161:0087E8:00248A,$0087E8,OS+0x07DE8,mapped-segment1,OS-RAM,$248A,$00248A,,OS-RAM,direct,binding-slot-target,V161,static-table,unknown,,1,slot jmp.w,,
bst:V161:0087F2:002B14,$0087F2,OS+0x07DF2,mapped-segment1,OS-RAM,$2B14,$002B14,,OS-RAM,direct,binding-slot-target,V161,static-table,unknown,,1,slot jmp.w,,
bst:V161:0087F8:FF8856,$0087F8,OS+0x07DF8,mapped-segment1,OS-RAM,$8856,$FF8856,$008856,HIGH-RAM-ALIAS-CANDIDATE,mirror-hypothesis,binding-slot-target,V161,static-table,unknown,,1,slot jmp.w,,
bst:V161:0087FC:00AD4A,$0087FC,OS+0x07DFC,mapped-segment1,OS-RAM,$0000AD4A,$00AD4A,,OS-RAM,direct,binding-slot-target,V161,static-table,unknown,,1,slot jmp.l,,
bst:V161:008802:002B90,$008802,OS+0x07E02,mapped-segment1,OS-RAM,$2B90,$002B90,,OS-RAM,direct,binding-slot-target,V161,static-table,unknown,,1,slot jmp.w,,
bst:V161:008806:002BD6,$008806,OS+0x07E06,mapped-segment1,OS-RAM,$2BD6,$002BD6,,OS-RAM,direct,binding-slot-target,V161,static-table,unknown,,1,slot jmp.w,,
bst:V161:00880A:002C1E,$00880A,OS+0x07E0A,mapped-segment1,OS-RAM,$00002C1E,$002C1E,,OS-RAM,direct,binding-slot-target,V161,static-table,unknown,,1,slot jmp.l,,
bst:V161:008810:003018,$008810,OS+0x07E10,mapped-segment1,OS-RAM,$3018,$003018,,OS-RAM,direct,binding-slot-target,V161,static-table,unknown,,1,slot jmp.w,,
bst:V161:008814:0030C2,$008814,OS+0x07E14,mapped-segment1,OS-RAM,$30C2,$0030C2,,OS-RAM,direct,binding-slot-target,V161,static-table,unknown,,1,slot jmp.w,,
bst:V161:008818:0034D8,$008818,OS+0x07E18,mapped-segment1,OS-RAM,$34D8,$0034D8,,OS-RAM,direct,binding-slot-target,V161,static-table,unknown,,1,slot jmp.w,,
bst:V161:00881C:00AE22,$00881C,OS+0x07E1C,mapped-segment1,OS-RAM,$0000AE22,$00AE22,,OS-RAM,direct,binding-slot-target,V161,static-table,unknown,,1,slot jmp.l,,
bst:V161:008822:F891E4,$008822,OS+0x07E22,mapped-segment1,OS-RAM,$FFF891E4,$F891E4,,ROM,direct,binding-slot-target,V161,static-table,unknown,,1,slot jmp.l,,
bst:V161:008828:F8920A,$008828,OS+0x07E28,mapped-segment1,OS-RAM,$FFF8920A,$F8920A,,ROM,direct,binding-slot-target,V161,static-table,unknown,,1,slot jmp.l,,
bst:V161:00882E:003950,$00882E,OS+0x07E2E,mapped-segment1,OS-RAM,$3950,$003950,,OS-RAM,direct,binding-slot-target,V161,static-table,unknown,,1,slot jmp.w,,
bst:V161:00885E:F89354,$00885E,OS+0x07E5E,mapped-segment1,OS-RAM,$FFF89354,$F89354,,ROM,direct,binding-slot-target,V161,static-table,unknown,,1,slot jmp.l,,
bst:V161:008886:F8938E,$008886,OS+0x07E86,mapped-segment1,OS-RAM,$FFF8938E,$F8938E,,ROM,direct,binding-slot-target,V161,static-table,unknown,,1,slot jmp.l,,
bst:V161:0088AC:FFA610,$0088AC,OS+0x07EAC,mapped-segment1,OS-RAM,$A610,$FFA610,,HIGH-RAM,direct,binding-slot-target,V161,static-table,unknown,,1,slot jmp.w,,
bst:V161:0088B0:FFA26E,$0088B0,OS+0x07EB0,mapped-segment1,OS-RAM,$A26E,$FFA26E,,HIGH-RAM,direct,binding-slot-target,V161,static-table,unknown,,1,slot jmp.w,,
bst:V161:0088B4:FFAA3C,$0088B4,OS+0x07EB4,mapped-segment1,OS-RAM,$AA3C,$FFAA3C,,HIGH-RAM,direct,binding-slot-target,V161,static-table,unknown,,1,slot jmp.w,,
bst:V161:0088B8:FFA9AE,$0088B8,OS+0x07EB8,mapped-segment1,OS-RAM,$A9AE,$FFA9AE,,HIGH-RAM,direct,binding-slot-target,V161,static-table,unknown,,1,slot jmp.w,,
bst:V161:0088BC:003ECA,$0088BC,OS+0x07EBC,mapped-segment1,OS-RAM,$3ECA,$003ECA,,OS-RAM,direct,binding-slot-target,V161,static-table,unknown,,1,slot jmp.w,,
bst:V161:0088C0:FFA9F0,$0088C0,OS+0x07EC0,mapped-segment1,OS-RAM,$A9F0,$FFA9F0,,HIGH-RAM,direct,binding-slot-target,V161,static-table,unknown,,1,slot jmp.w,,
bst:V161:0088C4:FFA65E,$0088C4,OS+0x07EC4,mapped-segment1,OS-RAM,$A65E,$FFA65E,,HIGH-RAM,direct,binding-slot-target,V161,static-table,unknown,,1,slot jmp.w,,
bst:V161:0088CE:FFB1F2,$0088CE,OS+0x07ECE,mapped-segment1,OS-RAM,$B1F2,$FFB1F2,,HIGH-RAM,direct,binding-slot-target,V161,static-table,unknown,,1,slot jmp.w,,
bst:V161:0088D6:F8974C,$0088D6,OS+0x07ED6,mapped-segment1,OS-RAM,$FFF8974C,$F8974C,,ROM,direct,binding-slot-target,V161,static-table,unknown,,1,slot jmp.l,,
bst:V161:0088DC:00B4E0,$0088DC,OS+0x07EDC,mapped-segment1,OS-RAM,$0000B4E0,$00B4E0,,OS-RAM,direct,binding-slot-target,V161,static-table,unknown,,1,slot jmp.l,,
bst:V161:0088E2:F89A34,$0088E2,OS+0x07EE2,mapped-segment1,OS-RAM,$FFF89A34,$F89A34,,ROM,direct,binding-slot-target,V161,static-table,unknown,,1,slot jmp.l,,
bst:V161:0088E8:F89A5A,$0088E8,OS+0x07EE8,mapped-segment1,OS-RAM,$FFF89A5A,$F89A5A,,ROM,direct,binding-slot-target,V161,static-table,unknown,,1,slot jmp.l,,
bst:V161:008934:F89AD4,$008934,OS+0x07F34,mapped-segment1,OS-RAM,$FFF89AD4,$F89AD4,,ROM,direct,binding-slot-target,V161,static-table,unknown,,1,slot jmp.l,,
bst:V161:00893E:FFB342,$00893E,OS+0x07F3E,mapped-segment1,OS-RAM,$B342,$FFB342,,HIGH-RAM,direct,binding-slot-target,V161,static-table,unknown,,1,slot jmp.w,,
bst:V161:008942:FFB2A8,$008942,OS+0x07F42,mapped-segment1,OS-RAM,$B2A8,$FFB2A8,,HIGH-RAM,direct,binding-slot-target,V161,static-table,unknown,,1,slot jmp.w,,
bst:V161:008946:F89B9A,$008946,OS+0x07F46,mapped-segment1,OS-RAM,$FFF89B9A,$F89B9A,,ROM,direct,binding-slot-target,V161,static-table,unknown,,1,slot jmp.l,,
bst:V161:00894C:FFB586,$00894C,OS+0x07F4C,mapped-segment1,OS-RAM,$B586,$FFB586,,HIGH-RAM,direct,binding-slot-target,V161,static-table,unknown,,1,slot jmp.w,,
bst:V161:008950:F8A002,$008950,OS+0x07F50,mapped-segment1,OS-RAM,$FFF8A002,$F8A002,,ROM,direct,binding-slot-target,V161,static-table,unknown,,1,slot jmp.l,,
bst:V161:008956:FFB7D0,$008956,OS+0x07F56,mapped-segment1,OS-RAM,$B7D0,$FFB7D0,,HIGH-RAM,direct,binding-slot-target,V161,static-table,unknown,,1,slot jmp.w,,
bst:V161:00895A:F8A0B0,$00895A,OS+0x07F5A,mapped-segment1,OS-RAM,$FFF8A0B0,$F8A0B0,,ROM,direct,binding-slot-target,V161,static-table,unknown,,1,slot jmp.l,,
bst:V161:008960:F8A0F6,$008960,OS+0x07F60,mapped-segment1,OS-RAM,$FFF8A0F6,$F8A0F6,,ROM,direct,binding-slot-target,V161,static-table,unknown,,1,slot jmp.l,,
bst:V161:008966:F8A11C,$008966,OS+0x07F66,mapped-segment1,OS-RAM,$FFF8A11C,$F8A11C,,ROM,direct,binding-slot-target,V161,static-table,unknown,,1,slot jmp.l,,
bst:V161:00896C:F8A246,$00896C,OS+0x07F6C,mapped-segment1,OS-RAM,$FFF8A246,$F8A246,,ROM,direct,binding-slot-target,V161,static-table,unknown,,1,slot jmp.l,,
bst:V161:008972:F8A44E,$008972,OS+0x07F72,mapped-segment1,OS-RAM,$FFF8A44E,$F8A44E,,ROM,direct,binding-slot-target,V161,static-table,unknown,,1,slot jmp.l,,
bst:V161:008978:F8A564,$008978,OS+0x07F78,mapped-segment1,OS-RAM,$FFF8A564,$F8A564,,ROM,direct,binding-slot-target,V161,static-table,unknown,,1,slot jmp.l,,
bst:V161:00897E:F8A69E,$00897E,OS+0x07F7E,mapped-segment1,OS-RAM,$FFF8A69E,$F8A69E,,ROM,direct,binding-slot-target,V161,static-table,unknown,,1,slot jmp.l,,
bst:V161:008984:F8A6F4,$008984,OS+0x07F84,mapped-segment1,OS-RAM,$FFF8A6F4,$F8A6F4,,ROM,direct,binding-slot-target,V161,static-table,unknown,,1,slot jmp.l,,
bst:V161:00898A:F8A71A,$00898A,OS+0x07F8A,mapped-segment1,OS-RAM,$FFF8A71A,$F8A71A,,ROM,direct,binding-slot-target,V161,static-table,unknown,,1,slot jmp.l,,
bst:V161:008990:F8A6FE,$008990,OS+0x07F90,mapped-segment1,OS-RAM,$FFF8A6FE,$F8A6FE,,ROM,direct,binding-slot-target,V161,static-table,unknown,,1,slot jmp.l,,
bst:V161:008996:F8A72C,$008996,OS+0x07F96,mapped-segment1,OS-RAM,$FFF8A72C,$F8A72C,,ROM,direct,binding-slot-target,V161,static-table,unknown,,1,slot jmp.l,,
bst:V161:00899C:003A42,$00899C,OS+0x07F9C,mapped-segment1,OS-RAM,$00003A42,$003A42,,OS-RAM,direct,binding-slot-target,V161,static-table,unknown,,1,slot jmp.l,,
bst:V161:0089A2:003A62,$0089A2,OS+0x07FA2,mapped-segment1,OS-RAM,$3A62,$003A62,,OS-RAM,direct,binding-slot-target,V161,static-table,unknown,,1,slot jmp.w,,
bst:V161:0089A6:003AB2,$0089A6,OS+0x07FA6,mapped-segment1,OS-RAM,$3AB2,$003AB2,,OS-RAM,direct,binding-slot-target,V161,static-table,unknown,,1,slot jmp.w,,
bst:V161:0089AA:003BA0,$0089AA,OS+0x07FAA,mapped-segment1,OS-RAM,$3BA0,$003BA0,,OS-RAM,direct,binding-slot-target,V161,static-table,unknown,,1,slot jmp.w,,
bst:V161:0089BA:F8A7DC,$0089BA,OS+0x07FBA,mapped-segment1,OS-RAM,$FFF8A7DC,$F8A7DC,,ROM,direct,binding-slot-target,V161,static-table,unknown,,1,slot jmp.l,,
bst:V161:008B24:00B544,$008B24,OS+0x08124,mapped-segment1,OS-RAM,$0000B544,$00B544,,OS-RAM,direct,binding-slot-target,V161,static-table,unknown,,1,slot jmp.l,,
bst:V161:008B2A:0041EC,$008B2A,OS+0x0812A,mapped-segment1,OS-RAM,$41EC,$0041EC,,OS-RAM,direct,binding-slot-target,V161,static-table,unknown,,1,slot jmp.w,,
bst:V161:008B2E:0042DA,$008B2E,OS+0x0812E,mapped-segment1,OS-RAM,$42DA,$0042DA,,OS-RAM,direct,binding-slot-target,V161,static-table,unknown,,1,slot jmp.w,,
bst:V161:008B4C:004724,$008B4C,OS+0x0814C,mapped-segment1,OS-RAM,$4724,$004724,,OS-RAM,direct,binding-slot-target,V161,static-table,unknown,,1,slot jmp.w,,
bst:V161:008B50:004774,$008B50,OS+0x08150,mapped-segment1,OS-RAM,$4774,$004774,,OS-RAM,direct,binding-slot-target,V161,static-table,unknown,,1,slot jmp.w,,
bst:V161:008B54:004DA2,$008B54,OS+0x08154,mapped-segment1,OS-RAM,$4DA2,$004DA2,,OS-RAM,direct,binding-slot-target,V161,static-table,unknown,,1,slot jmp.w,,
bst:V161:008B58:004DB0,$008B58,OS+0x08158,mapped-segment1,OS-RAM,$4DB0,$004DB0,,OS-RAM,direct,binding-slot-target,V161,static-table,unknown,,1,slot jmp.w,,
bst:V161:008B5C:004DF2,$008B5C,OS+0x0815C,mapped-segment1,OS-RAM,$4DF2,$004DF2,,OS-RAM,direct,binding-slot-target,V161,static-table,unknown,,1,slot jmp.w,,
bst:V161:008B78:005D52,$008B78,OS+0x08178,mapped-segment1,OS-RAM,$5D52,$005D52,,OS-RAM,direct,binding-slot-target,V161,static-table,unknown,,1,slot jmp.w,,
bst:V161:008BB0:00BCE8,$008BB0,OS+0x081B0,mapped-segment1,OS-RAM,$0000BCE8,$00BCE8,,OS-RAM,direct,binding-slot-target,V161,static-table,unknown,,1,slot jmp.l,,
bst:V161:008BC2:FFB940,$008BC2,OS+0x081C2,mapped-segment1,OS-RAM,$B940,$FFB940,,HIGH-RAM,direct,binding-slot-target,V161,static-table,unknown,,1,slot jmp.w,,
bst:V161:008BC6:FFBAAE,$008BC6,OS+0x081C6,mapped-segment1,OS-RAM,$BAAE,$FFBAAE,,HIGH-RAM,direct,binding-slot-target,V161,static-table,unknown,,1,slot jmp.w,,
bst:V161:008BCA:F8B152,$008BCA,OS+0x081CA,mapped-segment1,OS-RAM,$FFF8B152,$F8B152,,ROM,direct,binding-slot-target,V161,static-table,unknown,,1,slot jmp.l,,
bst:V161:008BD0:F8B6FC,$008BD0,OS+0x081D0,mapped-segment1,OS-RAM,$FFF8B6FC,$F8B6FC,,ROM,direct,binding-slot-target,V161,static-table,unknown,,1,slot jmp.l,,
bst:V161:008BD6:F8B0EA,$008BD6,OS+0x081D6,mapped-segment1,OS-RAM,$FFF8B0EA,$F8B0EA,,ROM,direct,binding-slot-target,V161,static-table,unknown,,1,slot jmp.l,,
bst:V161:008BDC:F8B11E,$008BDC,OS+0x081DC,mapped-segment1,OS-RAM,$FFF8B11E,$F8B11E,,ROM,direct,binding-slot-target,V161,static-table,unknown,,1,slot jmp.l,,
bst:V161:008BE2:F8B188,$008BE2,OS+0x081E2,mapped-segment1,OS-RAM,$FFF8B188,$F8B188,,ROM,direct,binding-slot-target,V161,static-table,unknown,,1,slot jmp.l,,
bst:V161:008BE8:F8B198,$008BE8,OS+0x081E8,mapped-segment1,OS-RAM,$FFF8B198,$F8B198,,ROM,direct,binding-slot-target,V161,static-table,unknown,,1,slot jmp.l,,
bst:V161:008BEE:F8B1C0,$008BEE,OS+0x081EE,mapped-segment1,OS-RAM,$FFF8B1C0,$F8B1C0,,ROM,direct,binding-slot-target,V161,static-table,unknown,,1,slot jmp.l,,
bst:V161:008BF4:F8B1F0,$008BF4,OS+0x081F4,mapped-segment1,OS-RAM,$FFF8B1F0,$F8B1F0,,ROM,direct,binding-slot-target,V161,static-table,unknown,,1,slot jmp.l,,
bst:V161:008BFA:F8B262,$008BFA,OS+0x081FA,mapped-segment1,OS-RAM,$FFF8B262,$F8B262,,ROM,direct,binding-slot-target,V161,static-table,unknown,,1,slot jmp.l,,
bst:V161:008C00:F8B28E,$008C00,OS+0x08200,mapped-segment1,OS-RAM,$FFF8B28E,$F8B28E,,ROM,direct,binding-slot-target,V161,static-table,unknown,,1,slot jmp.l,,
bst:V161:008C06:F8B2BA,$008C06,OS+0x08206,mapped-segment1,OS-RAM,$FFF8B2BA,$F8B2BA,,ROM,direct,binding-slot-target,V161,static-table,unknown,,1,slot jmp.l,,
bst:V161:008C0C:F8B2E2,$008C0C,OS+0x0820C,mapped-segment1,OS-RAM,$FFF8B2E2,$F8B2E2,,ROM,direct,binding-slot-target,V161,static-table,unknown,,1,slot jmp.l,,
bst:V161:008C12:F8B316,$008C12,OS+0x08212,mapped-segment1,OS-RAM,$FFF8B316,$F8B316,,ROM,direct,binding-slot-target,V161,static-table,unknown,,1,slot jmp.l,,
bst:V161:008C18:F8B2FC,$008C18,OS+0x08218,mapped-segment1,OS-RAM,$FFF8B2FC,$F8B2FC,,ROM,direct,binding-slot-target,V161,static-table,unknown,,1,slot jmp.l,,
bst:V161:008C1E:F8B328,$008C1E,OS+0x0821E,mapped-segment1,OS-RAM,$FFF8B328,$F8B328,,ROM,direct,binding-slot-target,V161,static-table,unknown,,1,slot jmp.l,,
bst:V161:008C24:F8B37A,$008C24,OS+0x08224,mapped-segment1,OS-RAM,$FFF8B37A,$F8B37A,,ROM,direct,binding-slot-target,V161,static-table,unknown,,1,slot jmp.l,,
bst:V161:008C2A:F8B394,$008C2A,OS+0x0822A,mapped-segment1,OS-RAM,$FFF8B394,$F8B394,,ROM,direct,binding-slot-target,V161,static-table,unknown,,1,slot jmp.l,,
bst:V161:008C30:F8B3F0,$008C30,OS+0x08230,mapped-segment1,OS-RAM,$FFF8B3F0,$F8B3F0,,ROM,direct,binding-slot-target,V161,static-table,unknown,,1,slot jmp.l,,
bst:V161:008C36:F8B3D0,$008C36,OS+0x08236,mapped-segment1,OS-RAM,$FFF8B3D0,$F8B3D0,,ROM,direct,binding-slot-target,V161,static-table,unknown,,1,slot jmp.l,,
bst:V161:008C3C:F8B504,$008C3C,OS+0x0823C,mapped-segment1,OS-RAM,$FFF8B504,$F8B504,,ROM,direct,binding-slot-target,V161,static-table,unknown,,1,slot jmp.l,,
bst:V161:008C42:F8B418,$008C42,OS+0x08242,mapped-segment1,OS-RAM,$FFF8B418,$F8B418,,ROM,direct,binding-slot-target,V161,static-table,unknown,,1,slot jmp.l,,
bst:V161:008C48:F8B44A,$008C48,OS+0x08248,mapped-segment1,OS-RAM,$FFF8B44A,$F8B44A,,ROM,direct,binding-slot-target,V161,static-table,unknown,,1,slot jmp.l,,
bst:V161:008C4E:F8B488,$008C4E,OS+0x0824E,mapped-segment1,OS-RAM,$FFF8B488,$F8B488,,ROM,direct,binding-slot-target,V161,static-table,unknown,,1,slot jmp.l,,
bst:V161:008C54:F8B470,$008C54,OS+0x08254,mapped-segment1,OS-RAM,$FFF8B470,$F8B470,,ROM,direct,binding-slot-target,V161,static-table,unknown,,1,slot jmp.l,,
bst:V161:008C5A:F8B4A0,$008C5A,OS+0x0825A,mapped-segment1,OS-RAM,$FFF8B4A0,$F8B4A0,,ROM,direct,binding-slot-target,V161,static-table,unknown,,1,slot jmp.l,,
bst:V161:008C60:F8B568,$008C60,OS+0x08260,mapped-segment1,OS-RAM,$FFF8B568,$F8B568,,ROM,direct,binding-slot-target,V161,static-table,unknown,,1,slot jmp.l,,
bst:V161:008C66:F8B594,$008C66,OS+0x08266,mapped-segment1,OS-RAM,$FFF8B594,$F8B594,,ROM,direct,binding-slot-target,V161,static-table,unknown,,1,slot jmp.l,,
bst:V161:008C6C:F8B62C,$008C6C,OS+0x0826C,mapped-segment1,OS-RAM,$FFF8B62C,$F8B62C,,ROM,direct,binding-slot-target,V161,static-table,unknown,,1,slot jmp.l,,
bst:V161:008C72:FFBCE4,$008C72,OS+0x08272,mapped-segment1,OS-RAM,$FFFFBCE4,$FFBCE4,,HIGH-RAM,direct,binding-slot-target,V161,static-table,unknown,,1,slot jmp.l,,
bst:V161:008C78:F8B674,$008C78,OS+0x08278,mapped-segment1,OS-RAM,$FFF8B674,$F8B674,,ROM,direct,binding-slot-target,V161,static-table,unknown,,1,slot jmp.l,,
bst:V161:008C7E:F8B68C,$008C7E,OS+0x0827E,mapped-segment1,OS-RAM,$FFF8B68C,$F8B68C,,ROM,direct,binding-slot-target,V161,static-table,unknown,,1,slot jmp.l,,
bst:V161:008C84:0064B8,$008C84,OS+0x08284,mapped-segment1,OS-RAM,$000064B8,$0064B8,,OS-RAM,direct,binding-slot-target,V161,static-table,unknown,,1,slot jmp.l,,
bst:V161:008C8A:FFBB08,$008C8A,OS+0x0828A,mapped-segment1,OS-RAM,$FFFFBB08,$FFBB08,,HIGH-RAM,direct,binding-slot-target,V161,static-table,unknown,,1,slot jmp.l,,
bst:V161:008C90:006F10,$008C90,OS+0x08290,mapped-segment1,OS-RAM,$6F10,$006F10,,OS-RAM,direct,binding-slot-target,V161,static-table,unknown,,1,slot jmp.w,,
bst:V161:008C94:FFB924,$008C94,OS+0x08294,mapped-segment1,OS-RAM,$B924,$FFB924,,HIGH-RAM,direct,binding-slot-target,V161,static-table,unknown,,1,slot jmp.w,,
bst:V161:008C98:FFBB02,$008C98,OS+0x08298,mapped-segment1,OS-RAM,$BB02,$FFBB02,,HIGH-RAM,direct,binding-slot-target,V161,static-table,unknown,,1,slot jmp.w,,
bst:V161:008C9C:FFB850,$008C9C,OS+0x0829C,mapped-segment1,OS-RAM,$B850,$FFB850,,HIGH-RAM,direct,binding-slot-target,V161,static-table,unknown,,1,slot jmp.w,,
bst:V161:008CA0:FFB938,$008CA0,OS+0x082A0,mapped-segment1,OS-RAM,$B938,$FFB938,,HIGH-RAM,direct,binding-slot-target,V161,static-table,unknown,,1,slot jmp.w,,
bst:V161:008CA4:F8B9F0,$008CA4,OS+0x082A4,mapped-segment1,OS-RAM,$FFF8B9F0,$F8B9F0,,ROM,direct,binding-slot-target,V161,static-table,unknown,,1,slot jmp.l,,
bst:V161:008CAA:00BE30,$008CAA,OS+0x082AA,mapped-segment1,OS-RAM,$0000BE30,$00BE30,,OS-RAM,direct,binding-slot-target,V161,static-table,unknown,,1,slot jmp.l,,
bst:V161:008CFA:00BE4E,$008CFA,OS+0x082FA,mapped-segment1,OS-RAM,$0000BE4E,$00BE4E,,OS-RAM,direct,binding-slot-target,V161,static-table,unknown,,1,slot jmp.l,,
bst:V161:008D00:F8BAC6,$008D00,OS+0x08300,mapped-segment1,OS-RAM,$FFF8BAC6,$F8BAC6,,ROM,direct,binding-slot-target,V161,static-table,unknown,,1,slot jmp.l,,
bst:V161:008D06:F8BCAC,$008D06,OS+0x08306,mapped-segment1,OS-RAM,$FFF8BCAC,$F8BCAC,,ROM,direct,binding-slot-target,V161,static-table,unknown,,1,slot jmp.l,,
bst:V161:008D38:F8BE1E,$008D38,OS+0x08338,mapped-segment1,OS-RAM,$FFF8BE1E,$F8BE1E,,ROM,direct,binding-slot-target,V161,static-table,unknown,,1,slot jmp.l,,
bst:V161:008D3E:F8BE26,$008D3E,OS+0x0833E,mapped-segment1,OS-RAM,$FFF8BE26,$F8BE26,,ROM,direct,binding-slot-target,V161,static-table,unknown,,1,slot jmp.l,,
bst:V161:008D44:F8C0CE,$008D44,OS+0x08344,mapped-segment1,OS-RAM,$FFF8C0CE,$F8C0CE,,ROM,direct,binding-slot-target,V161,static-table,unknown,,1,slot jmp.l,,
bst:V161:008D4A:00BE5E,$008D4A,OS+0x0834A,mapped-segment1,OS-RAM,$0000BE5E,$00BE5E,,OS-RAM,direct,binding-slot-target,V161,static-table,unknown,,1,slot jmp.l,,
bst:V161:008D50:F8C1BE,$008D50,OS+0x08350,mapped-segment1,OS-RAM,$FFF8C1BE,$F8C1BE,,ROM,direct,binding-slot-target,V161,static-table,unknown,,1,slot jmp.l,,
bst:V161:008D6A:00656E,$008D6A,OS+0x0836A,mapped-segment1,OS-RAM,$656E,$00656E,,OS-RAM,direct,binding-slot-target,V161,static-table,unknown,,1,slot jmp.w,,
bst:V161:008D88:0065DE,$008D88,OS+0x08388,mapped-segment1,OS-RAM,$65DE,$0065DE,,OS-RAM,direct,binding-slot-target,V161,static-table,unknown,,1,slot jmp.w,,
bst:V161:008DA6:00656E,$008DA6,OS+0x083A6,mapped-segment1,OS-RAM,$656E,$00656E,,OS-RAM,direct,binding-slot-target,V161,static-table,unknown,,1,slot jmp.w,,
bst:V161:008DC2:0065DE,$008DC2,OS+0x083C2,mapped-segment1,OS-RAM,$65DE,$0065DE,,OS-RAM,direct,binding-slot-target,V161,static-table,unknown,,1,slot jmp.w,,
bst:V161:008DCC:F8C412,$008DCC,OS+0x083CC,mapped-segment1,OS-RAM,$FFF8C412,$F8C412,,ROM,direct,binding-slot-target,V161,static-table,unknown,,1,slot jmp.l,,
bst:V161:008DD2:F8C492,$008DD2,OS+0x083D2,mapped-segment1,OS-RAM,$FFF8C492,$F8C492,,ROM,direct,binding-slot-target,V161,static-table,unknown,,1,slot jmp.l,,
bst:V161:008DF8:0073AC,$008DF8,OS+0x083F8,mapped-segment1,OS-RAM,$73AC,$0073AC,,OS-RAM,direct,binding-slot-target,V161,static-table,unknown,,1,slot jmp.w,,
bst:V161:008DFE:0073AC,$008DFE,OS+0x083FE,mapped-segment1,OS-RAM,$73AC,$0073AC,,OS-RAM,direct,binding-slot-target,V161,static-table,unknown,,1,slot jmp.w,,
bst:V161:008E02:007682,$008E02,OS+0x08402,mapped-segment1,OS-RAM,$00007682,$007682,,OS-RAM,direct,binding-slot-target,V161,static-table,unknown,,1,slot jmp.l,,
bst:V161:008E38:F8C994,$008E38,OS+0x08438,mapped-segment1,OS-RAM,$FFF8C994,$F8C994,,ROM,direct,binding-slot-target,V161,static-table,unknown,,1,slot jmp.l,,
bst:V161:008E3E:F8C9AA,$008E3E,OS+0x0843E,mapped-segment1,OS-RAM,$FFF8C9AA,$F8C9AA,,ROM,direct,binding-slot-target,V161,static-table,unknown,,1,slot jmp.l,,
bst:V161:008E44:F8C9CC,$008E44,OS+0x08444,mapped-segment1,OS-RAM,$FFF8C9CC,$F8C9CC,,ROM,direct,binding-slot-target,V161,static-table,unknown,,1,slot jmp.l,,
bst:V161:008E4A:F8C9FE,$008E4A,OS+0x0844A,mapped-segment1,OS-RAM,$FFF8C9FE,$F8C9FE,,ROM,direct,binding-slot-target,V161,static-table,unknown,,1,slot jmp.l,,
bst:V161:008E50:F8CAFA,$008E50,OS+0x08450,mapped-segment1,OS-RAM,$FFF8CAFA,$F8CAFA,,ROM,direct,binding-slot-target,V161,static-table,unknown,,1,slot jmp.l,,
bst:V161:008E56:F8C0E6,$008E56,OS+0x08456,mapped-segment1,OS-RAM,$FFF8C0E6,$F8C0E6,,ROM,direct,binding-slot-target,V161,static-table,unknown,,1,slot jmp.l,,
bst:V161:008E5C:F8CC9A,$008E5C,OS+0x0845C,mapped-segment1,OS-RAM,$FFF8CC9A,$F8CC9A,,ROM,direct,binding-slot-target,V161,static-table,unknown,,1,slot jmp.l,,
bst:V161:008E62:F8CCF6,$008E62,OS+0x08462,mapped-segment1,OS-RAM,$FFF8CCF6,$F8CCF6,,ROM,direct,binding-slot-target,V161,static-table,unknown,,1,slot jmp.l,,
bst:V161:008E68:F8CDDC,$008E68,OS+0x08468,mapped-segment1,OS-RAM,$FFF8CDDC,$F8CDDC,,ROM,direct,binding-slot-target,V161,static-table,unknown,,1,slot jmp.l,,
bst:V161:008E6E:F8CE4A,$008E6E,OS+0x0846E,mapped-segment1,OS-RAM,$FFF8CE4A,$F8CE4A,,ROM,direct,binding-slot-target,V161,static-table,unknown,,1,slot jmp.l,,
bst:V161:008E74:F8CF9C,$008E74,OS+0x08474,mapped-segment1,OS-RAM,$FFF8CF9C,$F8CF9C,,ROM,direct,binding-slot-target,V161,static-table,unknown,,1,slot jmp.l,,
bst:V161:008E7A:00BF7A,$008E7A,OS+0x0847A,mapped-segment1,OS-RAM,$0000BF7A,$00BF7A,,OS-RAM,direct,binding-slot-target,V161,static-table,unknown,,1,slot jmp.l,,
bst:V161:008E80:0067F6,$008E80,OS+0x08480,mapped-segment1,OS-RAM,$000067F6,$0067F6,,OS-RAM,direct,binding-slot-target,V161,static-table,unknown,,1,slot jmp.l,,
bst:V161:008E86:006988,$008E86,OS+0x08486,mapped-segment1,OS-RAM,$00006988,$006988,,OS-RAM,direct,binding-slot-target,V161,static-table,unknown,,1,slot jmp.l,,
bst:V161:008EAC:F8DC90,$008EAC,OS+0x084AC,mapped-segment1,OS-RAM,$FFF8DC90,$F8DC90,,ROM,direct,binding-slot-target,V161,static-table,unknown,,1,slot jmp.l,,
bst:V161:008EB2:F8DD94,$008EB2,OS+0x084B2,mapped-segment1,OS-RAM,$FFF8DD94,$F8DD94,,ROM,direct,binding-slot-target,V161,static-table,unknown,,1,slot jmp.l,,
bst:V161:008EB8:F8DDF4,$008EB8,OS+0x084B8,mapped-segment1,OS-RAM,$FFF8DDF4,$F8DDF4,,ROM,direct,binding-slot-target,V161,static-table,unknown,,1,slot jmp.l,,
bst:V161:008EBE:00C234,$008EBE,OS+0x084BE,mapped-segment1,OS-RAM,$0000C234,$00C234,,OS-RAM,direct,binding-slot-target,V161,static-table,unknown,,1,slot jmp.l,,
bst:V161:008EC4:F8E082,$008EC4,OS+0x084C4,mapped-segment1,OS-RAM,$FFF8E082,$F8E082,,ROM,direct,binding-slot-target,V161,static-table,unknown,,1,slot jmp.l,,
bst:V161:008ECA:F8E054,$008ECA,OS+0x084CA,mapped-segment1,OS-RAM,$FFF8E054,$F8E054,,ROM,direct,binding-slot-target,V161,static-table,unknown,,1,slot jmp.l,,
bst:V161:008ED0:F8E256,$008ED0,OS+0x084D0,mapped-segment1,OS-RAM,$FFF8E256,$F8E256,,ROM,direct,binding-slot-target,V161,static-table,unknown,,1,slot jmp.l,,
bst:V161:008ED6:F8E338,$008ED6,OS+0x084D6,mapped-segment1,OS-RAM,$FFF8E338,$F8E338,,ROM,direct,binding-slot-target,V161,static-table,unknown,,1,slot jmp.l,,
bst:V161:008EDC:F8E384,$008EDC,OS+0x084DC,mapped-segment1,OS-RAM,$FFF8E384,$F8E384,,ROM,direct,binding-slot-target,V161,static-table,unknown,,1,slot jmp.l,,
bst:V161:008EE2:F8E3D2,$008EE2,OS+0x084E2,mapped-segment1,OS-RAM,$FFF8E3D2,$F8E3D2,,ROM,direct,binding-slot-target,V161,static-table,unknown,,1,slot jmp.l,,
bst:V161:008EE8:00C2D0,$008EE8,OS+0x084E8,mapped-segment1,OS-RAM,$0000C2D0,$00C2D0,,OS-RAM,direct,binding-slot-target,V161,static-table,unknown,,1,slot jmp.l,,
bst:V161:008EEE:F8E46C,$008EEE,OS+0x084EE,mapped-segment1,OS-RAM,$FFF8E46C,$F8E46C,,ROM,direct,binding-slot-target,V161,static-table,unknown,,1,slot jmp.l,,
bst:V161:008EF4:F8E4BA,$008EF4,OS+0x084F4,mapped-segment1,OS-RAM,$FFF8E4BA,$F8E4BA,,ROM,direct,binding-slot-target,V161,static-table,unknown,,1,slot jmp.l,,
bst:V161:008EFA:F8E57E,$008EFA,OS+0x084FA,mapped-segment1,OS-RAM,$FFF8E57E,$F8E57E,,ROM,direct,binding-slot-target,V161,static-table,unknown,,1,slot jmp.l,,
bst:V161:008F00:F8E5DA,$008F00,OS+0x08500,mapped-segment1,OS-RAM,$FFF8E5DA,$F8E5DA,,ROM,direct,binding-slot-target,V161,static-table,unknown,,1,slot jmp.l,,
bst:V161:008F06:F8E63A,$008F06,OS+0x08506,mapped-segment1,OS-RAM,$FFF8E63A,$F8E63A,,ROM,direct,binding-slot-target,V161,static-table,unknown,,1,slot jmp.l,,
bst:V161:008F0C:F8E68C,$008F0C,OS+0x0850C,mapped-segment1,OS-RAM,$FFF8E68C,$F8E68C,,ROM,direct,binding-slot-target,V161,static-table,unknown,,1,slot jmp.l,,
bst:V161:008F18:F8EC52,$008F18,OS+0x08518,mapped-segment1,OS-RAM,$FFF8EC52,$F8EC52,,ROM,direct,binding-slot-target,V161,static-table,unknown,,1,slot jmp.l,,
bst:V161:008F1E:F8EC6A,$008F1E,OS+0x0851E,mapped-segment1,OS-RAM,$FFF8EC6A,$F8EC6A,,ROM,direct,binding-slot-target,V161,static-table,unknown,,1,slot jmp.l,,
bst:V161:008F24:F8ECFA,$008F24,OS+0x08524,mapped-segment1,OS-RAM,$FFF8ECFA,$F8ECFA,,ROM,direct,binding-slot-target,V161,static-table,unknown,,1,slot jmp.l,,
bst:V161:008F2A:F8ED0E,$008F2A,OS+0x0852A,mapped-segment1,OS-RAM,$FFF8ED0E,$F8ED0E,,ROM,direct,binding-slot-target,V161,static-table,unknown,,1,slot jmp.l,,
bst:V161:008F30:F8EDBA,$008F30,OS+0x08530,mapped-segment1,OS-RAM,$FFF8EDBA,$F8EDBA,,ROM,direct,binding-slot-target,V161,static-table,unknown,,1,slot jmp.l,,
bst:V161:008F36:F8EDDC,$008F36,OS+0x08536,mapped-segment1,OS-RAM,$FFF8EDDC,$F8EDDC,,ROM,direct,binding-slot-target,V161,static-table,unknown,,1,slot jmp.l,,
bst:V161:008F3C:F8EF2A,$008F3C,OS+0x0853C,mapped-segment1,OS-RAM,$FFF8EF2A,$F8EF2A,,ROM,direct,binding-slot-target,V161,static-table,unknown,,1,slot jmp.l,,
bst:V161:008F42:F8EFB6,$008F42,OS+0x08542,mapped-segment1,OS-RAM,$FFF8EFB6,$F8EFB6,,ROM,direct,binding-slot-target,V161,static-table,unknown,,1,slot jmp.l,,
bst:V161:008F48:F8EFC6,$008F48,OS+0x08548,mapped-segment1,OS-RAM,$FFF8EFC6,$F8EFC6,,ROM,direct,binding-slot-target,V161,static-table,unknown,,1,slot jmp.l,,
bst:V161:008F4E:F8EFF6,$008F4E,OS+0x0854E,mapped-segment1,OS-RAM,$FFF8EFF6,$F8EFF6,,ROM,direct,binding-slot-target,V161,static-table,unknown,,1,slot jmp.l,,
bst:V161:008F54:F8F008,$008F54,OS+0x08554,mapped-segment1,OS-RAM,$FFF8F008,$F8F008,,ROM,direct,binding-slot-target,V161,static-table,unknown,,1,slot jmp.l,,
bst:V161:008F5A:F8F024,$008F5A,OS+0x0855A,mapped-segment1,OS-RAM,$FFF8F024,$F8F024,,ROM,direct,binding-slot-target,V161,static-table,unknown,,1,slot jmp.l,,
bst:V161:008F60:F8F040,$008F60,OS+0x08560,mapped-segment1,OS-RAM,$FFF8F040,$F8F040,,ROM,direct,binding-slot-target,V161,static-table,unknown,,1,slot jmp.l,,
bst:V161:008F66:F8F054,$008F66,OS+0x08566,mapped-segment1,OS-RAM,$FFF8F054,$F8F054,,ROM,direct,binding-slot-target,V161,static-table,unknown,,1,slot jmp.l,,
bst:V161:008F6C:F8F06C,$008F6C,OS+0x0856C,mapped-segment1,OS-RAM,$FFF8F06C,$F8F06C,,ROM,direct,binding-slot-target,V161,static-table,unknown,,1,slot jmp.l,,
bst:V161:008F72:F8E862,$008F72,OS+0x08572,mapped-segment1,OS-RAM,$FFF8E862,$F8E862,,ROM,direct,binding-slot-target,V161,static-table,unknown,,1,slot jmp.l,,
bst:V161:008F78:F8E87C,$008F78,OS+0x08578,mapped-segment1,OS-RAM,$FFF8E87C,$F8E87C,,ROM,direct,binding-slot-target,V161,static-table,unknown,,1,slot jmp.l,,
bst:V161:008F7E:F8E894,$008F7E,OS+0x0857E,mapped-segment1,OS-RAM,$FFF8E894,$F8E894,,ROM,direct,binding-slot-target,V161,static-table,unknown,,1,slot jmp.l,,
bst:V161:008F84:F8E89A,$008F84,OS+0x08584,mapped-segment1,OS-RAM,$FFF8E89A,$F8E89A,,ROM,direct,binding-slot-target,V161,static-table,unknown,,1,slot jmp.l,,
bst:V161:008F8A:F8E89E,$008F8A,OS+0x0858A,mapped-segment1,OS-RAM,$FFF8E89E,$F8E89E,,ROM,direct,binding-slot-target,V161,static-table,unknown,,1,slot jmp.l,,
bst:V161:008F90:F8E8A4,$008F90,OS+0x08590,mapped-segment1,OS-RAM,$FFF8E8A4,$F8E8A4,,ROM,direct,binding-slot-target,V161,static-table,unknown,,1,slot jmp.l,,
bst:V161:008F96:F8E8A8,$008F96,OS+0x08596,mapped-segment1,OS-RAM,$FFF8E8A8,$F8E8A8,,ROM,direct,binding-slot-target,V161,static-table,unknown,,1,slot jmp.l,,
bst:V161:008F9C:F8E8AE,$008F9C,OS+0x0859C,mapped-segment1,OS-RAM,$FFF8E8AE,$F8E8AE,,ROM,direct,binding-slot-target,V161,static-table,unknown,,1,slot jmp.l,,
bst:V161:008FA2:F8E8B2,$008FA2,OS+0x085A2,mapped-segment1,OS-RAM,$FFF8E8B2,$F8E8B2,,ROM,direct,binding-slot-target,V161,static-table,unknown,,1,slot jmp.l,,
bst:V161:008FA8:F8E8D0,$008FA8,OS+0x085A8,mapped-segment1,OS-RAM,$FFF8E8D0,$F8E8D0,,ROM,direct,binding-slot-target,V161,static-table,unknown,,1,slot jmp.l,,
bst:V161:008FAE:F8E8C2,$008FAE,OS+0x085AE,mapped-segment1,OS-RAM,$FFF8E8C2,$F8E8C2,,ROM,direct,binding-slot-target,V161,static-table,unknown,,1,slot jmp.l,,
bst:V161:008FB4:F8E8DC,$008FB4,OS+0x085B4,mapped-segment1,OS-RAM,$FFF8E8DC,$F8E8DC,,ROM,direct,binding-slot-target,V161,static-table,unknown,,1,slot jmp.l,,
bst:V161:008FBA:F8E8E6,$008FBA,OS+0x085BA,mapped-segment1,OS-RAM,$FFF8E8E6,$F8E8E6,,ROM,direct,binding-slot-target,V161,static-table,unknown,,1,slot jmp.l,,
bst:V161:008FC0:F8E8F0,$008FC0,OS+0x085C0,mapped-segment1,OS-RAM,$FFF8E8F0,$F8E8F0,,ROM,direct,binding-slot-target,V161,static-table,unknown,,1,slot jmp.l,,
bst:V161:008FC6:F8E8FA,$008FC6,OS+0x085C6,mapped-segment1,OS-RAM,$FFF8E8FA,$F8E8FA,,ROM,direct,binding-slot-target,V161,static-table,unknown,,1,slot jmp.l,,
bst:V161:008FCC:F8E904,$008FCC,OS+0x085CC,mapped-segment1,OS-RAM,$FFF8E904,$F8E904,,ROM,direct,binding-slot-target,V161,static-table,unknown,,1,slot jmp.l,,
bst:V161:008FD2:F8E90E,$008FD2,OS+0x085D2,mapped-segment1,OS-RAM,$FFF8E90E,$F8E90E,,ROM,direct,binding-slot-target,V161,static-table,unknown,,1,slot jmp.l,,
bst:V161:008FD8:F8E918,$008FD8,OS+0x085D8,mapped-segment1,OS-RAM,$FFF8E918,$F8E918,,ROM,direct,binding-slot-target,V161,static-table,unknown,,1,slot jmp.l,,
bst:V161:008FDE:F8E922,$008FDE,OS+0x085DE,mapped-segment1,OS-RAM,$FFF8E922,$F8E922,,ROM,direct,binding-slot-target,V161,static-table,unknown,,1,slot jmp.l,,
bst:V161:008FE4:F8E93C,$008FE4,OS+0x085E4,mapped-segment1,OS-RAM,$FFF8E93C,$F8E93C,,ROM,direct,binding-slot-target,V161,static-table,unknown,,1,slot jmp.l,,
bst:V161:008FEA:F8E93E,$008FEA,OS+0x085EA,mapped-segment1,OS-RAM,$FFF8E93E,$F8E93E,,ROM,direct,binding-slot-target,V161,static-table,unknown,,1,slot jmp.l,,
bst:V161:008FF0:F8E948,$008FF0,OS+0x085F0,mapped-segment1,OS-RAM,$FFF8E948,$F8E948,,ROM,direct,binding-slot-target,V161,static-table,unknown,,1,slot jmp.l,,
bst:V161:008FF6:F8E94A,$008FF6,OS+0x085F6,mapped-segment1,OS-RAM,$FFF8E94A,$F8E94A,,ROM,direct,binding-slot-target,V161,static-table,unknown,,1,slot jmp.l,,
bst:V161:008FFC:F8E954,$008FFC,OS+0x085FC,mapped-segment1,OS-RAM,$FFF8E954,$F8E954,,ROM,direct,binding-slot-target,V161,static-table,unknown,,1,slot jmp.l,,
bst:V161:009002:F8E956,$009002,OS+0x08602,mapped-segment1,OS-RAM,$FFF8E956,$F8E956,,ROM,direct,binding-slot-target,V161,static-table,unknown,,1,slot jmp.l,,
bst:V161:009008:F8E960,$009008,OS+0x08608,mapped-segment1,OS-RAM,$FFF8E960,$F8E960,,ROM,direct,binding-slot-target,V161,static-table,unknown,,1,slot jmp.l,,
bst:V161:00900E:F8E962,$00900E,OS+0x0860E,mapped-segment1,OS-RAM,$FFF8E962,$F8E962,,ROM,direct,binding-slot-target,V161,static-table,unknown,,1,slot jmp.l,,
bst:V161:009014:F8E96A,$009014,OS+0x08614,mapped-segment1,OS-RAM,$FFF8E96A,$F8E96A,,ROM,direct,binding-slot-target,V161,static-table,unknown,,1,slot jmp.l,,
bst:V161:00901A:F8E992,$00901A,OS+0x0861A,mapped-segment1,OS-RAM,$FFF8E992,$F8E992,,ROM,direct,binding-slot-target,V161,static-table,unknown,,1,slot jmp.l,,
bst:V161:009020:F8E9A0,$009020,OS+0x08620,mapped-segment1,OS-RAM,$FFF8E9A0,$F8E9A0,,ROM,direct,binding-slot-target,V161,static-table,unknown,,1,slot jmp.l,,
bst:V161:009026:F8E9A6,$009026,OS+0x08626,mapped-segment1,OS-RAM,$FFF8E9A6,$F8E9A6,,ROM,direct,binding-slot-target,V161,static-table,unknown,,1,slot jmp.l,,
bst:V161:00902C:F8E9C0,$00902C,OS+0x0862C,mapped-segment1,OS-RAM,$FFF8E9C0,$F8E9C0,,ROM,direct,binding-slot-target,V161,static-table,unknown,,1,slot jmp.l,,
bst:V161:009032:F8E9CA,$009032,OS+0x08632,mapped-segment1,OS-RAM,$FFF8E9CA,$F8E9CA,,ROM,direct,binding-slot-target,V161,static-table,unknown,,1,slot jmp.l,,
bst:V161:009038:F8E6BE,$009038,OS+0x08638,mapped-segment1,OS-RAM,$FFF8E6BE,$F8E6BE,,ROM,direct,binding-slot-target,V161,static-table,unknown,,1,slot jmp.l,,
bst:V161:00903E:F8E7A6,$00903E,OS+0x0863E,mapped-segment1,OS-RAM,$FFF8E7A6,$F8E7A6,,ROM,direct,binding-slot-target,V161,static-table,unknown,,1,slot jmp.l,,
bst:V161:009044:F8E7DC,$009044,OS+0x08644,mapped-segment1,OS-RAM,$FFF8E7DC,$F8E7DC,,ROM,direct,binding-slot-target,V161,static-table,unknown,,1,slot jmp.l,,
bst:V161:00904A:F8E80C,$00904A,OS+0x0864A,mapped-segment1,OS-RAM,$FFF8E80C,$F8E80C,,ROM,direct,binding-slot-target,V161,static-table,unknown,,1,slot jmp.l,,
bst:V161:009050:F9807A,$009050,OS+0x08650,mapped-segment1,OS-RAM,$FFF9807A,$F9807A,,ROM,direct,binding-slot-target,V161,static-table,unknown,,1,slot jmp.l,,
bst:V161:009056:F980BC,$009056,OS+0x08656,mapped-segment1,OS-RAM,$FFF980BC,$F980BC,,ROM,direct,binding-slot-target,V161,static-table,unknown,,1,slot jmp.l,,
bst:V161:00905C:F98120,$00905C,OS+0x0865C,mapped-segment1,OS-RAM,$FFF98120,$F98120,,ROM,direct,binding-slot-target,V161,static-table,unknown,,1,slot jmp.l,,
bst:V161:009062:F98148,$009062,OS+0x08662,mapped-segment1,OS-RAM,$FFF98148,$F98148,,ROM,direct,binding-slot-target,V161,static-table,unknown,,1,slot jmp.l,,
bst:V161:009068:F97F98,$009068,OS+0x08668,mapped-segment1,OS-RAM,$FFF97F98,$F97F98,,ROM,direct,binding-slot-target,V161,static-table,unknown,,1,slot jmp.l,,
bst:V161:00906E:F98194,$00906E,OS+0x0866E,mapped-segment1,OS-RAM,$FFF98194,$F98194,,ROM,direct,binding-slot-target,V161,static-table,unknown,,1,slot jmp.l,,
bst:V161:009074:F8F258,$009074,OS+0x08674,mapped-segment1,OS-RAM,$FFF8F258,$F8F258,,ROM,direct,binding-slot-target,V161,static-table,unknown,,1,slot jmp.l,,
bst:V161:00907A:F8F284,$00907A,OS+0x0867A,mapped-segment1,OS-RAM,$FFF8F284,$F8F284,,ROM,direct,binding-slot-target,V161,static-table,unknown,,1,slot jmp.l,,
bst:V161:009080:F8E6D0,$009080,OS+0x08680,mapped-segment1,OS-RAM,$FFF8E6D0,$F8E6D0,,ROM,direct,binding-slot-target,V161,static-table,unknown,,1,slot jmp.l,,
bst:V161:009086:F8E720,$009086,OS+0x08686,mapped-segment1,OS-RAM,$FFF8E720,$F8E720,,ROM,direct,binding-slot-target,V161,static-table,unknown,,1,slot jmp.l,,
bst:V161:00908C:F8F142,$00908C,OS+0x0868C,mapped-segment1,OS-RAM,$FFF8F142,$F8F142,,ROM,direct,binding-slot-target,V161,static-table,unknown,,1,slot jmp.l,,
bst:V161:009092:F8F158,$009092,OS+0x08692,mapped-segment1,OS-RAM,$FFF8F158,$F8F158,,ROM,direct,binding-slot-target,V161,static-table,unknown,,1,slot jmp.l,,
bst:V161:009098:F8F16E,$009098,OS+0x08698,mapped-segment1,OS-RAM,$FFF8F16E,$F8F16E,,ROM,direct,binding-slot-target,V161,static-table,unknown,,1,slot jmp.l,,
bst:V161:00909E:F8F18E,$00909E,OS+0x0869E,mapped-segment1,OS-RAM,$FFF8F18E,$F8F18E,,ROM,direct,binding-slot-target,V161,static-table,unknown,,1,slot jmp.l,,
bst:V161:0090A4:F8F1B6,$0090A4,OS+0x086A4,mapped-segment1,OS-RAM,$FFF8F1B6,$F8F1B6,,ROM,direct,binding-slot-target,V161,static-table,unknown,,1,slot jmp.l,,
bst:V161:0090AA:F8E9F4,$0090AA,OS+0x086AA,mapped-segment1,OS-RAM,$FFF8E9F4,$F8E9F4,,ROM,direct,binding-slot-target,V161,static-table,unknown,,1,slot jmp.l,,
bst:V161:0090B0:F8EE4C,$0090B0,OS+0x086B0,mapped-segment1,OS-RAM,$FFF8EE4C,$F8EE4C,,ROM,direct,binding-slot-target,V161,static-table,unknown,,1,slot jmp.l,,
bst:V161:0090B6:F8F09E,$0090B6,OS+0x086B6,mapped-segment1,OS-RAM,$FFF8F09E,$F8F09E,,ROM,direct,binding-slot-target,V161,static-table,unknown,,1,slot jmp.l,,
bst:V161:0090BC:F8EEBC,$0090BC,OS+0x086BC,mapped-segment1,OS-RAM,$FFF8EEBC,$F8EEBC,,ROM,direct,binding-slot-target,V161,static-table,unknown,,1,slot jmp.l,,
bst:V161:0090C2:006F3A,$0090C2,OS+0x086C2,mapped-segment1,OS-RAM,$6F3A,$006F3A,,OS-RAM,direct,binding-slot-target,V161,static-table,unknown,,1,slot jmp.w,,
bst:V161:0090D2:FF8F36,$0090D2,OS+0x086D2,mapped-segment1,OS-RAM,$8F36,$FF8F36,$008F36,HIGH-RAM-ALIAS-CANDIDATE,mirror-hypothesis,binding-slot-target,V161,static-table,unknown,,1,slot jmp.w,,
bst:V161:0090E2:FF8F36,$0090E2,OS+0x086E2,mapped-segment1,OS-RAM,$8F36,$FF8F36,$008F36,HIGH-RAM-ALIAS-CANDIDATE,mirror-hypothesis,binding-slot-target,V161,static-table,unknown,,1,slot jmp.w,,
bst:V161:0090EA:FF90AA,$0090EA,OS+0x086EA,mapped-segment1,OS-RAM,$90AA,$FF90AA,$0090AA,HIGH-RAM-ALIAS-CANDIDATE,mirror-hypothesis,binding-slot-target,V161,static-table,unknown,,1,slot jmp.w,,
bst:V161:0090EE:00C9D2,$0090EE,OS+0x086EE,mapped-segment1,OS-RAM,$0000C9D2,$00C9D2,,OS-RAM,direct,binding-slot-target,V161,static-table,unknown,,1,slot jmp.l,,
bst:V161:0090F4:F8F2D2,$0090F4,OS+0x086F4,mapped-segment1,OS-RAM,$FFF8F2D2,$F8F2D2,,ROM,direct,binding-slot-target,V161,static-table,unknown,,1,slot jmp.l,,
bst:V161:0090FA:F8F2DA,$0090FA,OS+0x086FA,mapped-segment1,OS-RAM,$FFF8F2DA,$F8F2DA,,ROM,direct,binding-slot-target,V161,static-table,unknown,,1,slot jmp.l,,
bst:V161:009100:F8F388,$009100,OS+0x08700,mapped-segment1,OS-RAM,$FFF8F388,$F8F388,,ROM,direct,binding-slot-target,V161,static-table,unknown,,1,slot jmp.l,,
bst:V161:009106:F8F38C,$009106,OS+0x08706,mapped-segment1,OS-RAM,$FFF8F38C,$F8F38C,,ROM,direct,binding-slot-target,V161,static-table,unknown,,1,slot jmp.l,,
bst:V161:00910C:F8F460,$00910C,OS+0x0870C,mapped-segment1,OS-RAM,$FFF8F460,$F8F460,,ROM,direct,binding-slot-target,V161,static-table,unknown,,1,slot jmp.l,,
bst:V161:009112:F8F3D6,$009112,OS+0x08712,mapped-segment1,OS-RAM,$FFF8F3D6,$F8F3D6,,ROM,direct,binding-slot-target,V161,static-table,unknown,,1,slot jmp.l,,
bst:V161:009118:F8F476,$009118,OS+0x08718,mapped-segment1,OS-RAM,$FFF8F476,$F8F476,,ROM,direct,binding-slot-target,V161,static-table,unknown,,1,slot jmp.l,,
bst:V161:00911E:FF9166,$00911E,OS+0x0871E,mapped-segment1,OS-RAM,$FFFF9166,$FF9166,$009166,HIGH-RAM-ALIAS-CANDIDATE,mirror-hypothesis,binding-slot-target,V161,static-table,unknown,,1,slot jmp.l,,
bst:V161:009124:FF91B8,$009124,OS+0x08724,mapped-segment1,OS-RAM,$FFFF91B8,$FF91B8,$0091B8,HIGH-RAM-ALIAS-CANDIDATE,mirror-hypothesis,binding-slot-target,V161,static-table,unknown,,1,slot jmp.l,,
bst:V161:00912A:FF9232,$00912A,OS+0x0872A,mapped-segment1,OS-RAM,$FFFF9232,$FF9232,$009232,HIGH-RAM-ALIAS-CANDIDATE,mirror-hypothesis,binding-slot-target,V161,static-table,unknown,,1,slot jmp.l,,
bst:V161:009130:FF9244,$009130,OS+0x08730,mapped-segment1,OS-RAM,$FFFF9244,$FF9244,$009244,HIGH-RAM-ALIAS-CANDIDATE,mirror-hypothesis,binding-slot-target,V161,static-table,unknown,,1,slot jmp.l,,
bst:V161:009136:FF9270,$009136,OS+0x08736,mapped-segment1,OS-RAM,$FFFF9270,$FF9270,$009270,HIGH-RAM-ALIAS-CANDIDATE,mirror-hypothesis,binding-slot-target,V161,static-table,unknown,,1,slot jmp.l,,
bst:V161:00913C:FF9298,$00913C,OS+0x0873C,mapped-segment1,OS-RAM,$FFFF9298,$FF9298,$009298,HIGH-RAM-ALIAS-CANDIDATE,mirror-hypothesis,binding-slot-target,V161,static-table,unknown,,1,slot jmp.l,,
bst:V161:009142:FF92B6,$009142,OS+0x08742,mapped-segment1,OS-RAM,$FFFF92B6,$FF92B6,$0092B6,HIGH-RAM-ALIAS-CANDIDATE,mirror-hypothesis,binding-slot-target,V161,static-table,unknown,,1,slot jmp.l,,
bst:V161:009148:FF9348,$009148,OS+0x08748,mapped-segment1,OS-RAM,$FFFF9348,$FF9348,$009348,HIGH-RAM-ALIAS-CANDIDATE,mirror-hypothesis,binding-slot-target,V161,static-table,unknown,,1,slot jmp.l,,
bst:V161:00914E:FF92A4,$00914E,OS+0x0874E,mapped-segment1,OS-RAM,$FFFF92A4,$FF92A4,$0092A4,HIGH-RAM-ALIAS-CANDIDATE,mirror-hypothesis,binding-slot-target,V161,static-table,unknown,,1,slot jmp.l,,
bst:V161:009154:FF92E2,$009154,OS+0x08754,mapped-segment1,OS-RAM,$FFFF92E2,$FF92E2,$0092E2,HIGH-RAM-ALIAS-CANDIDATE,mirror-hypothesis,binding-slot-target,V161,static-table,unknown,,1,slot jmp.l,,
bst:V161:00915A:FF9340,$00915A,OS+0x0875A,mapped-segment1,OS-RAM,$FFFF9340,$FF9340,$009340,HIGH-RAM-ALIAS-CANDIDATE,mirror-hypothesis,binding-slot-target,V161,static-table,unknown,,1,slot jmp.l,,
bst:V161:009160:FF92EA,$009160,OS+0x08760,mapped-segment1,OS-RAM,$FFFF92EA,$FF92EA,$0092EA,HIGH-RAM-ALIAS-CANDIDATE,mirror-hypothesis,binding-slot-target,V161,static-table,unknown,,1,slot jmp.l,,
bst:V161:0091C4:FF9142,$0091C4,OS+0x087C4,mapped-segment1,OS-RAM,$9142,$FF9142,$009142,HIGH-RAM-ALIAS-CANDIDATE,mirror-hypothesis,binding-slot-target,V161,static-table,unknown,,1,slot jmp.w,,
bst:V161:0091CA:FF9130,$0091CA,OS+0x087CA,mapped-segment1,OS-RAM,$9130,$FF9130,$009130,HIGH-RAM-ALIAS-CANDIDATE,mirror-hypothesis,binding-slot-target,V161,static-table,unknown,,1,slot jmp.w,,
bst:V161:0091EA:FF9148,$0091EA,OS+0x087EA,mapped-segment1,OS-RAM,$9148,$FF9148,$009148,HIGH-RAM-ALIAS-CANDIDATE,mirror-hypothesis,binding-slot-target,V161,static-table,unknown,,1,slot jmp.w,,
bst:V161:0091EE:FF913C,$0091EE,OS+0x087EE,mapped-segment1,OS-RAM,$913C,$FF913C,$00913C,HIGH-RAM-ALIAS-CANDIDATE,mirror-hypothesis,binding-slot-target,V161,static-table,unknown,,1,slot jmp.w,,
bst:V161:00923E:FF95DE,$00923E,OS+0x0883E,mapped-segment1,OS-RAM,$95DE,$FF95DE,$0095DE,HIGH-RAM-ALIAS-CANDIDATE,mirror-hypothesis,binding-slot-target,V161,static-table,unknown,,1,slot jmp.w,,
bst:V161:0092A4:FF913C,$0092A4,OS+0x088A4,mapped-segment1,OS-RAM,$913C,$FF913C,$00913C,HIGH-RAM-ALIAS-CANDIDATE,mirror-hypothesis,binding-slot-target,V161,static-table,unknown,,1,slot jmp.w,,
bst:V161:0092B6:FF913C,$0092B6,OS+0x088B6,mapped-segment1,OS-RAM,$913C,$FF913C,$00913C,HIGH-RAM-ALIAS-CANDIDATE,mirror-hypothesis,binding-slot-target,V161,static-table,unknown,,1,slot jmp.w,,
bst:V161:009308:FF913C,$009308,OS+0x08908,mapped-segment1,OS-RAM,$913C,$FF913C,$00913C,HIGH-RAM-ALIAS-CANDIDATE,mirror-hypothesis,binding-slot-target,V161,static-table,unknown,,1,slot jmp.w,,
bst:V161:00931E:FF913C,$00931E,OS+0x0891E,mapped-segment1,OS-RAM,$913C,$FF913C,$00913C,HIGH-RAM-ALIAS-CANDIDATE,mirror-hypothesis,binding-slot-target,V161,static-table,unknown,,1,slot jmp.w,,
bst:V161:009326:FF9130,$009326,OS+0x08926,mapped-segment1,OS-RAM,$9130,$FF9130,$009130,HIGH-RAM-ALIAS-CANDIDATE,mirror-hypothesis,binding-slot-target,V161,static-table,unknown,,1,slot jmp.w,,
bst:V161:009368:F8F4D8,$009368,OS+0x08968,mapped-segment1,OS-RAM,$FFF8F4D8,$F8F4D8,,ROM,direct,binding-slot-target,V161,static-table,unknown,,1,slot jmp.l,,
bst:V161:00936E:F8FB1A,$00936E,OS+0x0896E,mapped-segment1,OS-RAM,$FFF8FB1A,$F8FB1A,,ROM,direct,binding-slot-target,V161,static-table,unknown,,1,slot jmp.l,,
bst:V161:009374:F8F50A,$009374,OS+0x08974,mapped-segment1,OS-RAM,$FFF8F50A,$F8F50A,,ROM,direct,binding-slot-target,V161,static-table,unknown,,1,slot jmp.l,,
bst:V161:00937A:F8FAD2,$00937A,OS+0x0897A,mapped-segment1,OS-RAM,$FFF8FAD2,$F8FAD2,,ROM,direct,binding-slot-target,V161,static-table,unknown,,1,slot jmp.l,,
bst:V161:009380:F8FAC6,$009380,OS+0x08980,mapped-segment1,OS-RAM,$FFF8FAC6,$F8FAC6,,ROM,direct,binding-slot-target,V161,static-table,unknown,,1,slot jmp.l,,
bst:V161:009386:F8FB0A,$009386,OS+0x08986,mapped-segment1,OS-RAM,$FFF8FB0A,$F8FB0A,,ROM,direct,binding-slot-target,V161,static-table,unknown,,1,slot jmp.l,,
bst:V161:00938C:F8F9F6,$00938C,OS+0x0898C,mapped-segment1,OS-RAM,$FFF8F9F6,$F8F9F6,,ROM,direct,binding-slot-target,V161,static-table,unknown,,1,slot jmp.l,,
bst:V161:009392:F8FA58,$009392,OS+0x08992,mapped-segment1,OS-RAM,$FFF8FA58,$F8FA58,,ROM,direct,binding-slot-target,V161,static-table,unknown,,1,slot jmp.l,,
bst:V161:009398:F8FBFC,$009398,OS+0x08998,mapped-segment1,OS-RAM,$FFF8FBFC,$F8FBFC,,ROM,direct,binding-slot-target,V161,static-table,unknown,,1,slot jmp.l,,
bst:V161:00939E:F8F89C,$00939E,OS+0x0899E,mapped-segment1,OS-RAM,$FFF8F89C,$F8F89C,,ROM,direct,binding-slot-target,V161,static-table,unknown,,1,slot jmp.l,,
bst:V161:0093A4:F8F8BA,$0093A4,OS+0x089A4,mapped-segment1,OS-RAM,$FFF8F8BA,$F8F8BA,,ROM,direct,binding-slot-target,V161,static-table,unknown,,1,slot jmp.l,,
bst:V161:0093AA:F8F8E0,$0093AA,OS+0x089AA,mapped-segment1,OS-RAM,$FFF8F8E0,$F8F8E0,,ROM,direct,binding-slot-target,V161,static-table,unknown,,1,slot jmp.l,,
bst:V161:0093B0:F8F974,$0093B0,OS+0x089B0,mapped-segment1,OS-RAM,$FFF8F974,$F8F974,,ROM,direct,binding-slot-target,V161,static-table,unknown,,1,slot jmp.l,,
bst:V161:0093B6:F8F9B6,$0093B6,OS+0x089B6,mapped-segment1,OS-RAM,$FFF8F9B6,$F8F9B6,,ROM,direct,binding-slot-target,V161,static-table,unknown,,1,slot jmp.l,,
bst:V161:0093BC:F8F9D4,$0093BC,OS+0x089BC,mapped-segment1,OS-RAM,$FFF8F9D4,$F8F9D4,,ROM,direct,binding-slot-target,V161,static-table,unknown,,1,slot jmp.l,,
bst:V161:0093C2:F8FA0C,$0093C2,OS+0x089C2,mapped-segment1,OS-RAM,$FFF8FA0C,$F8FA0C,,ROM,direct,binding-slot-target,V161,static-table,unknown,,1,slot jmp.l,,
bst:V161:0093C8:F8FA24,$0093C8,OS+0x089C8,mapped-segment1,OS-RAM,$FFF8FA24,$F8FA24,,ROM,direct,binding-slot-target,V161,static-table,unknown,,1,slot jmp.l,,
bst:V161:0093CE:F8FA60,$0093CE,OS+0x089CE,mapped-segment1,OS-RAM,$FFF8FA60,$F8FA60,,ROM,direct,binding-slot-target,V161,static-table,unknown,,1,slot jmp.l,,
bst:V161:0093D4:F8FA68,$0093D4,OS+0x089D4,mapped-segment1,OS-RAM,$FFF8FA68,$F8FA68,,ROM,direct,binding-slot-target,V161,static-table,unknown,,1,slot jmp.l,,
bst:V161:0093DA:F8FB36,$0093DA,OS+0x089DA,mapped-segment1,OS-RAM,$FFF8FB36,$F8FB36,,ROM,direct,binding-slot-target,V161,static-table,unknown,,1,slot jmp.l,,
bst:V161:0093E0:F8FC98,$0093E0,OS+0x089E0,mapped-segment1,OS-RAM,$FFF8FC98,$F8FC98,,ROM,direct,binding-slot-target,V161,static-table,unknown,,1,slot jmp.l,,
bst:V161:0093E6:F8FCC4,$0093E6,OS+0x089E6,mapped-segment1,OS-RAM,$FFF8FCC4,$F8FCC4,,ROM,direct,binding-slot-target,V161,static-table,unknown,,1,slot jmp.l,,
bst:V161:0093EC:F8FCC6,$0093EC,OS+0x089EC,mapped-segment1,OS-RAM,$FFF8FCC6,$F8FCC6,,ROM,direct,binding-slot-target,V161,static-table,unknown,,1,slot jmp.l,,
bst:V161:0093F2:F8FCCE,$0093F2,OS+0x089F2,mapped-segment1,OS-RAM,$FFF8FCCE,$F8FCCE,,ROM,direct,binding-slot-target,V161,static-table,unknown,,1,slot jmp.l,,
bst:V161:0093F8:F8FCE8,$0093F8,OS+0x089F8,mapped-segment1,OS-RAM,$FFF8FCE8,$F8FCE8,,ROM,direct,binding-slot-target,V161,static-table,unknown,,1,slot jmp.l,,
bst:V161:0093FE:F8FD0A,$0093FE,OS+0x089FE,mapped-segment1,OS-RAM,$FFF8FD0A,$F8FD0A,,ROM,direct,binding-slot-target,V161,static-table,unknown,,1,slot jmp.l,,
bst:V161:009404:F8FD3E,$009404,OS+0x08A04,mapped-segment1,OS-RAM,$FFF8FD3E,$F8FD3E,,ROM,direct,binding-slot-target,V161,static-table,unknown,,1,slot jmp.l,,
bst:V161:00940A:F8F6B4,$00940A,OS+0x08A0A,mapped-segment1,OS-RAM,$FFF8F6B4,$F8F6B4,,ROM,direct,binding-slot-target,V161,static-table,unknown,,1,slot jmp.l,,
bst:V161:009410:F8F780,$009410,OS+0x08A10,mapped-segment1,OS-RAM,$FFF8F780,$F8F780,,ROM,direct,binding-slot-target,V161,static-table,unknown,,1,slot jmp.l,,
bst:V161:009416:F8F862,$009416,OS+0x08A16,mapped-segment1,OS-RAM,$FFF8F862,$F8F862,,ROM,direct,binding-slot-target,V161,static-table,unknown,,1,slot jmp.l,,
bst:V161:009448:F8FD46,$009448,OS+0x08A48,mapped-segment1,OS-RAM,$FFF8FD46,$F8FD46,,ROM,direct,binding-slot-target,V161,static-table,unknown,,1,slot jmp.l,,
bst:V161:00944E:F8FD6C,$00944E,OS+0x08A4E,mapped-segment1,OS-RAM,$FFF8FD6C,$F8FD6C,,ROM,direct,binding-slot-target,V161,static-table,unknown,,1,slot jmp.l,,
bst:V161:009454:F8FE24,$009454,OS+0x08A54,mapped-segment1,OS-RAM,$FFF8FE24,$F8FE24,,ROM,direct,binding-slot-target,V161,static-table,unknown,,1,slot jmp.l,,
bst:V161:00945A:F8FDC4,$00945A,OS+0x08A5A,mapped-segment1,OS-RAM,$FFF8FDC4,$F8FDC4,,ROM,direct,binding-slot-target,V161,static-table,unknown,,1,slot jmp.l,,
bst:V161:009460:F8FD96,$009460,OS+0x08A60,mapped-segment1,OS-RAM,$FFF8FD96,$F8FD96,,ROM,direct,binding-slot-target,V161,static-table,unknown,,1,slot jmp.l,,
bst:V161:009466:F8FFAE,$009466,OS+0x08A66,mapped-segment1,OS-RAM,$FFF8FFAE,$F8FFAE,,ROM,direct,binding-slot-target,V161,static-table,unknown,,1,slot jmp.l,,
bst:V161:00946C:F8FF08,$00946C,OS+0x08A6C,mapped-segment1,OS-RAM,$FFF8FF08,$F8FF08,,ROM,direct,binding-slot-target,V161,static-table,unknown,,1,slot jmp.l,,
bst:V161:009472:F8FE54,$009472,OS+0x08A72,mapped-segment1,OS-RAM,$FFF8FE54,$F8FE54,,ROM,direct,binding-slot-target,V161,static-table,unknown,,1,slot jmp.l,,
bst:V161:009478:F8FF2C,$009478,OS+0x08A78,mapped-segment1,OS-RAM,$FFF8FF2C,$F8FF2C,,ROM,direct,binding-slot-target,V161,static-table,unknown,,1,slot jmp.l,,
bst:V161:00947E:F90028,$00947E,OS+0x08A7E,mapped-segment1,OS-RAM,$FFF90028,$F90028,,ROM,direct,binding-slot-target,V161,static-table,unknown,,1,slot jmp.l,,
bst:V161:009484:F8FFC8,$009484,OS+0x08A84,mapped-segment1,OS-RAM,$FFF8FFC8,$F8FFC8,,ROM,direct,binding-slot-target,V161,static-table,unknown,,1,slot jmp.l,,
bst:V161:00948A:F90020,$00948A,OS+0x08A8A,mapped-segment1,OS-RAM,$FFF90020,$F90020,,ROM,direct,binding-slot-target,V161,static-table,unknown,,1,slot jmp.l,,
bst:V161:009490:F900E8,$009490,OS+0x08A90,mapped-segment1,OS-RAM,$FFF900E8,$F900E8,,ROM,direct,binding-slot-target,V161,static-table,unknown,,1,slot jmp.l,,
bst:V161:009496:F90108,$009496,OS+0x08A96,mapped-segment1,OS-RAM,$FFF90108,$F90108,,ROM,direct,binding-slot-target,V161,static-table,unknown,,1,slot jmp.l,,
bst:V161:00949C:F900B0,$00949C,OS+0x08A9C,mapped-segment1,OS-RAM,$FFF900B0,$F900B0,,ROM,direct,binding-slot-target,V161,static-table,unknown,,1,slot jmp.l,,
bst:V161:0094A2:F8FE82,$0094A2,OS+0x08AA2,mapped-segment1,OS-RAM,$FFF8FE82,$F8FE82,,ROM,direct,binding-slot-target,V161,static-table,unknown,,1,slot jmp.l,,
bst:V161:0094A8:F8FE7E,$0094A8,OS+0x08AA8,mapped-segment1,OS-RAM,$FFF8FE7E,$F8FE7E,,ROM,direct,binding-slot-target,V161,static-table,unknown,,1,slot jmp.l,,
bst:V161:0094AE:F8FEA8,$0094AE,OS+0x08AAE,mapped-segment1,OS-RAM,$FFF8FEA8,$F8FEA8,,ROM,direct,binding-slot-target,V161,static-table,unknown,,1,slot jmp.l,,
bst:V161:0094B4:F8FEA4,$0094B4,OS+0x08AB4,mapped-segment1,OS-RAM,$FFF8FEA4,$F8FEA4,,ROM,direct,binding-slot-target,V161,static-table,unknown,,1,slot jmp.l,,
bst:V161:0094BA:F8FEDE,$0094BA,OS+0x08ABA,mapped-segment1,OS-RAM,$FFF8FEDE,$F8FEDE,,ROM,direct,binding-slot-target,V161,static-table,unknown,,1,slot jmp.l,,
bst:V161:0094C0:F8FF74,$0094C0,OS+0x08AC0,mapped-segment1,OS-RAM,$FFF8FF74,$F8FF74,,ROM,direct,binding-slot-target,V161,static-table,unknown,,1,slot jmp.l,,
bst:V161:0094C6:F90016,$0094C6,OS+0x08AC6,mapped-segment1,OS-RAM,$FFF90016,$F90016,,ROM,direct,binding-slot-target,V161,static-table,unknown,,1,slot jmp.l,,
bst:V161:0094CC:F8FEEE,$0094CC,OS+0x08ACC,mapped-segment1,OS-RAM,$FFF8FEEE,$F8FEEE,,ROM,direct,binding-slot-target,V161,static-table,unknown,,1,slot jmp.l,,
bst:V161:0094D2:F8FE2E,$0094D2,OS+0x08AD2,mapped-segment1,OS-RAM,$FFF8FE2E,$F8FE2E,,ROM,direct,binding-slot-target,V161,static-table,unknown,,1,slot jmp.l,,
bst:V161:0094D8:F8FE02,$0094D8,OS+0x08AD8,mapped-segment1,OS-RAM,$FFF8FE02,$F8FE02,,ROM,direct,binding-slot-target,V161,static-table,unknown,,1,slot jmp.l,,
bst:V161:0094DE:F8FE5C,$0094DE,OS+0x08ADE,mapped-segment1,OS-RAM,$FFF8FE5C,$F8FE5C,,ROM,direct,binding-slot-target,V161,static-table,unknown,,1,slot jmp.l,,
bst:V161:0094E4:F8FFC0,$0094E4,OS+0x08AE4,mapped-segment1,OS-RAM,$FFF8FFC0,$F8FFC0,,ROM,direct,binding-slot-target,V161,static-table,unknown,,1,slot jmp.l,,
bst:V161:0094EA:F8FF2A,$0094EA,OS+0x08AEA,mapped-segment1,OS-RAM,$FFF8FF2A,$F8FF2A,,ROM,direct,binding-slot-target,V161,static-table,unknown,,1,slot jmp.l,,
bst:V161:0094F0:F8FF70,$0094F0,OS+0x08AF0,mapped-segment1,OS-RAM,$FFF8FF70,$F8FF70,,ROM,direct,binding-slot-target,V161,static-table,unknown,,1,slot jmp.l,,
bst:V161:0094F6:F901C8,$0094F6,OS+0x08AF6,mapped-segment1,OS-RAM,$FFF901C8,$F901C8,,ROM,direct,binding-slot-target,V161,static-table,unknown,,1,slot jmp.l,,
bst:V161:0094FC:F9018E,$0094FC,OS+0x08AFC,mapped-segment1,OS-RAM,$FFF9018E,$F9018E,,ROM,direct,binding-slot-target,V161,static-table,unknown,,1,slot jmp.l,,
bst:V161:009502:F90318,$009502,OS+0x08B02,mapped-segment1,OS-RAM,$FFF90318,$F90318,,ROM,direct,binding-slot-target,V161,static-table,unknown,,1,slot jmp.l,,
bst:V161:009508:F90688,$009508,OS+0x08B08,mapped-segment1,OS-RAM,$FFF90688,$F90688,,ROM,direct,binding-slot-target,V161,static-table,unknown,,1,slot jmp.l,,
bst:V161:00950E:F902CC,$00950E,OS+0x08B0E,mapped-segment1,OS-RAM,$FFF902CC,$F902CC,,ROM,direct,binding-slot-target,V161,static-table,unknown,,1,slot jmp.l,,
bst:V161:009514:0070F2,$009514,OS+0x08B14,mapped-segment1,OS-RAM,$000070F2,$0070F2,,OS-RAM,direct,binding-slot-target,V161,static-table,unknown,,1,slot jmp.l,,
bst:V161:00951A:F90144,$00951A,OS+0x08B1A,mapped-segment1,OS-RAM,$FFF90144,$F90144,,ROM,direct,binding-slot-target,V161,static-table,unknown,,1,slot jmp.l,,
bst:V161:009520:F90226,$009520,OS+0x08B20,mapped-segment1,OS-RAM,$FFF90226,$F90226,,ROM,direct,binding-slot-target,V161,static-table,unknown,,1,slot jmp.l,,
bst:V161:009526:F9042A,$009526,OS+0x08B26,mapped-segment1,OS-RAM,$FFF9042A,$F9042A,,ROM,direct,binding-slot-target,V161,static-table,unknown,,1,slot jmp.l,,
bst:V161:00952C:F902A6,$00952C,OS+0x08B2C,mapped-segment1,OS-RAM,$FFF902A6,$F902A6,,ROM,direct,binding-slot-target,V161,static-table,unknown,,1,slot jmp.l,,
bst:V161:009532:F90352,$009532,OS+0x08B32,mapped-segment1,OS-RAM,$FFF90352,$F90352,,ROM,direct,binding-slot-target,V161,static-table,unknown,,1,slot jmp.l,,
bst:V161:009538:F903D0,$009538,OS+0x08B38,mapped-segment1,OS-RAM,$FFF903D0,$F903D0,,ROM,direct,binding-slot-target,V161,static-table,unknown,,1,slot jmp.l,,
bst:V161:00953E:F9047C,$00953E,OS+0x08B3E,mapped-segment1,OS-RAM,$FFF9047C,$F9047C,,ROM,direct,binding-slot-target,V161,static-table,unknown,,1,slot jmp.l,,
bst:V161:009544:F904E2,$009544,OS+0x08B44,mapped-segment1,OS-RAM,$FFF904E2,$F904E2,,ROM,direct,binding-slot-target,V161,static-table,unknown,,1,slot jmp.l,,
bst:V161:00954A:F9051C,$00954A,OS+0x08B4A,mapped-segment1,OS-RAM,$FFF9051C,$F9051C,,ROM,direct,binding-slot-target,V161,static-table,unknown,,1,slot jmp.l,,
bst:V161:009550:F90566,$009550,OS+0x08B50,mapped-segment1,OS-RAM,$FFF90566,$F90566,,ROM,direct,binding-slot-target,V161,static-table,unknown,,1,slot jmp.l,,
bst:V161:009556:F9056E,$009556,OS+0x08B56,mapped-segment1,OS-RAM,$FFF9056E,$F9056E,,ROM,direct,binding-slot-target,V161,static-table,unknown,,1,slot jmp.l,,
bst:V161:00955C:F9062C,$00955C,OS+0x08B5C,mapped-segment1,OS-RAM,$FFF9062C,$F9062C,,ROM,direct,binding-slot-target,V161,static-table,unknown,,1,slot jmp.l,,
bst:V161:009562:F901D8,$009562,OS+0x08B62,mapped-segment1,OS-RAM,$FFF901D8,$F901D8,,ROM,direct,binding-slot-target,V161,static-table,unknown,,1,slot jmp.l,,
bst:V161:00957E:F906A8,$00957E,OS+0x08B7E,mapped-segment1,OS-RAM,$FFF906A8,$F906A8,,ROM,direct,binding-slot-target,V161,static-table,unknown,,1,slot jmp.l,,
bst:V161:009584:F906A0,$009584,OS+0x08B84,mapped-segment1,OS-RAM,$FFF906A0,$F906A0,,ROM,direct,binding-slot-target,V161,static-table,unknown,,1,slot jmp.l,,
bst:V161:00958A:F906A6,$00958A,OS+0x08B8A,mapped-segment1,OS-RAM,$FFF906A6,$F906A6,,ROM,direct,binding-slot-target,V161,static-table,unknown,,1,slot jmp.l,,
bst:V161:009590:F906D4,$009590,OS+0x08B90,mapped-segment1,OS-RAM,$FFF906D4,$F906D4,,ROM,direct,binding-slot-target,V161,static-table,unknown,,1,slot jmp.l,,
bst:V161:009596:F90868,$009596,OS+0x08B96,mapped-segment1,OS-RAM,$FFF90868,$F90868,,ROM,direct,binding-slot-target,V161,static-table,unknown,,1,slot jmp.l,,
bst:V161:00959C:F90854,$00959C,OS+0x08B9C,mapped-segment1,OS-RAM,$FFF90854,$F90854,,ROM,direct,binding-slot-target,V161,static-table,unknown,,1,slot jmp.l,,
bst:V161:0095A2:F916D0,$0095A2,OS+0x08BA2,mapped-segment1,OS-RAM,$FFF916D0,$F916D0,,ROM,direct,binding-slot-target,V161,static-table,unknown,,1,slot jmp.l,,
bst:V161:0095A8:F916C6,$0095A8,OS+0x08BA8,mapped-segment1,OS-RAM,$FFF916C6,$F916C6,,ROM,direct,binding-slot-target,V161,static-table,unknown,,1,slot jmp.l,,
bst:V161:0095AE:F9174A,$0095AE,OS+0x08BAE,mapped-segment1,OS-RAM,$FFF9174A,$F9174A,,ROM,direct,binding-slot-target,V161,static-table,unknown,,1,slot jmp.l,,
bst:V161:0095B4:F908A0,$0095B4,OS+0x08BB4,mapped-segment1,OS-RAM,$FFF908A0,$F908A0,,ROM,direct,binding-slot-target,V161,static-table,unknown,,1,slot jmp.l,,
bst:V161:0095BA:F909EC,$0095BA,OS+0x08BBA,mapped-segment1,OS-RAM,$FFF909EC,$F909EC,,ROM,direct,binding-slot-target,V161,static-table,unknown,,1,slot jmp.l,,
bst:V161:0095C0:F90BF0,$0095C0,OS+0x08BC0,mapped-segment1,OS-RAM,$FFF90BF0,$F90BF0,,ROM,direct,binding-slot-target,V161,static-table,unknown,,1,slot jmp.l,,
bst:V161:0095C6:F90B7E,$0095C6,OS+0x08BC6,mapped-segment1,OS-RAM,$FFF90B7E,$F90B7E,,ROM,direct,binding-slot-target,V161,static-table,unknown,,1,slot jmp.l,,
bst:V161:0095CC:F90AA2,$0095CC,OS+0x08BCC,mapped-segment1,OS-RAM,$FFF90AA2,$F90AA2,,ROM,direct,binding-slot-target,V161,static-table,unknown,,1,slot jmp.l,,
bst:V161:0095D2:F913CA,$0095D2,OS+0x08BD2,mapped-segment1,OS-RAM,$FFF913CA,$F913CA,,ROM,direct,binding-slot-target,V161,static-table,unknown,,1,slot jmp.l,,
bst:V161:0095D8:F91670,$0095D8,OS+0x08BD8,mapped-segment1,OS-RAM,$FFF91670,$F91670,,ROM,direct,binding-slot-target,V161,static-table,unknown,,1,slot jmp.l,,
bst:V161:0095DE:F911B6,$0095DE,OS+0x08BDE,mapped-segment1,OS-RAM,$FFF911B6,$F911B6,,ROM,direct,binding-slot-target,V161,static-table,unknown,,1,slot jmp.l,,
bst:V161:0095E4:F912B0,$0095E4,OS+0x08BE4,mapped-segment1,OS-RAM,$FFF912B0,$F912B0,,ROM,direct,binding-slot-target,V161,static-table,unknown,,1,slot jmp.l,,
bst:V161:0095EA:F90BA0,$0095EA,OS+0x08BEA,mapped-segment1,OS-RAM,$FFF90BA0,$F90BA0,,ROM,direct,binding-slot-target,V161,static-table,unknown,,1,slot jmp.l,,
bst:V161:0095F0:F90A88,$0095F0,OS+0x08BF0,mapped-segment1,OS-RAM,$FFF90A88,$F90A88,,ROM,direct,binding-slot-target,V161,static-table,unknown,,1,slot jmp.l,,
bst:V161:0095F6:F913DE,$0095F6,OS+0x08BF6,mapped-segment1,OS-RAM,$FFF913DE,$F913DE,,ROM,direct,binding-slot-target,V161,static-table,unknown,,1,slot jmp.l,,
bst:V161:0095FC:F9165C,$0095FC,OS+0x08BFC,mapped-segment1,OS-RAM,$FFF9165C,$F9165C,,ROM,direct,binding-slot-target,V161,static-table,unknown,,1,slot jmp.l,,
bst:V161:009602:F91418,$009602,OS+0x08C02,mapped-segment1,OS-RAM,$FFF91418,$F91418,,ROM,direct,binding-slot-target,V161,static-table,unknown,,1,slot jmp.l,,
bst:V161:009608:F9131A,$009608,OS+0x08C08,mapped-segment1,OS-RAM,$FFF9131A,$F9131A,,ROM,direct,binding-slot-target,V161,static-table,unknown,,1,slot jmp.l,,
bst:V161:00960E:F914BC,$00960E,OS+0x08C0E,mapped-segment1,OS-RAM,$FFF914BC,$F914BC,,ROM,direct,binding-slot-target,V161,static-table,unknown,,1,slot jmp.l,,
bst:V161:009614:F90910,$009614,OS+0x08C14,mapped-segment1,OS-RAM,$FFF90910,$F90910,,ROM,direct,binding-slot-target,V161,static-table,unknown,,1,slot jmp.l,,
bst:V161:00961A:F90976,$00961A,OS+0x08C1A,mapped-segment1,OS-RAM,$FFF90976,$F90976,,ROM,direct,binding-slot-target,V161,static-table,unknown,,1,slot jmp.l,,
bst:V161:009620:F90BF6,$009620,OS+0x08C20,mapped-segment1,OS-RAM,$FFF90BF6,$F90BF6,,ROM,direct,binding-slot-target,V161,static-table,unknown,,1,slot jmp.l,,
bst:V161:009626:F9116C,$009626,OS+0x08C26,mapped-segment1,OS-RAM,$FFF9116C,$F9116C,,ROM,direct,binding-slot-target,V161,static-table,unknown,,1,slot jmp.l,,
bst:V161:00962C:F90BBE,$00962C,OS+0x08C2C,mapped-segment1,OS-RAM,$FFF90BBE,$F90BBE,,ROM,direct,binding-slot-target,V161,static-table,unknown,,1,slot jmp.l,,
bst:V161:009632:F909B6,$009632,OS+0x08C32,mapped-segment1,OS-RAM,$FFF909B6,$F909B6,,ROM,direct,binding-slot-target,V161,static-table,unknown,,1,slot jmp.l,,
bst:V161:009638:F916F6,$009638,OS+0x08C38,mapped-segment1,OS-RAM,$FFF916F6,$F916F6,,ROM,direct,binding-slot-target,V161,static-table,unknown,,1,slot jmp.l,,
bst:V161:00963E:F91390,$00963E,OS+0x08C3E,mapped-segment1,OS-RAM,$FFF91390,$F91390,,ROM,direct,binding-slot-target,V161,static-table,unknown,,1,slot jmp.l,,
bst:V161:009644:F91394,$009644,OS+0x08C44,mapped-segment1,OS-RAM,$FFF91394,$F91394,,ROM,direct,binding-slot-target,V161,static-table,unknown,,1,slot jmp.l,,
bst:V161:00964A:F91432,$00964A,OS+0x08C4A,mapped-segment1,OS-RAM,$FFF91432,$F91432,,ROM,direct,binding-slot-target,V161,static-table,unknown,,1,slot jmp.l,,
bst:V161:009650:F90890,$009650,OS+0x08C50,mapped-segment1,OS-RAM,$FFF90890,$F90890,,ROM,direct,binding-slot-target,V161,static-table,unknown,,1,slot jmp.l,,
bst:V161:009656:F914B6,$009656,OS+0x08C56,mapped-segment1,OS-RAM,$FFF914B6,$F914B6,,ROM,direct,binding-slot-target,V161,static-table,unknown,,1,slot jmp.l,,
bst:V161:00965C:F915AC,$00965C,OS+0x08C5C,mapped-segment1,OS-RAM,$FFF915AC,$F915AC,,ROM,direct,binding-slot-target,V161,static-table,unknown,,1,slot jmp.l,,
bst:V161:009662:F90C14,$009662,OS+0x08C62,mapped-segment1,OS-RAM,$FFF90C14,$F90C14,,ROM,direct,binding-slot-target,V161,static-table,unknown,,1,slot jmp.l,,
bst:V161:009668:F9161C,$009668,OS+0x08C68,mapped-segment1,OS-RAM,$FFF9161C,$F9161C,,ROM,direct,binding-slot-target,V161,static-table,unknown,,1,slot jmp.l,,
bst:V161:00966E:00DAB6,$00966E,OS+0x08C6E,mapped-segment1,OS-RAM,$0000DAB6,$00DAB6,,OS-RAM,direct,binding-slot-target,V161,static-table,unknown,,1,slot jmp.l,,
bst:V161:009674:F91068,$009674,OS+0x08C74,mapped-segment1,OS-RAM,$FFF91068,$F91068,,ROM,direct,binding-slot-target,V161,static-table,unknown,,1,slot jmp.l,,
bst:V161:00967A:F91760,$00967A,OS+0x08C7A,mapped-segment1,OS-RAM,$FFF91760,$F91760,,ROM,direct,binding-slot-target,V161,static-table,unknown,,1,slot jmp.l,,
bst:V161:009680:F90D5C,$009680,OS+0x08C80,mapped-segment1,OS-RAM,$FFF90D5C,$F90D5C,,ROM,direct,binding-slot-target,V161,static-table,unknown,,1,slot jmp.l,,
bst:V161:009686:00DAB6,$009686,OS+0x08C86,mapped-segment1,OS-RAM,$0000DAB6,$00DAB6,,OS-RAM,direct,binding-slot-target,V161,static-table,unknown,,1,slot jmp.l,,
bst:V161:00968C:F910B6,$00968C,OS+0x08C8C,mapped-segment1,OS-RAM,$FFF910B6,$F910B6,,ROM,direct,binding-slot-target,V161,static-table,unknown,,1,slot jmp.l,,
bst:V161:009692:F910DE,$009692,OS+0x08C92,mapped-segment1,OS-RAM,$FFF910DE,$F910DE,,ROM,direct,binding-slot-target,V161,static-table,unknown,,1,slot jmp.l,,
bst:V161:009698:F90DEC,$009698,OS+0x08C98,mapped-segment1,OS-RAM,$FFF90DEC,$F90DEC,,ROM,direct,binding-slot-target,V161,static-table,unknown,,1,slot jmp.l,,
bst:V161:00969E:F90F0A,$00969E,OS+0x08C9E,mapped-segment1,OS-RAM,$FFF90F0A,$F90F0A,,ROM,direct,binding-slot-target,V161,static-table,unknown,,1,slot jmp.l,,
bst:V161:0096A4:F908F4,$0096A4,OS+0x08CA4,mapped-segment1,OS-RAM,$FFF908F4,$F908F4,,ROM,direct,binding-slot-target,V161,static-table,unknown,,1,slot jmp.l,,
bst:V161:0096AA:F9114A,$0096AA,OS+0x08CAA,mapped-segment1,OS-RAM,$FFF9114A,$F9114A,,ROM,direct,binding-slot-target,V161,static-table,unknown,,1,slot jmp.l,,
bst:V161:0096B0:F917D0,$0096B0,OS+0x08CB0,mapped-segment1,OS-RAM,$FFF917D0,$F917D0,,ROM,direct,binding-slot-target,V161,static-table,unknown,,1,slot jmp.l,,
bst:V161:0096B6:F91802,$0096B6,OS+0x08CB6,mapped-segment1,OS-RAM,$FFF91802,$F91802,,ROM,direct,binding-slot-target,V161,static-table,unknown,,1,slot jmp.l,,
bst:V161:0096BC:F917B8,$0096BC,OS+0x08CBC,mapped-segment1,OS-RAM,$FFF917B8,$F917B8,,ROM,direct,binding-slot-target,V161,static-table,unknown,,1,slot jmp.l,,
bst:V161:0096C2:F917C4,$0096C2,OS+0x08CC2,mapped-segment1,OS-RAM,$FFF917C4,$F917C4,,ROM,direct,binding-slot-target,V161,static-table,unknown,,1,slot jmp.l,,
bst:V161:0096C8:F91892,$0096C8,OS+0x08CC8,mapped-segment1,OS-RAM,$FFF91892,$F91892,,ROM,direct,binding-slot-target,V161,static-table,unknown,,1,slot jmp.l,,
bst:V161:0096CE:F91AA6,$0096CE,OS+0x08CCE,mapped-segment1,OS-RAM,$FFF91AA6,$F91AA6,,ROM,direct,binding-slot-target,V161,static-table,unknown,,1,slot jmp.l,,
bst:V161:0096D4:F91ADE,$0096D4,OS+0x08CD4,mapped-segment1,OS-RAM,$FFF91ADE,$F91ADE,,ROM,direct,binding-slot-target,V161,static-table,unknown,,1,slot jmp.l,,
bst:V161:0096DA:F91AF8,$0096DA,OS+0x08CDA,mapped-segment1,OS-RAM,$FFF91AF8,$F91AF8,,ROM,direct,binding-slot-target,V161,static-table,unknown,,1,slot jmp.l,,
bst:V161:0096E0:F91B06,$0096E0,OS+0x08CE0,mapped-segment1,OS-RAM,$FFF91B06,$F91B06,,ROM,direct,binding-slot-target,V161,static-table,unknown,,1,slot jmp.l,,
bst:V161:0096E6:F91BE0,$0096E6,OS+0x08CE6,mapped-segment1,OS-RAM,$FFF91BE0,$F91BE0,,ROM,direct,binding-slot-target,V161,static-table,unknown,,1,slot jmp.l,,
bst:V161:0096EC:F91CA8,$0096EC,OS+0x08CEC,mapped-segment1,OS-RAM,$FFF91CA8,$F91CA8,,ROM,direct,binding-slot-target,V161,static-table,unknown,,1,slot jmp.l,,
bst:V161:0096F2:F91C18,$0096F2,OS+0x08CF2,mapped-segment1,OS-RAM,$FFF91C18,$F91C18,,ROM,direct,binding-slot-target,V161,static-table,unknown,,1,slot jmp.l,,
bst:V161:0096F8:F91C2A,$0096F8,OS+0x08CF8,mapped-segment1,OS-RAM,$FFF91C2A,$F91C2A,,ROM,direct,binding-slot-target,V161,static-table,unknown,,1,slot jmp.l,,
bst:V161:0096FE:F91C78,$0096FE,OS+0x08CFE,mapped-segment1,OS-RAM,$FFF91C78,$F91C78,,ROM,direct,binding-slot-target,V161,static-table,unknown,,1,slot jmp.l,,
bst:V161:009704:F91FD4,$009704,OS+0x08D04,mapped-segment1,OS-RAM,$FFF91FD4,$F91FD4,,ROM,direct,binding-slot-target,V161,static-table,unknown,,1,slot jmp.l,,
bst:V161:00970A:F91EFE,$00970A,OS+0x08D0A,mapped-segment1,OS-RAM,$FFF91EFE,$F91EFE,,ROM,direct,binding-slot-target,V161,static-table,unknown,,1,slot jmp.l,,
bst:V161:009710:F91DAC,$009710,OS+0x08D10,mapped-segment1,OS-RAM,$FFF91DAC,$F91DAC,,ROM,direct,binding-slot-target,V161,static-table,unknown,,1,slot jmp.l,,
bst:V161:009716:F91D9C,$009716,OS+0x08D16,mapped-segment1,OS-RAM,$FFF91D9C,$F91D9C,,ROM,direct,binding-slot-target,V161,static-table,unknown,,1,slot jmp.l,,
bst:V161:00971C:F9207A,$00971C,OS+0x08D1C,mapped-segment1,OS-RAM,$FFF9207A,$F9207A,,ROM,direct,binding-slot-target,V161,static-table,unknown,,1,slot jmp.l,,
bst:V161:009722:F91FF2,$009722,OS+0x08D22,mapped-segment1,OS-RAM,$FFF91FF2,$F91FF2,,ROM,direct,binding-slot-target,V161,static-table,unknown,,1,slot jmp.l,,
bst:V161:009728:F91D46,$009728,OS+0x08D28,mapped-segment1,OS-RAM,$FFF91D46,$F91D46,,ROM,direct,binding-slot-target,V161,static-table,unknown,,1,slot jmp.l,,
bst:V161:00972E:F9189C,$00972E,OS+0x08D2E,mapped-segment1,OS-RAM,$FFF9189C,$F9189C,,ROM,direct,binding-slot-target,V161,static-table,unknown,,1,slot jmp.l,,
bst:V161:009734:F92038,$009734,OS+0x08D34,mapped-segment1,OS-RAM,$FFF92038,$F92038,,ROM,direct,binding-slot-target,V161,static-table,unknown,,1,slot jmp.l,,
bst:V161:00973A:F91AC8,$00973A,OS+0x08D3A,mapped-segment1,OS-RAM,$FFF91AC8,$F91AC8,,ROM,direct,binding-slot-target,V161,static-table,unknown,,1,slot jmp.l,,
bst:V161:009740:F9190E,$009740,OS+0x08D40,mapped-segment1,OS-RAM,$FFF9190E,$F9190E,,ROM,direct,binding-slot-target,V161,static-table,unknown,,1,slot jmp.l,,
bst:V161:009746:F91E34,$009746,OS+0x08D46,mapped-segment1,OS-RAM,$FFF91E34,$F91E34,,ROM,direct,binding-slot-target,V161,static-table,unknown,,1,slot jmp.l,,
bst:V161:00974C:F9177A,$00974C,OS+0x08D4C,mapped-segment1,OS-RAM,$FFF9177A,$F9177A,,ROM,direct,binding-slot-target,V161,static-table,unknown,,1,slot jmp.l,,
bst:V161:009752:F917F6,$009752,OS+0x08D52,mapped-segment1,OS-RAM,$FFF917F6,$F917F6,,ROM,direct,binding-slot-target,V161,static-table,unknown,,1,slot jmp.l,,
bst:V161:009758:F918B4,$009758,OS+0x08D58,mapped-segment1,OS-RAM,$FFF918B4,$F918B4,,ROM,direct,binding-slot-target,V161,static-table,unknown,,1,slot jmp.l,,
bst:V161:00975E:F9191A,$00975E,OS+0x08D5E,mapped-segment1,OS-RAM,$FFF9191A,$F9191A,,ROM,direct,binding-slot-target,V161,static-table,unknown,,1,slot jmp.l,,
bst:V161:009764:F919D2,$009764,OS+0x08D64,mapped-segment1,OS-RAM,$FFF919D2,$F919D2,,ROM,direct,binding-slot-target,V161,static-table,unknown,,1,slot jmp.l,,
bst:V161:00976A:F91CC6,$00976A,OS+0x08D6A,mapped-segment1,OS-RAM,$FFF91CC6,$F91CC6,,ROM,direct,binding-slot-target,V161,static-table,unknown,,1,slot jmp.l,,
bst:V161:009770:F91EAA,$009770,OS+0x08D70,mapped-segment1,OS-RAM,$FFF91EAA,$F91EAA,,ROM,direct,binding-slot-target,V161,static-table,unknown,,1,slot jmp.l,,
bst:V161:009776:F91F38,$009776,OS+0x08D76,mapped-segment1,OS-RAM,$FFF91F38,$F91F38,,ROM,direct,binding-slot-target,V161,static-table,unknown,,1,slot jmp.l,,
bst:V161:00977C:F91FB6,$00977C,OS+0x08D7C,mapped-segment1,OS-RAM,$FFF91FB6,$F91FB6,,ROM,direct,binding-slot-target,V161,static-table,unknown,,1,slot jmp.l,,
bst:V161:009782:F9200A,$009782,OS+0x08D82,mapped-segment1,OS-RAM,$FFF9200A,$F9200A,,ROM,direct,binding-slot-target,V161,static-table,unknown,,1,slot jmp.l,,
bst:V161:009788:F91B10,$009788,OS+0x08D88,mapped-segment1,OS-RAM,$FFF91B10,$F91B10,,ROM,direct,binding-slot-target,V161,static-table,unknown,,1,slot jmp.l,,
bst:V161:00978E:F91954,$00978E,OS+0x08D8E,mapped-segment1,OS-RAM,$FFF91954,$F91954,,ROM,direct,binding-slot-target,V161,static-table,unknown,,1,slot jmp.l,,
bst:V161:009794:F91B8A,$009794,OS+0x08D94,mapped-segment1,OS-RAM,$FFF91B8A,$F91B8A,,ROM,direct,binding-slot-target,V161,static-table,unknown,,1,slot jmp.l,,
bst:V161:00979A:F92122,$00979A,OS+0x08D9A,mapped-segment1,OS-RAM,$FFF92122,$F92122,,ROM,direct,binding-slot-target,V161,static-table,unknown,,1,slot jmp.l,,
bst:V161:0097A0:F920F6,$0097A0,OS+0x08DA0,mapped-segment1,OS-RAM,$FFF920F6,$F920F6,,ROM,direct,binding-slot-target,V161,static-table,unknown,,1,slot jmp.l,,
bst:V161:0097A6:F920E8,$0097A6,OS+0x08DA6,mapped-segment1,OS-RAM,$FFF920E8,$F920E8,,ROM,direct,binding-slot-target,V161,static-table,unknown,,1,slot jmp.l,,
bst:V161:0097AC:F920D6,$0097AC,OS+0x08DAC,mapped-segment1,OS-RAM,$FFF920D6,$F920D6,,ROM,direct,binding-slot-target,V161,static-table,unknown,,1,slot jmp.l,,
bst:V161:0097B2:F920B2,$0097B2,OS+0x08DB2,mapped-segment1,OS-RAM,$FFF920B2,$F920B2,,ROM,direct,binding-slot-target,V161,static-table,unknown,,1,slot jmp.l,,
bst:V161:0097B8:F92186,$0097B8,OS+0x08DB8,mapped-segment1,OS-RAM,$FFF92186,$F92186,,ROM,direct,binding-slot-target,V161,static-table,unknown,,1,slot jmp.l,,
bst:V161:0097BE:F92106,$0097BE,OS+0x08DBE,mapped-segment1,OS-RAM,$FFF92106,$F92106,,ROM,direct,binding-slot-target,V161,static-table,unknown,,1,slot jmp.l,,
bst:V161:0097C4:F921B8,$0097C4,OS+0x08DC4,mapped-segment1,OS-RAM,$FFF921B8,$F921B8,,ROM,direct,binding-slot-target,V161,static-table,unknown,,1,slot jmp.l,,
bst:V161:0097CA:F92192,$0097CA,OS+0x08DCA,mapped-segment1,OS-RAM,$FFF92192,$F92192,,ROM,direct,binding-slot-target,V161,static-table,unknown,,1,slot jmp.l,,
bst:V161:0097D0:F92180,$0097D0,OS+0x08DD0,mapped-segment1,OS-RAM,$FFF92180,$F92180,,ROM,direct,binding-slot-target,V161,static-table,unknown,,1,slot jmp.l,,
bst:V161:0097D6:F9215E,$0097D6,OS+0x08DD6,mapped-segment1,OS-RAM,$FFF9215E,$F9215E,,ROM,direct,binding-slot-target,V161,static-table,unknown,,1,slot jmp.l,,
bst:V161:0097DC:F9220A,$0097DC,OS+0x08DDC,mapped-segment1,OS-RAM,$FFF9220A,$F9220A,,ROM,direct,binding-slot-target,V161,static-table,unknown,,1,slot jmp.l,,
bst:V161:0097E2:F9223A,$0097E2,OS+0x08DE2,mapped-segment1,OS-RAM,$FFF9223A,$F9223A,,ROM,direct,binding-slot-target,V161,static-table,unknown,,1,slot jmp.l,,
bst:V161:0097E8:F9224A,$0097E8,OS+0x08DE8,mapped-segment1,OS-RAM,$FFF9224A,$F9224A,,ROM,direct,binding-slot-target,V161,static-table,unknown,,1,slot jmp.l,,
bst:V161:0097EE:F9237C,$0097EE,OS+0x08DEE,mapped-segment1,OS-RAM,$FFF9237C,$F9237C,,ROM,direct,binding-slot-target,V161,static-table,unknown,,1,slot jmp.l,,
bst:V161:0097F4:F92262,$0097F4,OS+0x08DF4,mapped-segment1,OS-RAM,$FFF92262,$F92262,,ROM,direct,binding-slot-target,V161,static-table,unknown,,1,slot jmp.l,,
bst:V161:0097FA:F92342,$0097FA,OS+0x08DFA,mapped-segment1,OS-RAM,$FFF92342,$F92342,,ROM,direct,binding-slot-target,V161,static-table,unknown,,1,slot jmp.l,,
bst:V161:009800:F921D4,$009800,OS+0x08E00,mapped-segment1,OS-RAM,$FFF921D4,$F921D4,,ROM,direct,binding-slot-target,V161,static-table,unknown,,1,slot jmp.l,,
bst:V161:009806:F921D8,$009806,OS+0x08E06,mapped-segment1,OS-RAM,$FFF921D8,$F921D8,,ROM,direct,binding-slot-target,V161,static-table,unknown,,1,slot jmp.l,,
bst:V161:00980C:F92458,$00980C,OS+0x08E0C,mapped-segment1,OS-RAM,$FFF92458,$F92458,,ROM,direct,binding-slot-target,V161,static-table,unknown,,1,slot jmp.l,,
bst:V161:009812:F9246E,$009812,OS+0x08E12,mapped-segment1,OS-RAM,$FFF9246E,$F9246E,,ROM,direct,binding-slot-target,V161,static-table,unknown,,1,slot jmp.l,,
bst:V161:009818:F92478,$009818,OS+0x08E18,mapped-segment1,OS-RAM,$FFF92478,$F92478,,ROM,direct,binding-slot-target,V161,static-table,unknown,,1,slot jmp.l,,
bst:V161:00981E:F9248A,$00981E,OS+0x08E1E,mapped-segment1,OS-RAM,$FFF9248A,$F9248A,,ROM,direct,binding-slot-target,V161,static-table,unknown,,1,slot jmp.l,,
bst:V161:009824:F9248E,$009824,OS+0x08E24,mapped-segment1,OS-RAM,$FFF9248E,$F9248E,,ROM,direct,binding-slot-target,V161,static-table,unknown,,1,slot jmp.l,,
bst:V161:00982A:F9249A,$00982A,OS+0x08E2A,mapped-segment1,OS-RAM,$FFF9249A,$F9249A,,ROM,direct,binding-slot-target,V161,static-table,unknown,,1,slot jmp.l,,
bst:V161:009830:F924AC,$009830,OS+0x08E30,mapped-segment1,OS-RAM,$FFF924AC,$F924AC,,ROM,direct,binding-slot-target,V161,static-table,unknown,,1,slot jmp.l,,
bst:V161:009836:F924BC,$009836,OS+0x08E36,mapped-segment1,OS-RAM,$FFF924BC,$F924BC,,ROM,direct,binding-slot-target,V161,static-table,unknown,,1,slot jmp.l,,
bst:V161:00983C:F924C6,$00983C,OS+0x08E3C,mapped-segment1,OS-RAM,$FFF924C6,$F924C6,,ROM,direct,binding-slot-target,V161,static-table,unknown,,1,slot jmp.l,,
bst:V161:009842:F9250E,$009842,OS+0x08E42,mapped-segment1,OS-RAM,$FFF9250E,$F9250E,,ROM,direct,binding-slot-target,V161,static-table,unknown,,1,slot jmp.l,,
bst:V161:009848:F9257A,$009848,OS+0x08E48,mapped-segment1,OS-RAM,$FFF9257A,$F9257A,,ROM,direct,binding-slot-target,V161,static-table,unknown,,1,slot jmp.l,,
bst:V161:00984E:F92596,$00984E,OS+0x08E4E,mapped-segment1,OS-RAM,$FFF92596,$F92596,,ROM,direct,binding-slot-target,V161,static-table,unknown,,1,slot jmp.l,,
bst:V161:009854:F925C4,$009854,OS+0x08E54,mapped-segment1,OS-RAM,$FFF925C4,$F925C4,,ROM,direct,binding-slot-target,V161,static-table,unknown,,1,slot jmp.l,,
bst:V161:00985A:F925F0,$00985A,OS+0x08E5A,mapped-segment1,OS-RAM,$FFF925F0,$F925F0,,ROM,direct,binding-slot-target,V161,static-table,unknown,,1,slot jmp.l,,
bst:V161:009860:F9261C,$009860,OS+0x08E60,mapped-segment1,OS-RAM,$FFF9261C,$F9261C,,ROM,direct,binding-slot-target,V161,static-table,unknown,,1,slot jmp.l,,
bst:V161:009866:F926CE,$009866,OS+0x08E66,mapped-segment1,OS-RAM,$FFF926CE,$F926CE,,ROM,direct,binding-slot-target,V161,static-table,unknown,,1,slot jmp.l,,
bst:V161:00986C:F926E6,$00986C,OS+0x08E6C,mapped-segment1,OS-RAM,$FFF926E6,$F926E6,,ROM,direct,binding-slot-target,V161,static-table,unknown,,1,slot jmp.l,,
bst:V161:009872:F926F8,$009872,OS+0x08E72,mapped-segment1,OS-RAM,$FFF926F8,$F926F8,,ROM,direct,binding-slot-target,V161,static-table,unknown,,1,slot jmp.l,,
bst:V161:009878:F926FC,$009878,OS+0x08E78,mapped-segment1,OS-RAM,$FFF926FC,$F926FC,,ROM,direct,binding-slot-target,V161,static-table,unknown,,1,slot jmp.l,,
bst:V161:00987E:F9270C,$00987E,OS+0x08E7E,mapped-segment1,OS-RAM,$FFF9270C,$F9270C,,ROM,direct,binding-slot-target,V161,static-table,unknown,,1,slot jmp.l,,
bst:V161:009884:F92718,$009884,OS+0x08E84,mapped-segment1,OS-RAM,$FFF92718,$F92718,,ROM,direct,binding-slot-target,V161,static-table,unknown,,1,slot jmp.l,,
bst:V161:00988A:F92724,$00988A,OS+0x08E8A,mapped-segment1,OS-RAM,$FFF92724,$F92724,,ROM,direct,binding-slot-target,V161,static-table,unknown,,1,slot jmp.l,,
bst:V161:009890:F9275A,$009890,OS+0x08E90,mapped-segment1,OS-RAM,$FFF9275A,$F9275A,,ROM,direct,binding-slot-target,V161,static-table,unknown,,1,slot jmp.l,,
bst:V161:009896:F92760,$009896,OS+0x08E96,mapped-segment1,OS-RAM,$FFF92760,$F92760,,ROM,direct,binding-slot-target,V161,static-table,unknown,,1,slot jmp.l,,
bst:V161:00989C:F927F6,$00989C,OS+0x08E9C,mapped-segment1,OS-RAM,$FFF927F6,$F927F6,,ROM,direct,binding-slot-target,V161,static-table,unknown,,1,slot jmp.l,,
bst:V161:0098A2:F9298C,$0098A2,OS+0x08EA2,mapped-segment1,OS-RAM,$FFF9298C,$F9298C,,ROM,direct,binding-slot-target,V161,static-table,unknown,,1,slot jmp.l,,
bst:V161:0098A8:F929D2,$0098A8,OS+0x08EA8,mapped-segment1,OS-RAM,$FFF929D2,$F929D2,,ROM,direct,binding-slot-target,V161,static-table,unknown,,1,slot jmp.l,,
bst:V161:0098AE:F92A04,$0098AE,OS+0x08EAE,mapped-segment1,OS-RAM,$FFF92A04,$F92A04,,ROM,direct,binding-slot-target,V161,static-table,unknown,,1,slot jmp.l,,
bst:V161:0098B4:F92A4A,$0098B4,OS+0x08EB4,mapped-segment1,OS-RAM,$FFF92A4A,$F92A4A,,ROM,direct,binding-slot-target,V161,static-table,unknown,,1,slot jmp.l,,
bst:V161:0098BA:00DAB8,$0098BA,OS+0x08EBA,mapped-segment1,OS-RAM,$0000DAB8,$00DAB8,,OS-RAM,direct,binding-slot-target,V161,static-table,unknown,,1,slot jmp.l,,
bst:V161:0098C0:F92B0A,$0098C0,OS+0x08EC0,mapped-segment1,OS-RAM,$FFF92B0A,$F92B0A,,ROM,direct,binding-slot-target,V161,static-table,unknown,,1,slot jmp.l,,
bst:V161:0098C6:00DACC,$0098C6,OS+0x08EC6,mapped-segment1,OS-RAM,$0000DACC,$00DACC,,OS-RAM,direct,binding-slot-target,V161,static-table,unknown,,1,slot jmp.l,,
bst:V161:0098CC:F92CE2,$0098CC,OS+0x08ECC,mapped-segment1,OS-RAM,$FFF92CE2,$F92CE2,,ROM,direct,binding-slot-target,V161,static-table,unknown,,1,slot jmp.l,,
bst:V161:0098D2:F92D22,$0098D2,OS+0x08ED2,mapped-segment1,OS-RAM,$FFF92D22,$F92D22,,ROM,direct,binding-slot-target,V161,static-table,unknown,,1,slot jmp.l,,
bst:V161:0098D8:F92D48,$0098D8,OS+0x08ED8,mapped-segment1,OS-RAM,$FFF92D48,$F92D48,,ROM,direct,binding-slot-target,V161,static-table,unknown,,1,slot jmp.l,,
bst:V161:0098DE:F92D66,$0098DE,OS+0x08EDE,mapped-segment1,OS-RAM,$FFF92D66,$F92D66,,ROM,direct,binding-slot-target,V161,static-table,unknown,,1,slot jmp.l,,
bst:V161:0098E4:F92DD6,$0098E4,OS+0x08EE4,mapped-segment1,OS-RAM,$FFF92DD6,$F92DD6,,ROM,direct,binding-slot-target,V161,static-table,unknown,,1,slot jmp.l,,
bst:V161:0098EA:F92DE0,$0098EA,OS+0x08EEA,mapped-segment1,OS-RAM,$FFF92DE0,$F92DE0,,ROM,direct,binding-slot-target,V161,static-table,unknown,,1,slot jmp.l,,
bst:V161:0098F0:F92E2A,$0098F0,OS+0x08EF0,mapped-segment1,OS-RAM,$FFF92E2A,$F92E2A,,ROM,direct,binding-slot-target,V161,static-table,unknown,,1,slot jmp.l,,
bst:V161:0098F6:F92E8A,$0098F6,OS+0x08EF6,mapped-segment1,OS-RAM,$FFF92E8A,$F92E8A,,ROM,direct,binding-slot-target,V161,static-table,unknown,,1,slot jmp.l,,
bst:V161:0098FC:F92E94,$0098FC,OS+0x08EFC,mapped-segment1,OS-RAM,$FFF92E94,$F92E94,,ROM,direct,binding-slot-target,V161,static-table,unknown,,1,slot jmp.l,,
bst:V161:009902:F92EB0,$009902,OS+0x08F02,mapped-segment1,OS-RAM,$FFF92EB0,$F92EB0,,ROM,direct,binding-slot-target,V161,static-table,unknown,,1,slot jmp.l,,
bst:V161:009908:F92EB4,$009908,OS+0x08F08,mapped-segment1,OS-RAM,$FFF92EB4,$F92EB4,,ROM,direct,binding-slot-target,V161,static-table,unknown,,1,slot jmp.l,,
bst:V161:00990E:F92ED2,$00990E,OS+0x08F0E,mapped-segment1,OS-RAM,$FFF92ED2,$F92ED2,,ROM,direct,binding-slot-target,V161,static-table,unknown,,1,slot jmp.l,,
bst:V161:009914:F92EA8,$009914,OS+0x08F14,mapped-segment1,OS-RAM,$FFF92EA8,$F92EA8,,ROM,direct,binding-slot-target,V161,static-table,unknown,,1,slot jmp.l,,
bst:V161:00991A:F92F08,$00991A,OS+0x08F1A,mapped-segment1,OS-RAM,$FFF92F08,$F92F08,,ROM,direct,binding-slot-target,V161,static-table,unknown,,1,slot jmp.l,,
bst:V161:009920:F92F34,$009920,OS+0x08F20,mapped-segment1,OS-RAM,$FFF92F34,$F92F34,,ROM,direct,binding-slot-target,V161,static-table,unknown,,1,slot jmp.l,,
bst:V161:009926:F92F82,$009926,OS+0x08F26,mapped-segment1,OS-RAM,$FFF92F82,$F92F82,,ROM,direct,binding-slot-target,V161,static-table,unknown,,1,slot jmp.l,,
bst:V161:00992C:F923D4,$00992C,OS+0x08F2C,mapped-segment1,OS-RAM,$FFF923D4,$F923D4,,ROM,direct,binding-slot-target,V161,static-table,unknown,,1,slot jmp.l,,
bst:V161:009932:F923D8,$009932,OS+0x08F32,mapped-segment1,OS-RAM,$FFF923D8,$F923D8,,ROM,direct,binding-slot-target,V161,static-table,unknown,,1,slot jmp.l,,
bst:V161:009938:F924EC,$009938,OS+0x08F38,mapped-segment1,OS-RAM,$FFF924EC,$F924EC,,ROM,direct,binding-slot-target,V161,static-table,unknown,,1,slot jmp.l,,
bst:V161:00993E:F924D8,$00993E,OS+0x08F3E,mapped-segment1,OS-RAM,$FFF924D8,$F924D8,,ROM,direct,binding-slot-target,V161,static-table,unknown,,1,slot jmp.l,,
bst:V161:009944:F924F2,$009944,OS+0x08F44,mapped-segment1,OS-RAM,$FFF924F2,$F924F2,,ROM,direct,binding-slot-target,V161,static-table,unknown,,1,slot jmp.l,,
bst:V161:00994A:F925FC,$00994A,OS+0x08F4A,mapped-segment1,OS-RAM,$FFF925FC,$F925FC,,ROM,direct,binding-slot-target,V161,static-table,unknown,,1,slot jmp.l,,
bst:V161:009950:F92616,$009950,OS+0x08F50,mapped-segment1,OS-RAM,$FFF92616,$F92616,,ROM,direct,binding-slot-target,V161,static-table,unknown,,1,slot jmp.l,,
bst:V161:009956:F9260E,$009956,OS+0x08F56,mapped-segment1,OS-RAM,$FFF9260E,$F9260E,,ROM,direct,binding-slot-target,V161,static-table,unknown,,1,slot jmp.l,,
bst:V161:00995C:F9264E,$00995C,OS+0x08F5C,mapped-segment1,OS-RAM,$FFF9264E,$F9264E,,ROM,direct,binding-slot-target,V161,static-table,unknown,,1,slot jmp.l,,
bst:V161:009962:F92652,$009962,OS+0x08F62,mapped-segment1,OS-RAM,$FFF92652,$F92652,,ROM,direct,binding-slot-target,V161,static-table,unknown,,1,slot jmp.l,,
bst:V161:009968:F92A42,$009968,OS+0x08F68,mapped-segment1,OS-RAM,$FFF92A42,$F92A42,,ROM,direct,binding-slot-target,V161,static-table,unknown,,1,slot jmp.l,,
bst:V161:00996E:F92CB2,$00996E,OS+0x08F6E,mapped-segment1,OS-RAM,$FFF92CB2,$F92CB2,,ROM,direct,binding-slot-target,V161,static-table,unknown,,1,slot jmp.l,,
bst:V161:009974:00DADE,$009974,OS+0x08F74,mapped-segment1,OS-RAM,$0000DADE,$00DADE,,OS-RAM,direct,binding-slot-target,V161,static-table,unknown,,1,slot jmp.l,,
bst:V161:00997A:F92FB0,$00997A,OS+0x08F7A,mapped-segment1,OS-RAM,$FFF92FB0,$F92FB0,,ROM,direct,binding-slot-target,V161,static-table,unknown,,1,slot jmp.l,,
bst:V161:009980:F931DE,$009980,OS+0x08F80,mapped-segment1,OS-RAM,$FFF931DE,$F931DE,,ROM,direct,binding-slot-target,V161,static-table,unknown,,1,slot jmp.l,,
bst:V161:009986:F93298,$009986,OS+0x08F86,mapped-segment1,OS-RAM,$FFF93298,$F93298,,ROM,direct,binding-slot-target,V161,static-table,unknown,,1,slot jmp.l,,
bst:V161:00998C:F932B8,$00998C,OS+0x08F8C,mapped-segment1,OS-RAM,$FFF932B8,$F932B8,,ROM,direct,binding-slot-target,V161,static-table,unknown,,1,slot jmp.l,,
bst:V161:009992:F932D6,$009992,OS+0x08F92,mapped-segment1,OS-RAM,$FFF932D6,$F932D6,,ROM,direct,binding-slot-target,V161,static-table,unknown,,1,slot jmp.l,,
bst:V161:009998:F932FA,$009998,OS+0x08F98,mapped-segment1,OS-RAM,$FFF932FA,$F932FA,,ROM,direct,binding-slot-target,V161,static-table,unknown,,1,slot jmp.l,,
bst:V161:00999E:F9331A,$00999E,OS+0x08F9E,mapped-segment1,OS-RAM,$FFF9331A,$F9331A,,ROM,direct,binding-slot-target,V161,static-table,unknown,,1,slot jmp.l,,
bst:V161:0099A4:F93346,$0099A4,OS+0x08FA4,mapped-segment1,OS-RAM,$FFF93346,$F93346,,ROM,direct,binding-slot-target,V161,static-table,unknown,,1,slot jmp.l,,
bst:V161:0099AA:F93348,$0099AA,OS+0x08FAA,mapped-segment1,OS-RAM,$FFF93348,$F93348,,ROM,direct,binding-slot-target,V161,static-table,unknown,,1,slot jmp.l,,
bst:V161:0099B0:F9334C,$0099B0,OS+0x08FB0,mapped-segment1,OS-RAM,$FFF9334C,$F9334C,,ROM,direct,binding-slot-target,V161,static-table,unknown,,1,slot jmp.l,,
bst:V161:0099B6:F9337E,$0099B6,OS+0x08FB6,mapped-segment1,OS-RAM,$FFF9337E,$F9337E,,ROM,direct,binding-slot-target,V161,static-table,unknown,,1,slot jmp.l,,
bst:V161:0099BC:F93392,$0099BC,OS+0x08FBC,mapped-segment1,OS-RAM,$FFF93392,$F93392,,ROM,direct,binding-slot-target,V161,static-table,unknown,,1,slot jmp.l,,
bst:V161:0099C2:F93398,$0099C2,OS+0x08FC2,mapped-segment1,OS-RAM,$FFF93398,$F93398,,ROM,direct,binding-slot-target,V161,static-table,unknown,,1,slot jmp.l,,
bst:V161:0099C8:F93194,$0099C8,OS+0x08FC8,mapped-segment1,OS-RAM,$FFF93194,$F93194,,ROM,direct,binding-slot-target,V161,static-table,unknown,,1,slot jmp.l,,
bst:V161:0099CE:F931B2,$0099CE,OS+0x08FCE,mapped-segment1,OS-RAM,$FFF931B2,$F931B2,,ROM,direct,binding-slot-target,V161,static-table,unknown,,1,slot jmp.l,,
bst:V161:0099D4:F9316E,$0099D4,OS+0x08FD4,mapped-segment1,OS-RAM,$FFF9316E,$F9316E,,ROM,direct,binding-slot-target,V161,static-table,unknown,,1,slot jmp.l,,
bst:V161:0099DA:F93148,$0099DA,OS+0x08FDA,mapped-segment1,OS-RAM,$FFF93148,$F93148,,ROM,direct,binding-slot-target,V161,static-table,unknown,,1,slot jmp.l,,
bst:V161:0099E0:F93180,$0099E0,OS+0x08FE0,mapped-segment1,OS-RAM,$FFF93180,$F93180,,ROM,direct,binding-slot-target,V161,static-table,unknown,,1,slot jmp.l,,
bst:V161:0099E6:F93496,$0099E6,OS+0x08FE6,mapped-segment1,OS-RAM,$FFF93496,$F93496,,ROM,direct,binding-slot-target,V161,static-table,unknown,,1,slot jmp.l,,
bst:V161:0099EC:F9348E,$0099EC,OS+0x08FEC,mapped-segment1,OS-RAM,$FFF9348E,$F9348E,,ROM,direct,binding-slot-target,V161,static-table,unknown,,1,slot jmp.l,,
bst:V161:0099F2:F934AA,$0099F2,OS+0x08FF2,mapped-segment1,OS-RAM,$FFF934AA,$F934AA,,ROM,direct,binding-slot-target,V161,static-table,unknown,,1,slot jmp.l,,
bst:V161:0099F8:F934D4,$0099F8,OS+0x08FF8,mapped-segment1,OS-RAM,$FFF934D4,$F934D4,,ROM,direct,binding-slot-target,V161,static-table,unknown,,1,slot jmp.l,,
bst:V161:0099FE:F936B0,$0099FE,OS+0x08FFE,mapped-segment1,OS-RAM,$FFF936B0,$F936B0,,ROM,direct,binding-slot-target,V161,static-table,unknown,,1,slot jmp.l,,
bst:V161:009A04:F935C4,$009A04,OS+0x09004,mapped-segment1,OS-RAM,$FFF935C4,$F935C4,,ROM,direct,binding-slot-target,V161,static-table,unknown,,1,slot jmp.l,,
bst:V161:009A0A:F9366E,$009A0A,OS+0x0900A,mapped-segment1,OS-RAM,$FFF9366E,$F9366E,,ROM,direct,binding-slot-target,V161,static-table,unknown,,1,slot jmp.l,,
bst:V161:009A10:F935D4,$009A10,OS+0x09010,mapped-segment1,OS-RAM,$FFF935D4,$F935D4,,ROM,direct,binding-slot-target,V161,static-table,unknown,,1,slot jmp.l,,
bst:V161:009A16:F9368C,$009A16,OS+0x09016,mapped-segment1,OS-RAM,$FFF9368C,$F9368C,,ROM,direct,binding-slot-target,V161,static-table,unknown,,1,slot jmp.l,,
bst:V161:009A1C:F936A2,$009A1C,OS+0x0901C,mapped-segment1,OS-RAM,$FFF936A2,$F936A2,,ROM,direct,binding-slot-target,V161,static-table,unknown,,1,slot jmp.l,,
bst:V161:009A22:F93698,$009A22,OS+0x09022,mapped-segment1,OS-RAM,$FFF93698,$F93698,,ROM,direct,binding-slot-target,V161,static-table,unknown,,1,slot jmp.l,,
bst:V161:009A28:F9350E,$009A28,OS+0x09028,mapped-segment1,OS-RAM,$FFF9350E,$F9350E,,ROM,direct,binding-slot-target,V161,static-table,unknown,,1,slot jmp.l,,
bst:V161:009A2E:F935FC,$009A2E,OS+0x0902E,mapped-segment1,OS-RAM,$FFF935FC,$F935FC,,ROM,direct,binding-slot-target,V161,static-table,unknown,,1,slot jmp.l,,
bst:V161:009A34:F93608,$009A34,OS+0x09034,mapped-segment1,OS-RAM,$FFF93608,$F93608,,ROM,direct,binding-slot-target,V161,static-table,unknown,,1,slot jmp.l,,
bst:V161:009A3A:F93624,$009A3A,OS+0x0903A,mapped-segment1,OS-RAM,$FFF93624,$F93624,,ROM,direct,binding-slot-target,V161,static-table,unknown,,1,slot jmp.l,,
bst:V161:009A40:F936CA,$009A40,OS+0x09040,mapped-segment1,OS-RAM,$FFF936CA,$F936CA,,ROM,direct,binding-slot-target,V161,static-table,unknown,,1,slot jmp.l,,
bst:V161:009A5C:F936DE,$009A5C,OS+0x0905C,mapped-segment1,OS-RAM,$FFF936DE,$F936DE,,ROM,direct,binding-slot-target,V161,static-table,unknown,,1,slot jmp.l,,
bst:V161:009A62:F9375C,$009A62,OS+0x09062,mapped-segment1,OS-RAM,$FFF9375C,$F9375C,,ROM,direct,binding-slot-target,V161,static-table,unknown,,1,slot jmp.l,,
bst:V161:009A68:F93770,$009A68,OS+0x09068,mapped-segment1,OS-RAM,$FFF93770,$F93770,,ROM,direct,binding-slot-target,V161,static-table,unknown,,1,slot jmp.l,,
bst:V161:009A6E:F9378C,$009A6E,OS+0x0906E,mapped-segment1,OS-RAM,$FFF9378C,$F9378C,,ROM,direct,binding-slot-target,V161,static-table,unknown,,1,slot jmp.l,,
bst:V161:009A74:F93798,$009A74,OS+0x09074,mapped-segment1,OS-RAM,$FFF93798,$F93798,,ROM,direct,binding-slot-target,V161,static-table,unknown,,1,slot jmp.l,,
bst:V161:009A7A:F9381C,$009A7A,OS+0x0907A,mapped-segment1,OS-RAM,$FFF9381C,$F9381C,,ROM,direct,binding-slot-target,V161,static-table,unknown,,1,slot jmp.l,,
bst:V161:009A80:F938E0,$009A80,OS+0x09080,mapped-segment1,OS-RAM,$FFF938E0,$F938E0,,ROM,direct,binding-slot-target,V161,static-table,unknown,,1,slot jmp.l,,
bst:V161:009A86:F938E4,$009A86,OS+0x09086,mapped-segment1,OS-RAM,$FFF938E4,$F938E4,,ROM,direct,binding-slot-target,V161,static-table,unknown,,1,slot jmp.l,,
bst:V161:009A8C:F938EE,$009A8C,OS+0x0908C,mapped-segment1,OS-RAM,$FFF938EE,$F938EE,,ROM,direct,binding-slot-target,V161,static-table,unknown,,1,slot jmp.l,,
bst:V161:009A92:F938F8,$009A92,OS+0x09092,mapped-segment1,OS-RAM,$FFF938F8,$F938F8,,ROM,direct,binding-slot-target,V161,static-table,unknown,,1,slot jmp.l,,
bst:V161:009A98:F93908,$009A98,OS+0x09098,mapped-segment1,OS-RAM,$FFF93908,$F93908,,ROM,direct,binding-slot-target,V161,static-table,unknown,,1,slot jmp.l,,
bst:V161:009A9E:F9393A,$009A9E,OS+0x0909E,mapped-segment1,OS-RAM,$FFF9393A,$F9393A,,ROM,direct,binding-slot-target,V161,static-table,unknown,,1,slot jmp.l,,
bst:V161:009AA4:F93924,$009AA4,OS+0x090A4,mapped-segment1,OS-RAM,$FFF93924,$F93924,,ROM,direct,binding-slot-target,V161,static-table,unknown,,1,slot jmp.l,,
bst:V161:009AAA:F93954,$009AAA,OS+0x090AA,mapped-segment1,OS-RAM,$FFF93954,$F93954,,ROM,direct,binding-slot-target,V161,static-table,unknown,,1,slot jmp.l,,
bst:V161:009AB0:F9399A,$009AB0,OS+0x090B0,mapped-segment1,OS-RAM,$FFF9399A,$F9399A,,ROM,direct,binding-slot-target,V161,static-table,unknown,,1,slot jmp.l,,
bst:V161:009AB6:F93958,$009AB6,OS+0x090B6,mapped-segment1,OS-RAM,$FFF93958,$F93958,,ROM,direct,binding-slot-target,V161,static-table,unknown,,1,slot jmp.l,,
bst:V161:009ABC:F93964,$009ABC,OS+0x090BC,mapped-segment1,OS-RAM,$FFF93964,$F93964,,ROM,direct,binding-slot-target,V161,static-table,unknown,,1,slot jmp.l,,
bst:V161:009AC2:F93968,$009AC2,OS+0x090C2,mapped-segment1,OS-RAM,$FFF93968,$F93968,,ROM,direct,binding-slot-target,V161,static-table,unknown,,1,slot jmp.l,,
bst:V161:009AC8:F93974,$009AC8,OS+0x090C8,mapped-segment1,OS-RAM,$FFF93974,$F93974,,ROM,direct,binding-slot-target,V161,static-table,unknown,,1,slot jmp.l,,
bst:V161:009ACE:F93978,$009ACE,OS+0x090CE,mapped-segment1,OS-RAM,$FFF93978,$F93978,,ROM,direct,binding-slot-target,V161,static-table,unknown,,1,slot jmp.l,,
bst:V161:009AD4:F93984,$009AD4,OS+0x090D4,mapped-segment1,OS-RAM,$FFF93984,$F93984,,ROM,direct,binding-slot-target,V161,static-table,unknown,,1,slot jmp.l,,
bst:V161:009ADA:F9398E,$009ADA,OS+0x090DA,mapped-segment1,OS-RAM,$FFF9398E,$F9398E,,ROM,direct,binding-slot-target,V161,static-table,unknown,,1,slot jmp.l,,
bst:V161:009AE0:F93A24,$009AE0,OS+0x090E0,mapped-segment1,OS-RAM,$FFF93A24,$F93A24,,ROM,direct,binding-slot-target,V161,static-table,unknown,,1,slot jmp.l,,
bst:V161:009AE6:F93A2E,$009AE6,OS+0x090E6,mapped-segment1,OS-RAM,$FFF93A2E,$F93A2E,,ROM,direct,binding-slot-target,V161,static-table,unknown,,1,slot jmp.l,,
bst:V161:009AEC:F93A38,$009AEC,OS+0x090EC,mapped-segment1,OS-RAM,$FFF93A38,$F93A38,,ROM,direct,binding-slot-target,V161,static-table,unknown,,1,slot jmp.l,,
bst:V161:009AF2:F93A3E,$009AF2,OS+0x090F2,mapped-segment1,OS-RAM,$FFF93A3E,$F93A3E,,ROM,direct,binding-slot-target,V161,static-table,unknown,,1,slot jmp.l,,
bst:V161:009AF8:F93A48,$009AF8,OS+0x090F8,mapped-segment1,OS-RAM,$FFF93A48,$F93A48,,ROM,direct,binding-slot-target,V161,static-table,unknown,,1,slot jmp.l,,
bst:V161:009AFE:F93ABC,$009AFE,OS+0x090FE,mapped-segment1,OS-RAM,$FFF93ABC,$F93ABC,,ROM,direct,binding-slot-target,V161,static-table,unknown,,1,slot jmp.l,,
bst:V161:009B04:F93AC8,$009B04,OS+0x09104,mapped-segment1,OS-RAM,$FFF93AC8,$F93AC8,,ROM,direct,binding-slot-target,V161,static-table,unknown,,1,slot jmp.l,,
bst:V161:009B0A:F93AEC,$009B0A,OS+0x0910A,mapped-segment1,OS-RAM,$FFF93AEC,$F93AEC,,ROM,direct,binding-slot-target,V161,static-table,unknown,,1,slot jmp.l,,
bst:V161:009B10:F93B38,$009B10,OS+0x09110,mapped-segment1,OS-RAM,$FFF93B38,$F93B38,,ROM,direct,binding-slot-target,V161,static-table,unknown,,1,slot jmp.l,,
bst:V161:009B16:F93B44,$009B16,OS+0x09116,mapped-segment1,OS-RAM,$FFF93B44,$F93B44,,ROM,direct,binding-slot-target,V161,static-table,unknown,,1,slot jmp.l,,
bst:V161:009B1C:F93B70,$009B1C,OS+0x0911C,mapped-segment1,OS-RAM,$FFF93B70,$F93B70,,ROM,direct,binding-slot-target,V161,static-table,unknown,,1,slot jmp.l,,
bst:V161:009B22:F93C04,$009B22,OS+0x09122,mapped-segment1,OS-RAM,$FFF93C04,$F93C04,,ROM,direct,binding-slot-target,V161,static-table,unknown,,1,slot jmp.l,,
bst:V161:009B28:F93C46,$009B28,OS+0x09128,mapped-segment1,OS-RAM,$FFF93C46,$F93C46,,ROM,direct,binding-slot-target,V161,static-table,unknown,,1,slot jmp.l,,
bst:V161:009B2E:F93C6C,$009B2E,OS+0x0912E,mapped-segment1,OS-RAM,$FFF93C6C,$F93C6C,,ROM,direct,binding-slot-target,V161,static-table,unknown,,1,slot jmp.l,,
bst:V161:009B34:F93C7C,$009B34,OS+0x09134,mapped-segment1,OS-RAM,$FFF93C7C,$F93C7C,,ROM,direct,binding-slot-target,V161,static-table,unknown,,1,slot jmp.l,,
bst:V161:009B3A:F93C90,$009B3A,OS+0x0913A,mapped-segment1,OS-RAM,$FFF93C90,$F93C90,,ROM,direct,binding-slot-target,V161,static-table,unknown,,1,slot jmp.l,,
bst:V161:009B40:F93CA8,$009B40,OS+0x09140,mapped-segment1,OS-RAM,$FFF93CA8,$F93CA8,,ROM,direct,binding-slot-target,V161,static-table,unknown,,1,slot jmp.l,,
bst:V161:009B46:F93CB6,$009B46,OS+0x09146,mapped-segment1,OS-RAM,$FFF93CB6,$F93CB6,,ROM,direct,binding-slot-target,V161,static-table,unknown,,1,slot jmp.l,,
bst:V161:009B4C:F93CF2,$009B4C,OS+0x0914C,mapped-segment1,OS-RAM,$FFF93CF2,$F93CF2,,ROM,direct,binding-slot-target,V161,static-table,unknown,,1,slot jmp.l,,
bst:V161:009B52:F93D0A,$009B52,OS+0x09152,mapped-segment1,OS-RAM,$FFF93D0A,$F93D0A,,ROM,direct,binding-slot-target,V161,static-table,unknown,,1,slot jmp.l,,
bst:V161:009B58:F93D2C,$009B58,OS+0x09158,mapped-segment1,OS-RAM,$FFF93D2C,$F93D2C,,ROM,direct,binding-slot-target,V161,static-table,unknown,,1,slot jmp.l,,
bst:V161:009B5E:F93DD6,$009B5E,OS+0x0915E,mapped-segment1,OS-RAM,$FFF93DD6,$F93DD6,,ROM,direct,binding-slot-target,V161,static-table,unknown,,1,slot jmp.l,,
bst:V161:009B64:F93DDC,$009B64,OS+0x09164,mapped-segment1,OS-RAM,$FFF93DDC,$F93DDC,,ROM,direct,binding-slot-target,V161,static-table,unknown,,1,slot jmp.l,,
bst:V161:009B6A:F93E1A,$009B6A,OS+0x0916A,mapped-segment1,OS-RAM,$FFF93E1A,$F93E1A,,ROM,direct,binding-slot-target,V161,static-table,unknown,,1,slot jmp.l,,
bst:V161:009B70:F93EC4,$009B70,OS+0x09170,mapped-segment1,OS-RAM,$FFF93EC4,$F93EC4,,ROM,direct,binding-slot-target,V161,static-table,unknown,,1,slot jmp.l,,
bst:V161:009B76:F93ED0,$009B76,OS+0x09176,mapped-segment1,OS-RAM,$FFF93ED0,$F93ED0,,ROM,direct,binding-slot-target,V161,static-table,unknown,,1,slot jmp.l,,
bst:V161:009B7C:F93EFA,$009B7C,OS+0x0917C,mapped-segment1,OS-RAM,$FFF93EFA,$F93EFA,,ROM,direct,binding-slot-target,V161,static-table,unknown,,1,slot jmp.l,,
bst:V161:009B82:F93F20,$009B82,OS+0x09182,mapped-segment1,OS-RAM,$FFF93F20,$F93F20,,ROM,direct,binding-slot-target,V161,static-table,unknown,,1,slot jmp.l,,
bst:V161:009B88:F93F4C,$009B88,OS+0x09188,mapped-segment1,OS-RAM,$FFF93F4C,$F93F4C,,ROM,direct,binding-slot-target,V161,static-table,unknown,,1,slot jmp.l,,
bst:V161:009B8E:F93F82,$009B8E,OS+0x0918E,mapped-segment1,OS-RAM,$FFF93F82,$F93F82,,ROM,direct,binding-slot-target,V161,static-table,unknown,,1,slot jmp.l,,
bst:V161:009B94:F93FC0,$009B94,OS+0x09194,mapped-segment1,OS-RAM,$FFF93FC0,$F93FC0,,ROM,direct,binding-slot-target,V161,static-table,unknown,,1,slot jmp.l,,
bst:V161:009B9A:F93FAE,$009B9A,OS+0x0919A,mapped-segment1,OS-RAM,$FFF93FAE,$F93FAE,,ROM,direct,binding-slot-target,V161,static-table,unknown,,1,slot jmp.l,,
bst:V161:009BA0:F93FF4,$009BA0,OS+0x091A0,mapped-segment1,OS-RAM,$FFF93FF4,$F93FF4,,ROM,direct,binding-slot-target,V161,static-table,unknown,,1,slot jmp.l,,
bst:V161:009BA6:F94000,$009BA6,OS+0x091A6,mapped-segment1,OS-RAM,$FFF94000,$F94000,,ROM,direct,binding-slot-target,V161,static-table,unknown,,1,slot jmp.l,,
bst:V161:009BAC:F9402E,$009BAC,OS+0x091AC,mapped-segment1,OS-RAM,$FFF9402E,$F9402E,,ROM,direct,binding-slot-target,V161,static-table,unknown,,1,slot jmp.l,,
bst:V161:009BB2:F94064,$009BB2,OS+0x091B2,mapped-segment1,OS-RAM,$FFF94064,$F94064,,ROM,direct,binding-slot-target,V161,static-table,unknown,,1,slot jmp.l,,
bst:V161:009BB8:F94084,$009BB8,OS+0x091B8,mapped-segment1,OS-RAM,$FFF94084,$F94084,,ROM,direct,binding-slot-target,V161,static-table,unknown,,1,slot jmp.l,,
bst:V161:009BBE:F940A6,$009BBE,OS+0x091BE,mapped-segment1,OS-RAM,$FFF940A6,$F940A6,,ROM,direct,binding-slot-target,V161,static-table,unknown,,1,slot jmp.l,,
bst:V161:009BC4:F940EC,$009BC4,OS+0x091C4,mapped-segment1,OS-RAM,$FFF940EC,$F940EC,,ROM,direct,binding-slot-target,V161,static-table,unknown,,1,slot jmp.l,,
bst:V161:009BCA:F9411E,$009BCA,OS+0x091CA,mapped-segment1,OS-RAM,$FFF9411E,$F9411E,,ROM,direct,binding-slot-target,V161,static-table,unknown,,1,slot jmp.l,,
bst:V161:009BD0:F9418C,$009BD0,OS+0x091D0,mapped-segment1,OS-RAM,$FFF9418C,$F9418C,,ROM,direct,binding-slot-target,V161,static-table,unknown,,1,slot jmp.l,,
bst:V161:009BD6:F941AE,$009BD6,OS+0x091D6,mapped-segment1,OS-RAM,$FFF941AE,$F941AE,,ROM,direct,binding-slot-target,V161,static-table,unknown,,1,slot jmp.l,,
bst:V161:009BDC:F941CA,$009BDC,OS+0x091DC,mapped-segment1,OS-RAM,$FFF941CA,$F941CA,,ROM,direct,binding-slot-target,V161,static-table,unknown,,1,slot jmp.l,,
bst:V161:009BE2:F941DA,$009BE2,OS+0x091E2,mapped-segment1,OS-RAM,$FFF941DA,$F941DA,,ROM,direct,binding-slot-target,V161,static-table,unknown,,1,slot jmp.l,,
bst:V161:009BE8:F942D2,$009BE8,OS+0x091E8,mapped-segment1,OS-RAM,$FFF942D2,$F942D2,,ROM,direct,binding-slot-target,V161,static-table,unknown,,1,slot jmp.l,,
bst:V161:009BEE:F942E4,$009BEE,OS+0x091EE,mapped-segment1,OS-RAM,$FFF942E4,$F942E4,,ROM,direct,binding-slot-target,V161,static-table,unknown,,1,slot jmp.l,,
bst:V161:009BF4:F942F0,$009BF4,OS+0x091F4,mapped-segment1,OS-RAM,$FFF942F0,$F942F0,,ROM,direct,binding-slot-target,V161,static-table,unknown,,1,slot jmp.l,,
bst:V161:009BFA:F941F4,$009BFA,OS+0x091FA,mapped-segment1,OS-RAM,$FFF941F4,$F941F4,,ROM,direct,binding-slot-target,V161,static-table,unknown,,1,slot jmp.l,,
bst:V161:009C00:F940C4,$009C00,OS+0x09200,mapped-segment1,OS-RAM,$FFF940C4,$F940C4,,ROM,direct,binding-slot-target,V161,static-table,unknown,,1,slot jmp.l,,
bst:V161:009C06:F940DE,$009C06,OS+0x09206,mapped-segment1,OS-RAM,$FFF940DE,$F940DE,,ROM,direct,binding-slot-target,V161,static-table,unknown,,1,slot jmp.l,,
bst:V161:009C38:F9430C,$009C38,OS+0x09238,mapped-segment1,OS-RAM,$FFF9430C,$F9430C,,ROM,direct,binding-slot-target,V161,static-table,unknown,,1,slot jmp.l,,
bst:V161:009C3E:F94482,$009C3E,OS+0x0923E,mapped-segment1,OS-RAM,$FFF94482,$F94482,,ROM,direct,binding-slot-target,V161,static-table,unknown,,1,slot jmp.l,,
bst:V161:009C44:F9448E,$009C44,OS+0x09244,mapped-segment1,OS-RAM,$FFF9448E,$F9448E,,ROM,direct,binding-slot-target,V161,static-table,unknown,,1,slot jmp.l,,
bst:V161:009C4A:F944A8,$009C4A,OS+0x0924A,mapped-segment1,OS-RAM,$FFF944A8,$F944A8,,ROM,direct,binding-slot-target,V161,static-table,unknown,,1,slot jmp.l,,
bst:V161:009C50:F94520,$009C50,OS+0x09250,mapped-segment1,OS-RAM,$FFF94520,$F94520,,ROM,direct,binding-slot-target,V161,static-table,unknown,,1,slot jmp.l,,
bst:V161:009C56:F9453A,$009C56,OS+0x09256,mapped-segment1,OS-RAM,$FFF9453A,$F9453A,,ROM,direct,binding-slot-target,V161,static-table,unknown,,1,slot jmp.l,,
bst:V161:009C5C:F94546,$009C5C,OS+0x0925C,mapped-segment1,OS-RAM,$FFF94546,$F94546,,ROM,direct,binding-slot-target,V161,static-table,unknown,,1,slot jmp.l,,
bst:V161:009C62:F94552,$009C62,OS+0x09262,mapped-segment1,OS-RAM,$FFF94552,$F94552,,ROM,direct,binding-slot-target,V161,static-table,unknown,,1,slot jmp.l,,
bst:V161:009C68:F9456C,$009C68,OS+0x09268,mapped-segment1,OS-RAM,$FFF9456C,$F9456C,,ROM,direct,binding-slot-target,V161,static-table,unknown,,1,slot jmp.l,,
bst:V161:009C6E:F945AA,$009C6E,OS+0x0926E,mapped-segment1,OS-RAM,$FFF945AA,$F945AA,,ROM,direct,binding-slot-target,V161,static-table,unknown,,1,slot jmp.l,,
bst:V161:009C74:F945C2,$009C74,OS+0x09274,mapped-segment1,OS-RAM,$FFF945C2,$F945C2,,ROM,direct,binding-slot-target,V161,static-table,unknown,,1,slot jmp.l,,
bst:V161:009C7A:F945CE,$009C7A,OS+0x0927A,mapped-segment1,OS-RAM,$FFF945CE,$F945CE,,ROM,direct,binding-slot-target,V161,static-table,unknown,,1,slot jmp.l,,
bst:V161:009C80:F945DA,$009C80,OS+0x09280,mapped-segment1,OS-RAM,$FFF945DA,$F945DA,,ROM,direct,binding-slot-target,V161,static-table,unknown,,1,slot jmp.l,,
bst:V161:009C86:F945F6,$009C86,OS+0x09286,mapped-segment1,OS-RAM,$FFF945F6,$F945F6,,ROM,direct,binding-slot-target,V161,static-table,unknown,,1,slot jmp.l,,
bst:V161:009C8C:F9469A,$009C8C,OS+0x0928C,mapped-segment1,OS-RAM,$FFF9469A,$F9469A,,ROM,direct,binding-slot-target,V161,static-table,unknown,,1,slot jmp.l,,
bst:V161:009C92:F946A2,$009C92,OS+0x09292,mapped-segment1,OS-RAM,$FFF946A2,$F946A2,,ROM,direct,binding-slot-target,V161,static-table,unknown,,1,slot jmp.l,,
bst:V161:009C98:F94702,$009C98,OS+0x09298,mapped-segment1,OS-RAM,$FFF94702,$F94702,,ROM,direct,binding-slot-target,V161,static-table,unknown,,1,slot jmp.l,,
bst:V161:009C9E:F9474E,$009C9E,OS+0x0929E,mapped-segment1,OS-RAM,$FFF9474E,$F9474E,,ROM,direct,binding-slot-target,V161,static-table,unknown,,1,slot jmp.l,,
bst:V161:009CA4:F9475A,$009CA4,OS+0x092A4,mapped-segment1,OS-RAM,$FFF9475A,$F9475A,,ROM,direct,binding-slot-target,V161,static-table,unknown,,1,slot jmp.l,,
bst:V161:009CAA:F94766,$009CAA,OS+0x092AA,mapped-segment1,OS-RAM,$FFF94766,$F94766,,ROM,direct,binding-slot-target,V161,static-table,unknown,,1,slot jmp.l,,
bst:V161:009CB0:F9477A,$009CB0,OS+0x092B0,mapped-segment1,OS-RAM,$FFF9477A,$F9477A,,ROM,direct,binding-slot-target,V161,static-table,unknown,,1,slot jmp.l,,
bst:V161:009CB6:F9478C,$009CB6,OS+0x092B6,mapped-segment1,OS-RAM,$FFF9478C,$F9478C,,ROM,direct,binding-slot-target,V161,static-table,unknown,,1,slot jmp.l,,
bst:V161:009CBC:F94792,$009CBC,OS+0x092BC,mapped-segment1,OS-RAM,$FFF94792,$F94792,,ROM,direct,binding-slot-target,V161,static-table,unknown,,1,slot jmp.l,,
bst:V161:009CC2:F947E8,$009CC2,OS+0x092C2,mapped-segment1,OS-RAM,$FFF947E8,$F947E8,,ROM,direct,binding-slot-target,V161,static-table,unknown,,1,slot jmp.l,,
bst:V161:009CC8:F9480A,$009CC8,OS+0x092C8,mapped-segment1,OS-RAM,$FFF9480A,$F9480A,,ROM,direct,binding-slot-target,V161,static-table,unknown,,1,slot jmp.l,,
bst:V161:009CCE:F94856,$009CCE,OS+0x092CE,mapped-segment1,OS-RAM,$FFF94856,$F94856,,ROM,direct,binding-slot-target,V161,static-table,unknown,,1,slot jmp.l,,
bst:V161:009CD4:F94872,$009CD4,OS+0x092D4,mapped-segment1,OS-RAM,$FFF94872,$F94872,,ROM,direct,binding-slot-target,V161,static-table,unknown,,1,slot jmp.l,,
bst:V161:009CDA:F94896,$009CDA,OS+0x092DA,mapped-segment1,OS-RAM,$FFF94896,$F94896,,ROM,direct,binding-slot-target,V161,static-table,unknown,,1,slot jmp.l,,
bst:V161:009CE0:F948D4,$009CE0,OS+0x092E0,mapped-segment1,OS-RAM,$FFF948D4,$F948D4,,ROM,direct,binding-slot-target,V161,static-table,unknown,,1,slot jmp.l,,
bst:V161:009CE6:F949AC,$009CE6,OS+0x092E6,mapped-segment1,OS-RAM,$FFF949AC,$F949AC,,ROM,direct,binding-slot-target,V161,static-table,unknown,,1,slot jmp.l,,
bst:V161:009CEC:F94AD0,$009CEC,OS+0x092EC,mapped-segment1,OS-RAM,$FFF94AD0,$F94AD0,,ROM,direct,binding-slot-target,V161,static-table,unknown,,1,slot jmp.l,,
bst:V161:009CF2:007114,$009CF2,OS+0x092F2,mapped-segment1,OS-RAM,$00007114,$007114,,OS-RAM,direct,binding-slot-target,V161,static-table,unknown,,1,slot jmp.l,,
bst:V161:009CF8:F94C8E,$009CF8,OS+0x092F8,mapped-segment1,OS-RAM,$FFF94C8E,$F94C8E,,ROM,direct,binding-slot-target,V161,static-table,unknown,,1,slot jmp.l,,
bst:V161:009CFE:F94C94,$009CFE,OS+0x092FE,mapped-segment1,OS-RAM,$FFF94C94,$F94C94,,ROM,direct,binding-slot-target,V161,static-table,unknown,,1,slot jmp.l,,
bst:V161:009D04:F94CC4,$009D04,OS+0x09304,mapped-segment1,OS-RAM,$FFF94CC4,$F94CC4,,ROM,direct,binding-slot-target,V161,static-table,unknown,,1,slot jmp.l,,
bst:V161:009D0A:F94CC4,$009D0A,OS+0x0930A,mapped-segment1,OS-RAM,$FFF94CC4,$F94CC4,,ROM,direct,binding-slot-target,V161,static-table,unknown,,1,slot jmp.l,,
bst:V161:009D10:F94CFE,$009D10,OS+0x09310,mapped-segment1,OS-RAM,$FFF94CFE,$F94CFE,,ROM,direct,binding-slot-target,V161,static-table,unknown,,1,slot jmp.l,,
bst:V161:009D16:F94D08,$009D16,OS+0x09316,mapped-segment1,OS-RAM,$FFF94D08,$F94D08,,ROM,direct,binding-slot-target,V161,static-table,unknown,,1,slot jmp.l,,
bst:V161:009D1C:F94D54,$009D1C,OS+0x0931C,mapped-segment1,OS-RAM,$FFF94D54,$F94D54,,ROM,direct,binding-slot-target,V161,static-table,unknown,,1,slot jmp.l,,
bst:V161:009D22:F94D5C,$009D22,OS+0x09322,mapped-segment1,OS-RAM,$FFF94D5C,$F94D5C,,ROM,direct,binding-slot-target,V161,static-table,unknown,,1,slot jmp.l,,
bst:V161:009D28:F94DA0,$009D28,OS+0x09328,mapped-segment1,OS-RAM,$FFF94DA0,$F94DA0,,ROM,direct,binding-slot-target,V161,static-table,unknown,,1,slot jmp.l,,
bst:V161:009D2E:F94DB0,$009D2E,OS+0x0932E,mapped-segment1,OS-RAM,$FFF94DB0,$F94DB0,,ROM,direct,binding-slot-target,V161,static-table,unknown,,1,slot jmp.l,,
bst:V161:009D34:F94DB0,$009D34,OS+0x09334,mapped-segment1,OS-RAM,$FFF94DB0,$F94DB0,,ROM,direct,binding-slot-target,V161,static-table,unknown,,1,slot jmp.l,,
bst:V161:009D3A:F94DD2,$009D3A,OS+0x0933A,mapped-segment1,OS-RAM,$FFF94DD2,$F94DD2,,ROM,direct,binding-slot-target,V161,static-table,unknown,,1,slot jmp.l,,
bst:V161:009D40:F94E28,$009D40,OS+0x09340,mapped-segment1,OS-RAM,$FFF94E28,$F94E28,,ROM,direct,binding-slot-target,V161,static-table,unknown,,1,slot jmp.l,,
bst:V161:009D46:F94F3A,$009D46,OS+0x09346,mapped-segment1,OS-RAM,$FFF94F3A,$F94F3A,,ROM,direct,binding-slot-target,V161,static-table,unknown,,1,slot jmp.l,,
bst:V161:009D4C:F94F26,$009D4C,OS+0x0934C,mapped-segment1,OS-RAM,$FFF94F26,$F94F26,,ROM,direct,binding-slot-target,V161,static-table,unknown,,1,slot jmp.l,,
bst:V161:009D52:F94E4E,$009D52,OS+0x09352,mapped-segment1,OS-RAM,$FFF94E4E,$F94E4E,,ROM,direct,binding-slot-target,V161,static-table,unknown,,1,slot jmp.l,,
bst:V161:009D58:F94E66,$009D58,OS+0x09358,mapped-segment1,OS-RAM,$FFF94E66,$F94E66,,ROM,direct,binding-slot-target,V161,static-table,unknown,,1,slot jmp.l,,
bst:V161:009D5E:F94D28,$009D5E,OS+0x0935E,mapped-segment1,OS-RAM,$FFF94D28,$F94D28,,ROM,direct,binding-slot-target,V161,static-table,unknown,,1,slot jmp.l,,
bst:V161:009D64:F94E7C,$009D64,OS+0x09364,mapped-segment1,OS-RAM,$FFF94E7C,$F94E7C,,ROM,direct,binding-slot-target,V161,static-table,unknown,,1,slot jmp.l,,
bst:V161:009D6A:00DB1E,$009D6A,OS+0x0936A,mapped-segment1,OS-RAM,$0000DB1E,$00DB1E,,OS-RAM,direct,binding-slot-target,V161,static-table,unknown,,1,slot jmp.l,,
bst:V161:009ECC:F94F9A,$009ECC,OS+0x094CC,mapped-segment1,OS-RAM,$FFF94F9A,$F94F9A,,ROM,direct,binding-slot-target,V161,static-table,unknown,,1,slot jmp.l,,
bst:V161:009ED2:F95238,$009ED2,OS+0x094D2,mapped-segment1,OS-RAM,$FFF95238,$F95238,,ROM,direct,binding-slot-target,V161,static-table,unknown,,1,slot jmp.l,,
bst:V161:009ED8:F95058,$009ED8,OS+0x094D8,mapped-segment1,OS-RAM,$FFF95058,$F95058,,ROM,direct,binding-slot-target,V161,static-table,unknown,,1,slot jmp.l,,
bst:V161:009EDE:F950D2,$009EDE,OS+0x094DE,mapped-segment1,OS-RAM,$FFF950D2,$F950D2,,ROM,direct,binding-slot-target,V161,static-table,unknown,,1,slot jmp.l,,
bst:V161:009EE4:F95186,$009EE4,OS+0x094E4,mapped-segment1,OS-RAM,$FFF95186,$F95186,,ROM,direct,binding-slot-target,V161,static-table,unknown,,1,slot jmp.l,,
bst:V161:009EEA:F951F4,$009EEA,OS+0x094EA,mapped-segment1,OS-RAM,$FFF951F4,$F951F4,,ROM,direct,binding-slot-target,V161,static-table,unknown,,1,slot jmp.l,,
bst:V161:009EF0:F95076,$009EF0,OS+0x094F0,mapped-segment1,OS-RAM,$FFF95076,$F95076,,ROM,direct,binding-slot-target,V161,static-table,unknown,,1,slot jmp.l,,
bst:V161:009EF6:F950A0,$009EF6,OS+0x094F6,mapped-segment1,OS-RAM,$FFF950A0,$F950A0,,ROM,direct,binding-slot-target,V161,static-table,unknown,,1,slot jmp.l,,
bst:V161:009EFC:F951FE,$009EFC,OS+0x094FC,mapped-segment1,OS-RAM,$FFF951FE,$F951FE,,ROM,direct,binding-slot-target,V161,static-table,unknown,,1,slot jmp.l,,
bst:V161:009F02:F95250,$009F02,OS+0x09502,mapped-segment1,OS-RAM,$FFF95250,$F95250,,ROM,direct,binding-slot-target,V161,static-table,unknown,,1,slot jmp.l,,
bst:V161:009F08:F95288,$009F08,OS+0x09508,mapped-segment1,OS-RAM,$FFF95288,$F95288,,ROM,direct,binding-slot-target,V161,static-table,unknown,,1,slot jmp.l,,
bst:V161:009F0E:F95318,$009F0E,OS+0x0950E,mapped-segment1,OS-RAM,$FFF95318,$F95318,,ROM,direct,binding-slot-target,V161,static-table,unknown,,1,slot jmp.l,,
bst:V161:009F14:F9532C,$009F14,OS+0x09514,mapped-segment1,OS-RAM,$FFF9532C,$F9532C,,ROM,direct,binding-slot-target,V161,static-table,unknown,,1,slot jmp.l,,
bst:V161:009F1A:F951EA,$009F1A,OS+0x0951A,mapped-segment1,OS-RAM,$FFF951EA,$F951EA,,ROM,direct,binding-slot-target,V161,static-table,unknown,,1,slot jmp.l,,
bst:V161:009F2A:F95382,$009F2A,OS+0x0952A,mapped-segment1,OS-RAM,$FFF95382,$F95382,,ROM,direct,binding-slot-target,V161,static-table,unknown,,1,slot jmp.l,,
bst:V161:009F30:00DB20,$009F30,OS+0x09530,mapped-segment1,OS-RAM,$0000DB20,$00DB20,,OS-RAM,direct,binding-slot-target,V161,static-table,unknown,,1,slot jmp.l,,
bst:V161:009F36:F954F2,$009F36,OS+0x09536,mapped-segment1,OS-RAM,$FFF954F2,$F954F2,,ROM,direct,binding-slot-target,V161,static-table,unknown,,1,slot jmp.l,,
bst:V161:009F3C:F9547C,$009F3C,OS+0x0953C,mapped-segment1,OS-RAM,$FFF9547C,$F9547C,,ROM,direct,binding-slot-target,V161,static-table,unknown,,1,slot jmp.l,,
bst:V161:009F42:F955E4,$009F42,OS+0x09542,mapped-segment1,OS-RAM,$FFF955E4,$F955E4,,ROM,direct,binding-slot-target,V161,static-table,unknown,,1,slot jmp.l,,
bst:V161:009F48:F954E0,$009F48,OS+0x09548,mapped-segment1,OS-RAM,$FFF954E0,$F954E0,,ROM,direct,binding-slot-target,V161,static-table,unknown,,1,slot jmp.l,,
bst:V161:009F4E:F95466,$009F4E,OS+0x0954E,mapped-segment1,OS-RAM,$FFF95466,$F95466,,ROM,direct,binding-slot-target,V161,static-table,unknown,,1,slot jmp.l,,
bst:V161:009F54:F95432,$009F54,OS+0x09554,mapped-segment1,OS-RAM,$FFF95432,$F95432,,ROM,direct,binding-slot-target,V161,static-table,unknown,,1,slot jmp.l,,
bst:V161:009F5A:F95414,$009F5A,OS+0x0955A,mapped-segment1,OS-RAM,$FFF95414,$F95414,,ROM,direct,binding-slot-target,V161,static-table,unknown,,1,slot jmp.l,,
bst:V161:009F60:00DB7E,$009F60,OS+0x09560,mapped-segment1,OS-RAM,$0000DB7E,$00DB7E,,OS-RAM,direct,binding-slot-target,V161,static-table,unknown,,1,slot jmp.l,,
bst:V161:009F66:F955F0,$009F66,OS+0x09566,mapped-segment1,OS-RAM,$FFF955F0,$F955F0,,ROM,direct,binding-slot-target,V161,static-table,unknown,,1,slot jmp.l,,
bst:V161:009F6C:F95730,$009F6C,OS+0x0956C,mapped-segment1,OS-RAM,$FFF95730,$F95730,,ROM,direct,binding-slot-target,V161,static-table,unknown,,1,slot jmp.l,,
bst:V161:009F72:F95800,$009F72,OS+0x09572,mapped-segment1,OS-RAM,$FFF95800,$F95800,,ROM,direct,binding-slot-target,V161,static-table,unknown,,1,slot jmp.l,,
bst:V161:009F78:F9579C,$009F78,OS+0x09578,mapped-segment1,OS-RAM,$FFF9579C,$F9579C,,ROM,direct,binding-slot-target,V161,static-table,unknown,,1,slot jmp.l,,
bst:V161:009F7E:F957C0,$009F7E,OS+0x0957E,mapped-segment1,OS-RAM,$FFF957C0,$F957C0,,ROM,direct,binding-slot-target,V161,static-table,unknown,,1,slot jmp.l,,
bst:V161:009F84:F957DE,$009F84,OS+0x09584,mapped-segment1,OS-RAM,$FFF957DE,$F957DE,,ROM,direct,binding-slot-target,V161,static-table,unknown,,1,slot jmp.l,,
bst:V161:009F8A:F95810,$009F8A,OS+0x0958A,mapped-segment1,OS-RAM,$FFF95810,$F95810,,ROM,direct,binding-slot-target,V161,static-table,unknown,,1,slot jmp.l,,
bst:V161:009F90:F9584A,$009F90,OS+0x09590,mapped-segment1,OS-RAM,$FFF9584A,$F9584A,,ROM,direct,binding-slot-target,V161,static-table,unknown,,1,slot jmp.l,,
bst:V161:009F96:F95992,$009F96,OS+0x09596,mapped-segment1,OS-RAM,$FFF95992,$F95992,,ROM,direct,binding-slot-target,V161,static-table,unknown,,1,slot jmp.l,,
bst:V161:009F9C:F957D0,$009F9C,OS+0x0959C,mapped-segment1,OS-RAM,$FFF957D0,$F957D0,,ROM,direct,binding-slot-target,V161,static-table,unknown,,1,slot jmp.l,,
bst:V161:009FA2:F956F6,$009FA2,OS+0x095A2,mapped-segment1,OS-RAM,$FFF956F6,$F956F6,,ROM,direct,binding-slot-target,V161,static-table,unknown,,1,slot jmp.l,,
bst:V161:009FA8:F959CC,$009FA8,OS+0x095A8,mapped-segment1,OS-RAM,$FFF959CC,$F959CC,,ROM,direct,binding-slot-target,V161,static-table,unknown,,1,slot jmp.l,,
bst:V161:009FAE:F95A9E,$009FAE,OS+0x095AE,mapped-segment1,OS-RAM,$FFF95A9E,$F95A9E,,ROM,direct,binding-slot-target,V161,static-table,unknown,,1,slot jmp.l,,
bst:V161:009FB4:F95AF0,$009FB4,OS+0x095B4,mapped-segment1,OS-RAM,$FFF95AF0,$F95AF0,,ROM,direct,binding-slot-target,V161,static-table,unknown,,1,slot jmp.l,,
bst:V161:009FBA:F95A2A,$009FBA,OS+0x095BA,mapped-segment1,OS-RAM,$FFF95A2A,$F95A2A,,ROM,direct,binding-slot-target,V161,static-table,unknown,,1,slot jmp.l,,
bst:V161:009FC0:F95B3C,$009FC0,OS+0x095C0,mapped-segment1,OS-RAM,$FFF95B3C,$F95B3C,,ROM,direct,binding-slot-target,V161,static-table,unknown,,1,slot jmp.l,,
bst:V161:009FC6:F95B48,$009FC6,OS+0x095C6,mapped-segment1,OS-RAM,$FFF95B48,$F95B48,,ROM,direct,binding-slot-target,V161,static-table,unknown,,1,slot jmp.l,,
bst:V161:009FCC:F95B8C,$009FCC,OS+0x095CC,mapped-segment1,OS-RAM,$FFF95B8C,$F95B8C,,ROM,direct,binding-slot-target,V161,static-table,unknown,,1,slot jmp.l,,
bst:V161:009FD2:F95AD0,$009FD2,OS+0x095D2,mapped-segment1,OS-RAM,$FFF95AD0,$F95AD0,,ROM,direct,binding-slot-target,V161,static-table,unknown,,1,slot jmp.l,,
bst:V161:009FD8:F95BD6,$009FD8,OS+0x095D8,mapped-segment1,OS-RAM,$FFF95BD6,$F95BD6,,ROM,direct,binding-slot-target,V161,static-table,unknown,,1,slot jmp.l,,
bst:V161:009FDE:F95BFA,$009FDE,OS+0x095DE,mapped-segment1,OS-RAM,$FFF95BFA,$F95BFA,,ROM,direct,binding-slot-target,V161,static-table,unknown,,1,slot jmp.l,,
bst:V161:009FE4:F95B02,$009FE4,OS+0x095E4,mapped-segment1,OS-RAM,$FFF95B02,$F95B02,,ROM,direct,binding-slot-target,V161,static-table,unknown,,1,slot jmp.l,,
bst:V161:009FEA:F95C24,$009FEA,OS+0x095EA,mapped-segment1,OS-RAM,$FFF95C24,$F95C24,,ROM,direct,binding-slot-target,V161,static-table,unknown,,1,slot jmp.l,,
bst:V161:009FF0:F95A0A,$009FF0,OS+0x095F0,mapped-segment1,OS-RAM,$FFF95A0A,$F95A0A,,ROM,direct,binding-slot-target,V161,static-table,unknown,,1,slot jmp.l,,
bst:V161:009FF6:F959E0,$009FF6,OS+0x095F6,mapped-segment1,OS-RAM,$FFF959E0,$F959E0,,ROM,direct,binding-slot-target,V161,static-table,unknown,,1,slot jmp.l,,
bst:V161:009FFC:00DB80,$009FFC,OS+0x095FC,mapped-segment1,OS-RAM,$0000DB80,$00DB80,,OS-RAM,direct,binding-slot-target,V161,static-table,unknown,,1,slot jmp.l,,
bst:V350:00801E:0071C6,$00801E,OS+0x0761E,mapped-segment1,OS-RAM,$000071C6,$0071C6,,OS-RAM,direct,binding-slot-target,V350,static-table,unknown,,1,slot jmp.l,,
bst:V350:008024:F97718,$008024,OS+0x07624,mapped-segment1,OS-RAM,$FFF97718,$F97718,,ROM,direct,binding-slot-target,V350,static-table,unknown,,1,slot jmp.l,,
bst:V350:00802A:F9772A,$00802A,OS+0x0762A,mapped-segment1,OS-RAM,$FFF9772A,$F9772A,,ROM,direct,binding-slot-target,V350,static-table,unknown,,1,slot jmp.l,,
bst:V350:008030:F97662,$008030,OS+0x07630,mapped-segment1,OS-RAM,$FFF97662,$F97662,,ROM,direct,binding-slot-target,V350,static-table,unknown,,1,slot jmp.l,,
bst:V350:008036:F976CA,$008036,OS+0x07636,mapped-segment1,OS-RAM,$FFF976CA,$F976CA,,ROM,direct,binding-slot-target,V350,static-table,unknown,,1,slot jmp.l,,
bst:V350:00803C:F977DC,$00803C,OS+0x0763C,mapped-segment1,OS-RAM,$FFF977DC,$F977DC,,ROM,direct,binding-slot-target,V350,static-table,unknown,,1,slot jmp.l,,
bst:V350:008042:FB7788,$008042,OS+0x07642,mapped-segment1,OS-RAM,$FFFB7788,$FB7788,,ROM,direct,binding-slot-target,V350,static-table,unknown,,1,slot jmp.l,,
bst:V350:008638:013FD0,$008638,OS+0x07C38,mapped-segment1,OS-RAM,$00013FD0,$013FD0,,OS-RAM,direct,binding-slot-target,V350,static-table,unknown,,1,slot jmp.l,,
bst:V350:00863E:F88438,$00863E,OS+0x07C3E,mapped-segment1,OS-RAM,$FFF88438,$F88438,,ROM,direct,binding-slot-target,V350,static-table,unknown,,1,slot jmp.l,,
bst:V350:008644:00B008,$008644,OS+0x07C44,mapped-segment1,OS-RAM,$0000B008,$00B008,,OS-RAM,direct,binding-slot-target,V350,static-table,unknown,,1,slot jmp.l,,
bst:V350:00864A:00B04C,$00864A,OS+0x07C4A,mapped-segment1,OS-RAM,$0000B04C,$00B04C,,OS-RAM,direct,binding-slot-target,V350,static-table,unknown,,1,slot jmp.l,,
bst:V350:0086D0:F885C6,$0086D0,OS+0x07CD0,mapped-segment1,OS-RAM,$FFF885C6,$F885C6,,ROM,direct,binding-slot-target,V350,static-table,unknown,,1,slot jmp.l,,
bst:V350:0086D6:F88784,$0086D6,OS+0x07CD6,mapped-segment1,OS-RAM,$FFF88784,$F88784,,ROM,direct,binding-slot-target,V350,static-table,unknown,,1,slot jmp.l,,
bst:V350:0086DC:F8855E,$0086DC,OS+0x07CDC,mapped-segment1,OS-RAM,$FFF8855E,$F8855E,,ROM,direct,binding-slot-target,V350,static-table,unknown,,1,slot jmp.l,,
bst:V350:0086E2:F88512,$0086E2,OS+0x07CE2,mapped-segment1,OS-RAM,$FFF88512,$F88512,,ROM,direct,binding-slot-target,V350,static-table,unknown,,1,slot jmp.l,,
bst:V350:0086E8:F8854A,$0086E8,OS+0x07CE8,mapped-segment1,OS-RAM,$FFF8854A,$F8854A,,ROM,direct,binding-slot-target,V350,static-table,unknown,,1,slot jmp.l,,
bst:V350:0086EE:F88818,$0086EE,OS+0x07CEE,mapped-segment1,OS-RAM,$FFF88818,$F88818,,ROM,direct,binding-slot-target,V350,static-table,unknown,,1,slot jmp.l,,
bst:V350:0086F4:FFA280,$0086F4,OS+0x07CF4,mapped-segment1,OS-RAM,$A280,$FFA280,,HIGH-RAM,direct,binding-slot-target,V350,static-table,unknown,,1,slot jmp.w,,
bst:V350:00877E:F889B2,$00877E,OS+0x07D7E,mapped-segment1,OS-RAM,$FFF889B2,$F889B2,,ROM,direct,binding-slot-target,V350,static-table,unknown,,1,slot jmp.l,,
bst:V350:008784:FFB488,$008784,OS+0x07D84,mapped-segment1,OS-RAM,$B488,$FFB488,,HIGH-RAM,direct,binding-slot-target,V350,static-table,unknown,,1,slot jmp.w,,
bst:V350:008788:FFB43E,$008788,OS+0x07D88,mapped-segment1,OS-RAM,$B43E,$FFB43E,,HIGH-RAM,direct,binding-slot-target,V350,static-table,unknown,,1,slot jmp.w,,
bst:V350:00878C:FFA290,$00878C,OS+0x07D8C,mapped-segment1,OS-RAM,$A290,$FFA290,,HIGH-RAM,direct,binding-slot-target,V350,static-table,unknown,,1,slot jmp.w,,
bst:V350:008790:FFB4CC,$008790,OS+0x07D90,mapped-segment1,OS-RAM,$B4CC,$FFB4CC,,HIGH-RAM,direct,binding-slot-target,V350,static-table,unknown,,1,slot jmp.w,,
bst:V350:008794:FFB78E,$008794,OS+0x07D94,mapped-segment1,OS-RAM,$B78E,$FFB78E,,HIGH-RAM,direct,binding-slot-target,V350,static-table,unknown,,1,slot jmp.w,,
bst:V350:008798:F88458,$008798,OS+0x07D98,mapped-segment1,OS-RAM,$FFF88458,$F88458,,ROM,direct,binding-slot-target,V350,static-table,unknown,,1,slot jmp.l,,
bst:V350:00879E:F8892A,$00879E,OS+0x07D9E,mapped-segment1,OS-RAM,$FFF8892A,$F8892A,,ROM,direct,binding-slot-target,V350,static-table,unknown,,1,slot jmp.l,,
bst:V350:0087A4:F8891C,$0087A4,OS+0x07DA4,mapped-segment1,OS-RAM,$FFF8891C,$F8891C,,ROM,direct,binding-slot-target,V350,static-table,unknown,,1,slot jmp.l,,
bst:V350:0087AA:F88934,$0087AA,OS+0x07DAA,mapped-segment1,OS-RAM,$FFF88934,$F88934,,ROM,direct,binding-slot-target,V350,static-table,unknown,,1,slot jmp.l,,
bst:V350:0087CE:00BAB6,$0087CE,OS+0x07DCE,mapped-segment1,OS-RAM,$0000BAB6,$00BAB6,,OS-RAM,direct,binding-slot-target,V350,static-table,unknown,,1,slot jmp.l,,
bst:V350:0087D4:0024CC,$0087D4,OS+0x07DD4,mapped-segment1,OS-RAM,$24CC,$0024CC,,OS-RAM,direct,binding-slot-target,V350,static-table,unknown,,1,slot jmp.w,,
bst:V350:0087D8:00247A,$0087D8,OS+0x07DD8,mapped-segment1,OS-RAM,$247A,$00247A,,OS-RAM,direct,binding-slot-target,V350,static-table,unknown,,1,slot jmp.w,,
bst:V350:0087DC:002504,$0087DC,OS+0x07DDC,mapped-segment1,OS-RAM,$00002504,$002504,,OS-RAM,direct,binding-slot-target,V350,static-table,unknown,,1,slot jmp.l,,
bst:V350:0087E2:002512,$0087E2,OS+0x07DE2,mapped-segment1,OS-RAM,$00002512,$002512,,OS-RAM,direct,binding-slot-target,V350,static-table,unknown,,1,slot jmp.l,,
bst:V350:0087E8:00251A,$0087E8,OS+0x07DE8,mapped-segment1,OS-RAM,$251A,$00251A,,OS-RAM,direct,binding-slot-target,V350,static-table,unknown,,1,slot jmp.w,,
bst:V350:0087F2:002B5A,$0087F2,OS+0x07DF2,mapped-segment1,OS-RAM,$2B5A,$002B5A,,OS-RAM,direct,binding-slot-target,V350,static-table,unknown,,1,slot jmp.w,,
bst:V350:0087F8:FF8856,$0087F8,OS+0x07DF8,mapped-segment1,OS-RAM,$8856,$FF8856,$008856,HIGH-RAM-ALIAS-CANDIDATE,mirror-hypothesis,binding-slot-target,V350,static-table,unknown,,1,slot jmp.w,,
bst:V350:0087FC:00C5F6,$0087FC,OS+0x07DFC,mapped-segment1,OS-RAM,$0000C5F6,$00C5F6,,OS-RAM,direct,binding-slot-target,V350,static-table,unknown,,1,slot jmp.l,,
bst:V350:008802:002BB0,$008802,OS+0x07E02,mapped-segment1,OS-RAM,$2BB0,$002BB0,,OS-RAM,direct,binding-slot-target,V350,static-table,unknown,,1,slot jmp.w,,
bst:V350:008806:002BF6,$008806,OS+0x07E06,mapped-segment1,OS-RAM,$2BF6,$002BF6,,OS-RAM,direct,binding-slot-target,V350,static-table,unknown,,1,slot jmp.w,,
bst:V350:00880A:00C6E4,$00880A,OS+0x07E0A,mapped-segment1,OS-RAM,$0000C6E4,$00C6E4,,OS-RAM,direct,binding-slot-target,V350,static-table,unknown,,1,slot jmp.l,,
bst:V350:008810:003048,$008810,OS+0x07E10,mapped-segment1,OS-RAM,$3048,$003048,,OS-RAM,direct,binding-slot-target,V350,static-table,unknown,,1,slot jmp.w,,
bst:V350:008814:0030F6,$008814,OS+0x07E14,mapped-segment1,OS-RAM,$30F6,$0030F6,,OS-RAM,direct,binding-slot-target,V350,static-table,unknown,,1,slot jmp.w,,
bst:V350:008818:0033B0,$008818,OS+0x07E18,mapped-segment1,OS-RAM,$33B0,$0033B0,,OS-RAM,direct,binding-slot-target,V350,static-table,unknown,,1,slot jmp.w,,
bst:V350:00881C:00C944,$00881C,OS+0x07E1C,mapped-segment1,OS-RAM,$0000C944,$00C944,,OS-RAM,direct,binding-slot-target,V350,static-table,unknown,,1,slot jmp.l,,
bst:V350:008822:F891E4,$008822,OS+0x07E22,mapped-segment1,OS-RAM,$FFF891E4,$F891E4,,ROM,direct,binding-slot-target,V350,static-table,unknown,,1,slot jmp.l,,
bst:V350:008828:F8920A,$008828,OS+0x07E28,mapped-segment1,OS-RAM,$FFF8920A,$F8920A,,ROM,direct,binding-slot-target,V350,static-table,unknown,,1,slot jmp.l,,
bst:V350:00882E:003818,$00882E,OS+0x07E2E,mapped-segment1,OS-RAM,$3818,$003818,,OS-RAM,direct,binding-slot-target,V350,static-table,unknown,,1,slot jmp.w,,
bst:V350:00885E:F89354,$00885E,OS+0x07E5E,mapped-segment1,OS-RAM,$FFF89354,$F89354,,ROM,direct,binding-slot-target,V350,static-table,unknown,,1,slot jmp.l,,
bst:V350:008886:F8938E,$008886,OS+0x07E86,mapped-segment1,OS-RAM,$FFF8938E,$F8938E,,ROM,direct,binding-slot-target,V350,static-table,unknown,,1,slot jmp.l,,
bst:V350:0088AC:FFA45E,$0088AC,OS+0x07EAC,mapped-segment1,OS-RAM,$A45E,$FFA45E,,HIGH-RAM,direct,binding-slot-target,V350,static-table,unknown,,1,slot jmp.w,,
bst:V350:0088B0:FFA26E,$0088B0,OS+0x07EB0,mapped-segment1,OS-RAM,$A26E,$FFA26E,,HIGH-RAM,direct,binding-slot-target,V350,static-table,unknown,,1,slot jmp.w,,
bst:V350:0088B4:FFA8F8,$0088B4,OS+0x07EB4,mapped-segment1,OS-RAM,$A8F8,$FFA8F8,,HIGH-RAM,direct,binding-slot-target,V350,static-table,unknown,,1,slot jmp.w,,
bst:V350:0088B8:FFA85E,$0088B8,OS+0x07EB8,mapped-segment1,OS-RAM,$A85E,$FFA85E,,HIGH-RAM,direct,binding-slot-target,V350,static-table,unknown,,1,slot jmp.w,,
bst:V350:0088BC:003DD6,$0088BC,OS+0x07EBC,mapped-segment1,OS-RAM,$3DD6,$003DD6,,OS-RAM,direct,binding-slot-target,V350,static-table,unknown,,1,slot jmp.w,,
bst:V350:0088C0:FFA8AC,$0088C0,OS+0x07EC0,mapped-segment1,OS-RAM,$A8AC,$FFA8AC,,HIGH-RAM,direct,binding-slot-target,V350,static-table,unknown,,1,slot jmp.w,,
bst:V350:0088C4:FFA4AC,$0088C4,OS+0x07EC4,mapped-segment1,OS-RAM,$A4AC,$FFA4AC,,HIGH-RAM,direct,binding-slot-target,V350,static-table,unknown,,1,slot jmp.w,,
bst:V350:0088CE:FFB076,$0088CE,OS+0x07ECE,mapped-segment1,OS-RAM,$B076,$FFB076,,HIGH-RAM,direct,binding-slot-target,V350,static-table,unknown,,1,slot jmp.w,,
bst:V350:0088D6:F8974C,$0088D6,OS+0x07ED6,mapped-segment1,OS-RAM,$FFF8974C,$F8974C,,ROM,direct,binding-slot-target,V350,static-table,unknown,,1,slot jmp.l,,
bst:V350:0088DC:00D2D2,$0088DC,OS+0x07EDC,mapped-segment1,OS-RAM,$0000D2D2,$00D2D2,,OS-RAM,direct,binding-slot-target,V350,static-table,unknown,,1,slot jmp.l,,
bst:V350:0088E2:F89A34,$0088E2,OS+0x07EE2,mapped-segment1,OS-RAM,$FFF89A34,$F89A34,,ROM,direct,binding-slot-target,V350,static-table,unknown,,1,slot jmp.l,,
bst:V350:0088E8:F89A5A,$0088E8,OS+0x07EE8,mapped-segment1,OS-RAM,$FFF89A5A,$F89A5A,,ROM,direct,binding-slot-target,V350,static-table,unknown,,1,slot jmp.l,,
bst:V350:008934:F89AD4,$008934,OS+0x07F34,mapped-segment1,OS-RAM,$FFF89AD4,$F89AD4,,ROM,direct,binding-slot-target,V350,static-table,unknown,,1,slot jmp.l,,
bst:V350:00893E:FFB2B6,$00893E,OS+0x07F3E,mapped-segment1,OS-RAM,$B2B6,$FFB2B6,,HIGH-RAM,direct,binding-slot-target,V350,static-table,unknown,,1,slot jmp.w,,
bst:V350:008942:FFB1B0,$008942,OS+0x07F42,mapped-segment1,OS-RAM,$B1B0,$FFB1B0,,HIGH-RAM,direct,binding-slot-target,V350,static-table,unknown,,1,slot jmp.w,,
bst:V350:008946:F89B9A,$008946,OS+0x07F46,mapped-segment1,OS-RAM,$FFF89B9A,$F89B9A,,ROM,direct,binding-slot-target,V350,static-table,unknown,,1,slot jmp.l,,
bst:V350:00894C:FFB56E,$00894C,OS+0x07F4C,mapped-segment1,OS-RAM,$B56E,$FFB56E,,HIGH-RAM,direct,binding-slot-target,V350,static-table,unknown,,1,slot jmp.w,,
bst:V350:008950:F8A002,$008950,OS+0x07F50,mapped-segment1,OS-RAM,$FFF8A002,$F8A002,,ROM,direct,binding-slot-target,V350,static-table,unknown,,1,slot jmp.l,,
bst:V350:008956:FFB7A8,$008956,OS+0x07F56,mapped-segment1,OS-RAM,$B7A8,$FFB7A8,,HIGH-RAM,direct,binding-slot-target,V350,static-table,unknown,,1,slot jmp.w,,
bst:V350:00895A:00390A,$00895A,OS+0x07F5A,mapped-segment1,OS-RAM,$0000390A,$00390A,,OS-RAM,direct,binding-slot-target,V350,static-table,unknown,,1,slot jmp.l,,
bst:V350:008960:F8A0F6,$008960,OS+0x07F60,mapped-segment1,OS-RAM,$FFF8A0F6,$F8A0F6,,ROM,direct,binding-slot-target,V350,static-table,unknown,,1,slot jmp.l,,
bst:V350:008966:F8A11C,$008966,OS+0x07F66,mapped-segment1,OS-RAM,$FFF8A11C,$F8A11C,,ROM,direct,binding-slot-target,V350,static-table,unknown,,1,slot jmp.l,,
bst:V350:00896C:F8A246,$00896C,OS+0x07F6C,mapped-segment1,OS-RAM,$FFF8A246,$F8A246,,ROM,direct,binding-slot-target,V350,static-table,unknown,,1,slot jmp.l,,
bst:V350:008972:F8A44E,$008972,OS+0x07F72,mapped-segment1,OS-RAM,$FFF8A44E,$F8A44E,,ROM,direct,binding-slot-target,V350,static-table,unknown,,1,slot jmp.l,,
bst:V350:008978:00D2DE,$008978,OS+0x07F78,mapped-segment1,OS-RAM,$0000D2DE,$00D2DE,,OS-RAM,direct,binding-slot-target,V350,static-table,unknown,,1,slot jmp.l,,
bst:V350:00897E:F8A69E,$00897E,OS+0x07F7E,mapped-segment1,OS-RAM,$FFF8A69E,$F8A69E,,ROM,direct,binding-slot-target,V350,static-table,unknown,,1,slot jmp.l,,
bst:V350:008984:F8A6F4,$008984,OS+0x07F84,mapped-segment1,OS-RAM,$FFF8A6F4,$F8A6F4,,ROM,direct,binding-slot-target,V350,static-table,unknown,,1,slot jmp.l,,
bst:V350:00898A:F8A71A,$00898A,OS+0x07F8A,mapped-segment1,OS-RAM,$FFF8A71A,$F8A71A,,ROM,direct,binding-slot-target,V350,static-table,unknown,,1,slot jmp.l,,
bst:V350:008990:F8A6FE,$008990,OS+0x07F90,mapped-segment1,OS-RAM,$FFF8A6FE,$F8A6FE,,ROM,direct,binding-slot-target,V350,static-table,unknown,,1,slot jmp.l,,
bst:V350:008996:F8A72C,$008996,OS+0x07F96,mapped-segment1,OS-RAM,$FFF8A72C,$F8A72C,,ROM,direct,binding-slot-target,V350,static-table,unknown,,1,slot jmp.l,,
bst:V350:00899C:003934,$00899C,OS+0x07F9C,mapped-segment1,OS-RAM,$00003934,$003934,,OS-RAM,direct,binding-slot-target,V350,static-table,unknown,,1,slot jmp.l,,
bst:V350:0089A2:003954,$0089A2,OS+0x07FA2,mapped-segment1,OS-RAM,$3954,$003954,,OS-RAM,direct,binding-slot-target,V350,static-table,unknown,,1,slot jmp.w,,
bst:V350:0089A6:00398C,$0089A6,OS+0x07FA6,mapped-segment1,OS-RAM,$398C,$00398C,,OS-RAM,direct,binding-slot-target,V350,static-table,unknown,,1,slot jmp.w,,
bst:V350:0089AA:003A7A,$0089AA,OS+0x07FAA,mapped-segment1,OS-RAM,$3A7A,$003A7A,,OS-RAM,direct,binding-slot-target,V350,static-table,unknown,,1,slot jmp.w,,
bst:V350:0089BA:F8A7DC,$0089BA,OS+0x07FBA,mapped-segment1,OS-RAM,$FFF8A7DC,$F8A7DC,,ROM,direct,binding-slot-target,V350,static-table,unknown,,1,slot jmp.l,,
bst:V350:008B24:00D446,$008B24,OS+0x08124,mapped-segment1,OS-RAM,$0000D446,$00D446,,OS-RAM,direct,binding-slot-target,V350,static-table,unknown,,1,slot jmp.l,,
bst:V350:008B2A:004150,$008B2A,OS+0x0812A,mapped-segment1,OS-RAM,$4150,$004150,,OS-RAM,direct,binding-slot-target,V350,static-table,unknown,,1,slot jmp.w,,
bst:V350:008B2E:004228,$008B2E,OS+0x0812E,mapped-segment1,OS-RAM,$4228,$004228,,OS-RAM,direct,binding-slot-target,V350,static-table,unknown,,1,slot jmp.w,,
bst:V350:008B4C:004626,$008B4C,OS+0x0814C,mapped-segment1,OS-RAM,$4626,$004626,,OS-RAM,direct,binding-slot-target,V350,static-table,unknown,,1,slot jmp.w,,
bst:V350:008B50:004676,$008B50,OS+0x08150,mapped-segment1,OS-RAM,$4676,$004676,,OS-RAM,direct,binding-slot-target,V350,static-table,unknown,,1,slot jmp.w,,
bst:V350:008B54:004BC0,$008B54,OS+0x08154,mapped-segment1,OS-RAM,$4BC0,$004BC0,,OS-RAM,direct,binding-slot-target,V350,static-table,unknown,,1,slot jmp.w,,
bst:V350:008B58:004BCE,$008B58,OS+0x08158,mapped-segment1,OS-RAM,$4BCE,$004BCE,,OS-RAM,direct,binding-slot-target,V350,static-table,unknown,,1,slot jmp.w,,
bst:V350:008B5C:004C10,$008B5C,OS+0x0815C,mapped-segment1,OS-RAM,$4C10,$004C10,,OS-RAM,direct,binding-slot-target,V350,static-table,unknown,,1,slot jmp.w,,
bst:V350:008B78:005CD4,$008B78,OS+0x08178,mapped-segment1,OS-RAM,$5CD4,$005CD4,,OS-RAM,direct,binding-slot-target,V350,static-table,unknown,,1,slot jmp.w,,
bst:V350:008BB0:00DDCA,$008BB0,OS+0x081B0,mapped-segment1,OS-RAM,$0000DDCA,$00DDCA,,OS-RAM,direct,binding-slot-target,V350,static-table,unknown,,1,slot jmp.l,,
bst:V350:008BC2:FFB93A,$008BC2,OS+0x081C2,mapped-segment1,OS-RAM,$B93A,$FFB93A,,HIGH-RAM,direct,binding-slot-target,V350,static-table,unknown,,1,slot jmp.w,,
bst:V350:008BC6:FFBAA8,$008BC6,OS+0x081C6,mapped-segment1,OS-RAM,$BAA8,$FFBAA8,,HIGH-RAM,direct,binding-slot-target,V350,static-table,unknown,,1,slot jmp.w,,
bst:V350:008BCA:F8B152,$008BCA,OS+0x081CA,mapped-segment1,OS-RAM,$FFF8B152,$F8B152,,ROM,direct,binding-slot-target,V350,static-table,unknown,,1,slot jmp.l,,
bst:V350:008BD0:F8B6FC,$008BD0,OS+0x081D0,mapped-segment1,OS-RAM,$FFF8B6FC,$F8B6FC,,ROM,direct,binding-slot-target,V350,static-table,unknown,,1,slot jmp.l,,
bst:V350:008BD6:F8B0EA,$008BD6,OS+0x081D6,mapped-segment1,OS-RAM,$FFF8B0EA,$F8B0EA,,ROM,direct,binding-slot-target,V350,static-table,unknown,,1,slot jmp.l,,
bst:V350:008BDC:F8B11E,$008BDC,OS+0x081DC,mapped-segment1,OS-RAM,$FFF8B11E,$F8B11E,,ROM,direct,binding-slot-target,V350,static-table,unknown,,1,slot jmp.l,,
bst:V350:008BE2:F8B188,$008BE2,OS+0x081E2,mapped-segment1,OS-RAM,$FFF8B188,$F8B188,,ROM,direct,binding-slot-target,V350,static-table,unknown,,1,slot jmp.l,,
bst:V350:008BE8:F8B198,$008BE8,OS+0x081E8,mapped-segment1,OS-RAM,$FFF8B198,$F8B198,,ROM,direct,binding-slot-target,V350,static-table,unknown,,1,slot jmp.l,,
bst:V350:008BEE:F8B1C0,$008BEE,OS+0x081EE,mapped-segment1,OS-RAM,$FFF8B1C0,$F8B1C0,,ROM,direct,binding-slot-target,V350,static-table,unknown,,1,slot jmp.l,,
bst:V350:008BF4:F8B1F0,$008BF4,OS+0x081F4,mapped-segment1,OS-RAM,$FFF8B1F0,$F8B1F0,,ROM,direct,binding-slot-target,V350,static-table,unknown,,1,slot jmp.l,,
bst:V350:008BFA:F8B262,$008BFA,OS+0x081FA,mapped-segment1,OS-RAM,$FFF8B262,$F8B262,,ROM,direct,binding-slot-target,V350,static-table,unknown,,1,slot jmp.l,,
bst:V350:008C00:F8B28E,$008C00,OS+0x08200,mapped-segment1,OS-RAM,$FFF8B28E,$F8B28E,,ROM,direct,binding-slot-target,V350,static-table,unknown,,1,slot jmp.l,,
bst:V350:008C06:F8B2BA,$008C06,OS+0x08206,mapped-segment1,OS-RAM,$FFF8B2BA,$F8B2BA,,ROM,direct,binding-slot-target,V350,static-table,unknown,,1,slot jmp.l,,
bst:V350:008C0C:F8B2E2,$008C0C,OS+0x0820C,mapped-segment1,OS-RAM,$FFF8B2E2,$F8B2E2,,ROM,direct,binding-slot-target,V350,static-table,unknown,,1,slot jmp.l,,
bst:V350:008C12:F8B316,$008C12,OS+0x08212,mapped-segment1,OS-RAM,$FFF8B316,$F8B316,,ROM,direct,binding-slot-target,V350,static-table,unknown,,1,slot jmp.l,,
bst:V350:008C18:F8B2FC,$008C18,OS+0x08218,mapped-segment1,OS-RAM,$FFF8B2FC,$F8B2FC,,ROM,direct,binding-slot-target,V350,static-table,unknown,,1,slot jmp.l,,
bst:V350:008C1E:F8B328,$008C1E,OS+0x0821E,mapped-segment1,OS-RAM,$FFF8B328,$F8B328,,ROM,direct,binding-slot-target,V350,static-table,unknown,,1,slot jmp.l,,
bst:V350:008C24:F8B37A,$008C24,OS+0x08224,mapped-segment1,OS-RAM,$FFF8B37A,$F8B37A,,ROM,direct,binding-slot-target,V350,static-table,unknown,,1,slot jmp.l,,
bst:V350:008C2A:F8B394,$008C2A,OS+0x0822A,mapped-segment1,OS-RAM,$FFF8B394,$F8B394,,ROM,direct,binding-slot-target,V350,static-table,unknown,,1,slot jmp.l,,
bst:V350:008C30:F8B3F0,$008C30,OS+0x08230,mapped-segment1,OS-RAM,$FFF8B3F0,$F8B3F0,,ROM,direct,binding-slot-target,V350,static-table,unknown,,1,slot jmp.l,,
bst:V350:008C36:F8B3D0,$008C36,OS+0x08236,mapped-segment1,OS-RAM,$FFF8B3D0,$F8B3D0,,ROM,direct,binding-slot-target,V350,static-table,unknown,,1,slot jmp.l,,
bst:V350:008C3C:F8B504,$008C3C,OS+0x0823C,mapped-segment1,OS-RAM,$FFF8B504,$F8B504,,ROM,direct,binding-slot-target,V350,static-table,unknown,,1,slot jmp.l,,
bst:V350:008C42:F8B418,$008C42,OS+0x08242,mapped-segment1,OS-RAM,$FFF8B418,$F8B418,,ROM,direct,binding-slot-target,V350,static-table,unknown,,1,slot jmp.l,,
bst:V350:008C48:F8B44A,$008C48,OS+0x08248,mapped-segment1,OS-RAM,$FFF8B44A,$F8B44A,,ROM,direct,binding-slot-target,V350,static-table,unknown,,1,slot jmp.l,,
bst:V350:008C4E:F8B488,$008C4E,OS+0x0824E,mapped-segment1,OS-RAM,$FFF8B488,$F8B488,,ROM,direct,binding-slot-target,V350,static-table,unknown,,1,slot jmp.l,,
bst:V350:008C54:F8B470,$008C54,OS+0x08254,mapped-segment1,OS-RAM,$FFF8B470,$F8B470,,ROM,direct,binding-slot-target,V350,static-table,unknown,,1,slot jmp.l,,
bst:V350:008C5A:F8B4A0,$008C5A,OS+0x0825A,mapped-segment1,OS-RAM,$FFF8B4A0,$F8B4A0,,ROM,direct,binding-slot-target,V350,static-table,unknown,,1,slot jmp.l,,
bst:V350:008C60:F8B568,$008C60,OS+0x08260,mapped-segment1,OS-RAM,$FFF8B568,$F8B568,,ROM,direct,binding-slot-target,V350,static-table,unknown,,1,slot jmp.l,,
bst:V350:008C66:F8B594,$008C66,OS+0x08266,mapped-segment1,OS-RAM,$FFF8B594,$F8B594,,ROM,direct,binding-slot-target,V350,static-table,unknown,,1,slot jmp.l,,
bst:V350:008C6C:F8B62C,$008C6C,OS+0x0826C,mapped-segment1,OS-RAM,$FFF8B62C,$F8B62C,,ROM,direct,binding-slot-target,V350,static-table,unknown,,1,slot jmp.l,,
bst:V350:008C72:FFBCDE,$008C72,OS+0x08272,mapped-segment1,OS-RAM,$FFFFBCDE,$FFBCDE,,HIGH-RAM,direct,binding-slot-target,V350,static-table,unknown,,1,slot jmp.l,,
bst:V350:008C78:F8B674,$008C78,OS+0x08278,mapped-segment1,OS-RAM,$FFF8B674,$F8B674,,ROM,direct,binding-slot-target,V350,static-table,unknown,,1,slot jmp.l,,
bst:V350:008C7E:F8B68C,$008C7E,OS+0x0827E,mapped-segment1,OS-RAM,$FFF8B68C,$F8B68C,,ROM,direct,binding-slot-target,V350,static-table,unknown,,1,slot jmp.l,,
bst:V350:008C84:006402,$008C84,OS+0x08284,mapped-segment1,OS-RAM,$00006402,$006402,,OS-RAM,direct,binding-slot-target,V350,static-table,unknown,,1,slot jmp.l,,
bst:V350:008C8A:FFBB02,$008C8A,OS+0x0828A,mapped-segment1,OS-RAM,$FFFFBB02,$FFBB02,,HIGH-RAM,direct,binding-slot-target,V350,static-table,unknown,,1,slot jmp.l,,
bst:V350:008C90:006F84,$008C90,OS+0x08290,mapped-segment1,OS-RAM,$6F84,$006F84,,OS-RAM,direct,binding-slot-target,V350,static-table,unknown,,1,slot jmp.w,,
bst:V350:008C94:FFB91E,$008C94,OS+0x08294,mapped-segment1,OS-RAM,$B91E,$FFB91E,,HIGH-RAM,direct,binding-slot-target,V350,static-table,unknown,,1,slot jmp.w,,
bst:V350:008C98:FFBAFC,$008C98,OS+0x08298,mapped-segment1,OS-RAM,$BAFC,$FFBAFC,,HIGH-RAM,direct,binding-slot-target,V350,static-table,unknown,,1,slot jmp.w,,
bst:V350:008C9C:FFB81A,$008C9C,OS+0x0829C,mapped-segment1,OS-RAM,$B81A,$FFB81A,,HIGH-RAM,direct,binding-slot-target,V350,static-table,unknown,,1,slot jmp.w,,
bst:V350:008CA0:FFB932,$008CA0,OS+0x082A0,mapped-segment1,OS-RAM,$B932,$FFB932,,HIGH-RAM,direct,binding-slot-target,V350,static-table,unknown,,1,slot jmp.w,,
bst:V350:008CA4:00E036,$008CA4,OS+0x082A4,mapped-segment1,OS-RAM,$0000E036,$00E036,,OS-RAM,direct,binding-slot-target,V350,static-table,unknown,,1,slot jmp.l,,
bst:V350:008CAA:00DF6E,$008CAA,OS+0x082AA,mapped-segment1,OS-RAM,$0000DF6E,$00DF6E,,OS-RAM,direct,binding-slot-target,V350,static-table,unknown,,1,slot jmp.l,,
bst:V350:008CFA:00E094,$008CFA,OS+0x082FA,mapped-segment1,OS-RAM,$0000E094,$00E094,,OS-RAM,direct,binding-slot-target,V350,static-table,unknown,,1,slot jmp.l,,
bst:V350:008D00:00E0A4,$008D00,OS+0x08300,mapped-segment1,OS-RAM,$0000E0A4,$00E0A4,,OS-RAM,direct,binding-slot-target,V350,static-table,unknown,,1,slot jmp.l,,
bst:V350:008D06:F8BCAC,$008D06,OS+0x08306,mapped-segment1,OS-RAM,$FFF8BCAC,$F8BCAC,,ROM,direct,binding-slot-target,V350,static-table,unknown,,1,slot jmp.l,,
bst:V350:008D38:00E176,$008D38,OS+0x08338,mapped-segment1,OS-RAM,$0000E176,$00E176,,OS-RAM,direct,binding-slot-target,V350,static-table,unknown,,1,slot jmp.l,,
bst:V350:008D3E:00E17E,$008D3E,OS+0x0833E,mapped-segment1,OS-RAM,$0000E17E,$00E17E,,OS-RAM,direct,binding-slot-target,V350,static-table,unknown,,1,slot jmp.l,,
bst:V350:008D44:F8C0CE,$008D44,OS+0x08344,mapped-segment1,OS-RAM,$FFF8C0CE,$F8C0CE,,ROM,direct,binding-slot-target,V350,static-table,unknown,,1,slot jmp.l,,
bst:V350:008D4A:00E3AE,$008D4A,OS+0x0834A,mapped-segment1,OS-RAM,$0000E3AE,$00E3AE,,OS-RAM,direct,binding-slot-target,V350,static-table,unknown,,1,slot jmp.l,,
bst:V350:008D50:F8C1BE,$008D50,OS+0x08350,mapped-segment1,OS-RAM,$FFF8C1BE,$F8C1BE,,ROM,direct,binding-slot-target,V350,static-table,unknown,,1,slot jmp.l,,
bst:V350:008D6A:00643C,$008D6A,OS+0x0836A,mapped-segment1,OS-RAM,$643C,$00643C,,OS-RAM,direct,binding-slot-target,V350,static-table,unknown,,1,slot jmp.w,,
bst:V350:008D88:0064BA,$008D88,OS+0x08388,mapped-segment1,OS-RAM,$64BA,$0064BA,,OS-RAM,direct,binding-slot-target,V350,static-table,unknown,,1,slot jmp.w,,
bst:V350:008DA6:00643C,$008DA6,OS+0x083A6,mapped-segment1,OS-RAM,$643C,$00643C,,OS-RAM,direct,binding-slot-target,V350,static-table,unknown,,1,slot jmp.w,,
bst:V350:008DC2:0064BA,$008DC2,OS+0x083C2,mapped-segment1,OS-RAM,$64BA,$0064BA,,OS-RAM,direct,binding-slot-target,V350,static-table,unknown,,1,slot jmp.w,,
bst:V350:008DCC:F8C412,$008DCC,OS+0x083CC,mapped-segment1,OS-RAM,$FFF8C412,$F8C412,,ROM,direct,binding-slot-target,V350,static-table,unknown,,1,slot jmp.l,,
bst:V350:008DD2:017234,$008DD2,OS+0x083D2,mapped-segment1,OS-RAM,$00017234,$017234,,OS-RAM,direct,binding-slot-target,V350,static-table,unknown,,1,slot jmp.l,,
bst:V350:008DF8:007432,$008DF8,OS+0x083F8,mapped-segment1,OS-RAM,$7432,$007432,,OS-RAM,direct,binding-slot-target,V350,static-table,unknown,,1,slot jmp.w,,
bst:V350:008DFE:007432,$008DFE,OS+0x083FE,mapped-segment1,OS-RAM,$7432,$007432,,OS-RAM,direct,binding-slot-target,V350,static-table,unknown,,1,slot jmp.w,,
bst:V350:008E02:00E54E,$008E02,OS+0x08402,mapped-segment1,OS-RAM,$0000E54E,$00E54E,,OS-RAM,direct,binding-slot-target,V350,static-table,unknown,,1,slot jmp.l,,
bst:V350:008E38:F8C994,$008E38,OS+0x08438,mapped-segment1,OS-RAM,$FFF8C994,$F8C994,,ROM,direct,binding-slot-target,V350,static-table,unknown,,1,slot jmp.l,,
bst:V350:008E3E:F8C9AA,$008E3E,OS+0x0843E,mapped-segment1,OS-RAM,$FFF8C9AA,$F8C9AA,,ROM,direct,binding-slot-target,V350,static-table,unknown,,1,slot jmp.l,,
bst:V350:008E44:F8C9CC,$008E44,OS+0x08444,mapped-segment1,OS-RAM,$FFF8C9CC,$F8C9CC,,ROM,direct,binding-slot-target,V350,static-table,unknown,,1,slot jmp.l,,
bst:V350:008E4A:F8C9FE,$008E4A,OS+0x0844A,mapped-segment1,OS-RAM,$FFF8C9FE,$F8C9FE,,ROM,direct,binding-slot-target,V350,static-table,unknown,,1,slot jmp.l,,
bst:V350:008E50:F8CAFA,$008E50,OS+0x08450,mapped-segment1,OS-RAM,$FFF8CAFA,$F8CAFA,,ROM,direct,binding-slot-target,V350,static-table,unknown,,1,slot jmp.l,,
bst:V350:008E56:F8C0E6,$008E56,OS+0x08456,mapped-segment1,OS-RAM,$FFF8C0E6,$F8C0E6,,ROM,direct,binding-slot-target,V350,static-table,unknown,,1,slot jmp.l,,
bst:V350:008E5C:F8CC9A,$008E5C,OS+0x0845C,mapped-segment1,OS-RAM,$FFF8CC9A,$F8CC9A,,ROM,direct,binding-slot-target,V350,static-table,unknown,,1,slot jmp.l,,
bst:V350:008E62:F8CCF6,$008E62,OS+0x08462,mapped-segment1,OS-RAM,$FFF8CCF6,$F8CCF6,,ROM,direct,binding-slot-target,V350,static-table,unknown,,1,slot jmp.l,,
bst:V350:008E68:F8CDDC,$008E68,OS+0x08468,mapped-segment1,OS-RAM,$FFF8CDDC,$F8CDDC,,ROM,direct,binding-slot-target,V350,static-table,unknown,,1,slot jmp.l,,
bst:V350:008E6E:F8CE4A,$008E6E,OS+0x0846E,mapped-segment1,OS-RAM,$FFF8CE4A,$F8CE4A,,ROM,direct,binding-slot-target,V350,static-table,unknown,,1,slot jmp.l,,
bst:V350:008E74:F8CF9C,$008E74,OS+0x08474,mapped-segment1,OS-RAM,$FFF8CF9C,$F8CF9C,,ROM,direct,binding-slot-target,V350,static-table,unknown,,1,slot jmp.l,,
bst:V350:008E7A:00E7B4,$008E7A,OS+0x0847A,mapped-segment1,OS-RAM,$0000E7B4,$00E7B4,,OS-RAM,direct,binding-slot-target,V350,static-table,unknown,,1,slot jmp.l,,
bst:V350:008E80:0067EC,$008E80,OS+0x08480,mapped-segment1,OS-RAM,$000067EC,$0067EC,,OS-RAM,direct,binding-slot-target,V350,static-table,unknown,,1,slot jmp.l,,
bst:V350:008E86:0069FC,$008E86,OS+0x08486,mapped-segment1,OS-RAM,$000069FC,$0069FC,,OS-RAM,direct,binding-slot-target,V350,static-table,unknown,,1,slot jmp.l,,
bst:V350:008EAC:017350,$008EAC,OS+0x084AC,mapped-segment1,OS-RAM,$00017350,$017350,,OS-RAM,direct,binding-slot-target,V350,static-table,unknown,,1,slot jmp.l,,
bst:V350:008EB2:F8DD94,$008EB2,OS+0x084B2,mapped-segment1,OS-RAM,$FFF8DD94,$F8DD94,,ROM,direct,binding-slot-target,V350,static-table,unknown,,1,slot jmp.l,,
bst:V350:008EB8:00EFD0,$008EB8,OS+0x084B8,mapped-segment1,OS-RAM,$0000EFD0,$00EFD0,,OS-RAM,direct,binding-slot-target,V350,static-table,unknown,,1,slot jmp.l,,
bst:V350:008EBE:00EBB2,$008EBE,OS+0x084BE,mapped-segment1,OS-RAM,$0000EBB2,$00EBB2,,OS-RAM,direct,binding-slot-target,V350,static-table,unknown,,1,slot jmp.l,,
bst:V350:008EC4:00EC7C,$008EC4,OS+0x084C4,mapped-segment1,OS-RAM,$0000EC7C,$00EC7C,,OS-RAM,direct,binding-slot-target,V350,static-table,unknown,,1,slot jmp.l,,
bst:V350:008ECA:00ECB0,$008ECA,OS+0x084CA,mapped-segment1,OS-RAM,$0000ECB0,$00ECB0,,OS-RAM,direct,binding-slot-target,V350,static-table,unknown,,1,slot jmp.l,,
bst:V350:008ED0:F8E256,$008ED0,OS+0x084D0,mapped-segment1,OS-RAM,$FFF8E256,$F8E256,,ROM,direct,binding-slot-target,V350,static-table,unknown,,1,slot jmp.l,,
bst:V350:008ED6:F8E338,$008ED6,OS+0x084D6,mapped-segment1,OS-RAM,$FFF8E338,$F8E338,,ROM,direct,binding-slot-target,V350,static-table,unknown,,1,slot jmp.l,,
bst:V350:008EDC:F8E384,$008EDC,OS+0x084DC,mapped-segment1,OS-RAM,$FFF8E384,$F8E384,,ROM,direct,binding-slot-target,V350,static-table,unknown,,1,slot jmp.l,,
bst:V350:008EE2:F8E3D2,$008EE2,OS+0x084E2,mapped-segment1,OS-RAM,$FFF8E3D2,$F8E3D2,,ROM,direct,binding-slot-target,V350,static-table,unknown,,1,slot jmp.l,,
bst:V350:008EE8:00F096,$008EE8,OS+0x084E8,mapped-segment1,OS-RAM,$0000F096,$00F096,,OS-RAM,direct,binding-slot-target,V350,static-table,unknown,,1,slot jmp.l,,
bst:V350:008EEE:F8E46C,$008EEE,OS+0x084EE,mapped-segment1,OS-RAM,$FFF8E46C,$F8E46C,,ROM,direct,binding-slot-target,V350,static-table,unknown,,1,slot jmp.l,,
bst:V350:008EF4:F8E4BA,$008EF4,OS+0x084F4,mapped-segment1,OS-RAM,$FFF8E4BA,$F8E4BA,,ROM,direct,binding-slot-target,V350,static-table,unknown,,1,slot jmp.l,,
bst:V350:008EFA:F8E57E,$008EFA,OS+0x084FA,mapped-segment1,OS-RAM,$FFF8E57E,$F8E57E,,ROM,direct,binding-slot-target,V350,static-table,unknown,,1,slot jmp.l,,
bst:V350:008F00:F8E5DA,$008F00,OS+0x08500,mapped-segment1,OS-RAM,$FFF8E5DA,$F8E5DA,,ROM,direct,binding-slot-target,V350,static-table,unknown,,1,slot jmp.l,,
bst:V350:008F06:F8E63A,$008F06,OS+0x08506,mapped-segment1,OS-RAM,$FFF8E63A,$F8E63A,,ROM,direct,binding-slot-target,V350,static-table,unknown,,1,slot jmp.l,,
bst:V350:008F0C:F8E68C,$008F0C,OS+0x0850C,mapped-segment1,OS-RAM,$FFF8E68C,$F8E68C,,ROM,direct,binding-slot-target,V350,static-table,unknown,,1,slot jmp.l,,
bst:V350:008F18:F8EC52,$008F18,OS+0x08518,mapped-segment1,OS-RAM,$FFF8EC52,$F8EC52,,ROM,direct,binding-slot-target,V350,static-table,unknown,,1,slot jmp.l,,
bst:V350:008F1E:F8EC6A,$008F1E,OS+0x0851E,mapped-segment1,OS-RAM,$FFF8EC6A,$F8EC6A,,ROM,direct,binding-slot-target,V350,static-table,unknown,,1,slot jmp.l,,
bst:V350:008F24:F8ECFA,$008F24,OS+0x08524,mapped-segment1,OS-RAM,$FFF8ECFA,$F8ECFA,,ROM,direct,binding-slot-target,V350,static-table,unknown,,1,slot jmp.l,,
bst:V350:008F2A:F8ED0E,$008F2A,OS+0x0852A,mapped-segment1,OS-RAM,$FFF8ED0E,$F8ED0E,,ROM,direct,binding-slot-target,V350,static-table,unknown,,1,slot jmp.l,,
bst:V350:008F30:F8EDBA,$008F30,OS+0x08530,mapped-segment1,OS-RAM,$FFF8EDBA,$F8EDBA,,ROM,direct,binding-slot-target,V350,static-table,unknown,,1,slot jmp.l,,
bst:V350:008F36:F8EDDC,$008F36,OS+0x08536,mapped-segment1,OS-RAM,$FFF8EDDC,$F8EDDC,,ROM,direct,binding-slot-target,V350,static-table,unknown,,1,slot jmp.l,,
bst:V350:008F3C:F8EF2A,$008F3C,OS+0x0853C,mapped-segment1,OS-RAM,$FFF8EF2A,$F8EF2A,,ROM,direct,binding-slot-target,V350,static-table,unknown,,1,slot jmp.l,,
bst:V350:008F42:F8EFB6,$008F42,OS+0x08542,mapped-segment1,OS-RAM,$FFF8EFB6,$F8EFB6,,ROM,direct,binding-slot-target,V350,static-table,unknown,,1,slot jmp.l,,
bst:V350:008F48:F8EFC6,$008F48,OS+0x08548,mapped-segment1,OS-RAM,$FFF8EFC6,$F8EFC6,,ROM,direct,binding-slot-target,V350,static-table,unknown,,1,slot jmp.l,,
bst:V350:008F4E:F8EFF6,$008F4E,OS+0x0854E,mapped-segment1,OS-RAM,$FFF8EFF6,$F8EFF6,,ROM,direct,binding-slot-target,V350,static-table,unknown,,1,slot jmp.l,,
bst:V350:008F54:F8F008,$008F54,OS+0x08554,mapped-segment1,OS-RAM,$FFF8F008,$F8F008,,ROM,direct,binding-slot-target,V350,static-table,unknown,,1,slot jmp.l,,
bst:V350:008F5A:F8F024,$008F5A,OS+0x0855A,mapped-segment1,OS-RAM,$FFF8F024,$F8F024,,ROM,direct,binding-slot-target,V350,static-table,unknown,,1,slot jmp.l,,
bst:V350:008F60:F8F040,$008F60,OS+0x08560,mapped-segment1,OS-RAM,$FFF8F040,$F8F040,,ROM,direct,binding-slot-target,V350,static-table,unknown,,1,slot jmp.l,,
bst:V350:008F66:F8F054,$008F66,OS+0x08566,mapped-segment1,OS-RAM,$FFF8F054,$F8F054,,ROM,direct,binding-slot-target,V350,static-table,unknown,,1,slot jmp.l,,
bst:V350:008F6C:F8F06C,$008F6C,OS+0x0856C,mapped-segment1,OS-RAM,$FFF8F06C,$F8F06C,,ROM,direct,binding-slot-target,V350,static-table,unknown,,1,slot jmp.l,,
bst:V350:008F72:F8E862,$008F72,OS+0x08572,mapped-segment1,OS-RAM,$FFF8E862,$F8E862,,ROM,direct,binding-slot-target,V350,static-table,unknown,,1,slot jmp.l,,
bst:V350:008F78:F8E87C,$008F78,OS+0x08578,mapped-segment1,OS-RAM,$FFF8E87C,$F8E87C,,ROM,direct,binding-slot-target,V350,static-table,unknown,,1,slot jmp.l,,
bst:V350:008F7E:F8E894,$008F7E,OS+0x0857E,mapped-segment1,OS-RAM,$FFF8E894,$F8E894,,ROM,direct,binding-slot-target,V350,static-table,unknown,,1,slot jmp.l,,
bst:V350:008F84:F8E89A,$008F84,OS+0x08584,mapped-segment1,OS-RAM,$FFF8E89A,$F8E89A,,ROM,direct,binding-slot-target,V350,static-table,unknown,,1,slot jmp.l,,
bst:V350:008F8A:F8E89E,$008F8A,OS+0x0858A,mapped-segment1,OS-RAM,$FFF8E89E,$F8E89E,,ROM,direct,binding-slot-target,V350,static-table,unknown,,1,slot jmp.l,,
bst:V350:008F90:F8E8A4,$008F90,OS+0x08590,mapped-segment1,OS-RAM,$FFF8E8A4,$F8E8A4,,ROM,direct,binding-slot-target,V350,static-table,unknown,,1,slot jmp.l,,
bst:V350:008F96:F8E8A8,$008F96,OS+0x08596,mapped-segment1,OS-RAM,$FFF8E8A8,$F8E8A8,,ROM,direct,binding-slot-target,V350,static-table,unknown,,1,slot jmp.l,,
bst:V350:008F9C:F8E8AE,$008F9C,OS+0x0859C,mapped-segment1,OS-RAM,$FFF8E8AE,$F8E8AE,,ROM,direct,binding-slot-target,V350,static-table,unknown,,1,slot jmp.l,,
bst:V350:008FA2:F8E8B2,$008FA2,OS+0x085A2,mapped-segment1,OS-RAM,$FFF8E8B2,$F8E8B2,,ROM,direct,binding-slot-target,V350,static-table,unknown,,1,slot jmp.l,,
bst:V350:008FA8:F8E8D0,$008FA8,OS+0x085A8,mapped-segment1,OS-RAM,$FFF8E8D0,$F8E8D0,,ROM,direct,binding-slot-target,V350,static-table,unknown,,1,slot jmp.l,,
bst:V350:008FAE:F8E8C2,$008FAE,OS+0x085AE,mapped-segment1,OS-RAM,$FFF8E8C2,$F8E8C2,,ROM,direct,binding-slot-target,V350,static-table,unknown,,1,slot jmp.l,,
bst:V350:008FB4:F8E8DC,$008FB4,OS+0x085B4,mapped-segment1,OS-RAM,$FFF8E8DC,$F8E8DC,,ROM,direct,binding-slot-target,V350,static-table,unknown,,1,slot jmp.l,,
bst:V350:008FBA:F8E8E6,$008FBA,OS+0x085BA,mapped-segment1,OS-RAM,$FFF8E8E6,$F8E8E6,,ROM,direct,binding-slot-target,V350,static-table,unknown,,1,slot jmp.l,,
bst:V350:008FC0:F8E8F0,$008FC0,OS+0x085C0,mapped-segment1,OS-RAM,$FFF8E8F0,$F8E8F0,,ROM,direct,binding-slot-target,V350,static-table,unknown,,1,slot jmp.l,,
bst:V350:008FC6:F8E8FA,$008FC6,OS+0x085C6,mapped-segment1,OS-RAM,$FFF8E8FA,$F8E8FA,,ROM,direct,binding-slot-target,V350,static-table,unknown,,1,slot jmp.l,,
bst:V350:008FCC:F8E904,$008FCC,OS+0x085CC,mapped-segment1,OS-RAM,$FFF8E904,$F8E904,,ROM,direct,binding-slot-target,V350,static-table,unknown,,1,slot jmp.l,,
bst:V350:008FD2:F8E90E,$008FD2,OS+0x085D2,mapped-segment1,OS-RAM,$FFF8E90E,$F8E90E,,ROM,direct,binding-slot-target,V350,static-table,unknown,,1,slot jmp.l,,
bst:V350:008FD8:F8E918,$008FD8,OS+0x085D8,mapped-segment1,OS-RAM,$FFF8E918,$F8E918,,ROM,direct,binding-slot-target,V350,static-table,unknown,,1,slot jmp.l,,
bst:V350:008FDE:F8E922,$008FDE,OS+0x085DE,mapped-segment1,OS-RAM,$FFF8E922,$F8E922,,ROM,direct,binding-slot-target,V350,static-table,unknown,,1,slot jmp.l,,
bst:V350:008FE4:F8E93C,$008FE4,OS+0x085E4,mapped-segment1,OS-RAM,$FFF8E93C,$F8E93C,,ROM,direct,binding-slot-target,V350,static-table,unknown,,1,slot jmp.l,,
bst:V350:008FEA:F8E93E,$008FEA,OS+0x085EA,mapped-segment1,OS-RAM,$FFF8E93E,$F8E93E,,ROM,direct,binding-slot-target,V350,static-table,unknown,,1,slot jmp.l,,
bst:V350:008FF0:F8E948,$008FF0,OS+0x085F0,mapped-segment1,OS-RAM,$FFF8E948,$F8E948,,ROM,direct,binding-slot-target,V350,static-table,unknown,,1,slot jmp.l,,
bst:V350:008FF6:F8E94A,$008FF6,OS+0x085F6,mapped-segment1,OS-RAM,$FFF8E94A,$F8E94A,,ROM,direct,binding-slot-target,V350,static-table,unknown,,1,slot jmp.l,,
bst:V350:008FFC:F8E954,$008FFC,OS+0x085FC,mapped-segment1,OS-RAM,$FFF8E954,$F8E954,,ROM,direct,binding-slot-target,V350,static-table,unknown,,1,slot jmp.l,,
bst:V350:009002:F8E956,$009002,OS+0x08602,mapped-segment1,OS-RAM,$FFF8E956,$F8E956,,ROM,direct,binding-slot-target,V350,static-table,unknown,,1,slot jmp.l,,
bst:V350:009008:F8E960,$009008,OS+0x08608,mapped-segment1,OS-RAM,$FFF8E960,$F8E960,,ROM,direct,binding-slot-target,V350,static-table,unknown,,1,slot jmp.l,,
bst:V350:00900E:F8E962,$00900E,OS+0x0860E,mapped-segment1,OS-RAM,$FFF8E962,$F8E962,,ROM,direct,binding-slot-target,V350,static-table,unknown,,1,slot jmp.l,,
bst:V350:009014:F8E96A,$009014,OS+0x08614,mapped-segment1,OS-RAM,$FFF8E96A,$F8E96A,,ROM,direct,binding-slot-target,V350,static-table,unknown,,1,slot jmp.l,,
bst:V350:00901A:F8E992,$00901A,OS+0x0861A,mapped-segment1,OS-RAM,$FFF8E992,$F8E992,,ROM,direct,binding-slot-target,V350,static-table,unknown,,1,slot jmp.l,,
bst:V350:009020:F8E9A0,$009020,OS+0x08620,mapped-segment1,OS-RAM,$FFF8E9A0,$F8E9A0,,ROM,direct,binding-slot-target,V350,static-table,unknown,,1,slot jmp.l,,
bst:V350:009026:F8E9A6,$009026,OS+0x08626,mapped-segment1,OS-RAM,$FFF8E9A6,$F8E9A6,,ROM,direct,binding-slot-target,V350,static-table,unknown,,1,slot jmp.l,,
bst:V350:00902C:F8E9C0,$00902C,OS+0x0862C,mapped-segment1,OS-RAM,$FFF8E9C0,$F8E9C0,,ROM,direct,binding-slot-target,V350,static-table,unknown,,1,slot jmp.l,,
bst:V350:009032:F8E9CA,$009032,OS+0x08632,mapped-segment1,OS-RAM,$FFF8E9CA,$F8E9CA,,ROM,direct,binding-slot-target,V350,static-table,unknown,,1,slot jmp.l,,
bst:V350:009038:F8E6BE,$009038,OS+0x08638,mapped-segment1,OS-RAM,$FFF8E6BE,$F8E6BE,,ROM,direct,binding-slot-target,V350,static-table,unknown,,1,slot jmp.l,,
bst:V350:00903E:F8E7A6,$00903E,OS+0x0863E,mapped-segment1,OS-RAM,$FFF8E7A6,$F8E7A6,,ROM,direct,binding-slot-target,V350,static-table,unknown,,1,slot jmp.l,,
bst:V350:009044:F8E7DC,$009044,OS+0x08644,mapped-segment1,OS-RAM,$FFF8E7DC,$F8E7DC,,ROM,direct,binding-slot-target,V350,static-table,unknown,,1,slot jmp.l,,
bst:V350:00904A:F8E80C,$00904A,OS+0x0864A,mapped-segment1,OS-RAM,$FFF8E80C,$F8E80C,,ROM,direct,binding-slot-target,V350,static-table,unknown,,1,slot jmp.l,,
bst:V350:009050:F9807A,$009050,OS+0x08650,mapped-segment1,OS-RAM,$FFF9807A,$F9807A,,ROM,direct,binding-slot-target,V350,static-table,unknown,,1,slot jmp.l,,
bst:V350:009056:F980BC,$009056,OS+0x08656,mapped-segment1,OS-RAM,$FFF980BC,$F980BC,,ROM,direct,binding-slot-target,V350,static-table,unknown,,1,slot jmp.l,,
bst:V350:00905C:F98120,$00905C,OS+0x0865C,mapped-segment1,OS-RAM,$FFF98120,$F98120,,ROM,direct,binding-slot-target,V350,static-table,unknown,,1,slot jmp.l,,
bst:V350:009062:F98148,$009062,OS+0x08662,mapped-segment1,OS-RAM,$FFF98148,$F98148,,ROM,direct,binding-slot-target,V350,static-table,unknown,,1,slot jmp.l,,
bst:V350:009068:F97F98,$009068,OS+0x08668,mapped-segment1,OS-RAM,$FFF97F98,$F97F98,,ROM,direct,binding-slot-target,V350,static-table,unknown,,1,slot jmp.l,,
bst:V350:00906E:F98194,$00906E,OS+0x0866E,mapped-segment1,OS-RAM,$FFF98194,$F98194,,ROM,direct,binding-slot-target,V350,static-table,unknown,,1,slot jmp.l,,
bst:V350:009074:F8F258,$009074,OS+0x08674,mapped-segment1,OS-RAM,$FFF8F258,$F8F258,,ROM,direct,binding-slot-target,V350,static-table,unknown,,1,slot jmp.l,,
bst:V350:00907A:F8F284,$00907A,OS+0x0867A,mapped-segment1,OS-RAM,$FFF8F284,$F8F284,,ROM,direct,binding-slot-target,V350,static-table,unknown,,1,slot jmp.l,,
bst:V350:009080:F8E6D0,$009080,OS+0x08680,mapped-segment1,OS-RAM,$FFF8E6D0,$F8E6D0,,ROM,direct,binding-slot-target,V350,static-table,unknown,,1,slot jmp.l,,
bst:V350:009086:F8E720,$009086,OS+0x08686,mapped-segment1,OS-RAM,$FFF8E720,$F8E720,,ROM,direct,binding-slot-target,V350,static-table,unknown,,1,slot jmp.l,,
bst:V350:00908C:F8F142,$00908C,OS+0x0868C,mapped-segment1,OS-RAM,$FFF8F142,$F8F142,,ROM,direct,binding-slot-target,V350,static-table,unknown,,1,slot jmp.l,,
bst:V350:009092:F8F158,$009092,OS+0x08692,mapped-segment1,OS-RAM,$FFF8F158,$F8F158,,ROM,direct,binding-slot-target,V350,static-table,unknown,,1,slot jmp.l,,
bst:V350:009098:F8F16E,$009098,OS+0x08698,mapped-segment1,OS-RAM,$FFF8F16E,$F8F16E,,ROM,direct,binding-slot-target,V350,static-table,unknown,,1,slot jmp.l,,
bst:V350:00909E:F8F18E,$00909E,OS+0x0869E,mapped-segment1,OS-RAM,$FFF8F18E,$F8F18E,,ROM,direct,binding-slot-target,V350,static-table,unknown,,1,slot jmp.l,,
bst:V350:0090A4:F8F1B6,$0090A4,OS+0x086A4,mapped-segment1,OS-RAM,$FFF8F1B6,$F8F1B6,,ROM,direct,binding-slot-target,V350,static-table,unknown,,1,slot jmp.l,,
bst:V350:0090AA:F8E9F4,$0090AA,OS+0x086AA,mapped-segment1,OS-RAM,$FFF8E9F4,$F8E9F4,,ROM,direct,binding-slot-target,V350,static-table,unknown,,1,slot jmp.l,,
bst:V350:0090B0:F8EE4C,$0090B0,OS+0x086B0,mapped-segment1,OS-RAM,$FFF8EE4C,$F8EE4C,,ROM,direct,binding-slot-target,V350,static-table,unknown,,1,slot jmp.l,,
bst:V350:0090B6:F8F09E,$0090B6,OS+0x086B6,mapped-segment1,OS-RAM,$FFF8F09E,$F8F09E,,ROM,direct,binding-slot-target,V350,static-table,unknown,,1,slot jmp.l,,
bst:V350:0090BC:F8EEBC,$0090BC,OS+0x086BC,mapped-segment1,OS-RAM,$FFF8EEBC,$F8EEBC,,ROM,direct,binding-slot-target,V350,static-table,unknown,,1,slot jmp.l,,
bst:V350:0090C2:006FAE,$0090C2,OS+0x086C2,mapped-segment1,OS-RAM,$6FAE,$006FAE,,OS-RAM,direct,binding-slot-target,V350,static-table,unknown,,1,slot jmp.w,,
bst:V350:0090D2:FF8F36,$0090D2,OS+0x086D2,mapped-segment1,OS-RAM,$8F36,$FF8F36,$008F36,HIGH-RAM-ALIAS-CANDIDATE,mirror-hypothesis,binding-slot-target,V350,static-table,unknown,,1,slot jmp.w,,
bst:V350:0090E2:FF8F36,$0090E2,OS+0x086E2,mapped-segment1,OS-RAM,$8F36,$FF8F36,$008F36,HIGH-RAM-ALIAS-CANDIDATE,mirror-hypothesis,binding-slot-target,V350,static-table,unknown,,1,slot jmp.w,,
bst:V350:0090EA:FF90AA,$0090EA,OS+0x086EA,mapped-segment1,OS-RAM,$90AA,$FF90AA,$0090AA,HIGH-RAM-ALIAS-CANDIDATE,mirror-hypothesis,binding-slot-target,V350,static-table,unknown,,1,slot jmp.w,,
bst:V350:0090EE:00FC04,$0090EE,OS+0x086EE,mapped-segment1,OS-RAM,$0000FC04,$00FC04,,OS-RAM,direct,binding-slot-target,V350,static-table,unknown,,1,slot jmp.l,,
bst:V350:0090F4:F8F2D2,$0090F4,OS+0x086F4,mapped-segment1,OS-RAM,$FFF8F2D2,$F8F2D2,,ROM,direct,binding-slot-target,V350,static-table,unknown,,1,slot jmp.l,,
bst:V350:0090FA:010E2E,$0090FA,OS+0x086FA,mapped-segment1,OS-RAM,$00010E2E,$010E2E,,OS-RAM,direct,binding-slot-target,V350,static-table,unknown,,1,slot jmp.l,,
bst:V350:009100:F8F388,$009100,OS+0x08700,mapped-segment1,OS-RAM,$FFF8F388,$F8F388,,ROM,direct,binding-slot-target,V350,static-table,unknown,,1,slot jmp.l,,
bst:V350:009106:F8F38C,$009106,OS+0x08706,mapped-segment1,OS-RAM,$FFF8F38C,$F8F38C,,ROM,direct,binding-slot-target,V350,static-table,unknown,,1,slot jmp.l,,
bst:V350:00910C:F8F460,$00910C,OS+0x0870C,mapped-segment1,OS-RAM,$FFF8F460,$F8F460,,ROM,direct,binding-slot-target,V350,static-table,unknown,,1,slot jmp.l,,
bst:V350:009112:F8F3D6,$009112,OS+0x08712,mapped-segment1,OS-RAM,$FFF8F3D6,$F8F3D6,,ROM,direct,binding-slot-target,V350,static-table,unknown,,1,slot jmp.l,,
bst:V350:009118:010E56,$009118,OS+0x08718,mapped-segment1,OS-RAM,$00010E56,$010E56,,OS-RAM,direct,binding-slot-target,V350,static-table,unknown,,1,slot jmp.l,,
bst:V350:00911E:010E68,$00911E,OS+0x0871E,mapped-segment1,OS-RAM,$00010E68,$010E68,,OS-RAM,direct,binding-slot-target,V350,static-table,unknown,,1,slot jmp.l,,
bst:V350:009124:FF91B8,$009124,OS+0x08724,mapped-segment1,OS-RAM,$FFFF91B8,$FF91B8,$0091B8,HIGH-RAM-ALIAS-CANDIDATE,mirror-hypothesis,binding-slot-target,V350,static-table,unknown,,1,slot jmp.l,,
bst:V350:00912A:FF9232,$00912A,OS+0x0872A,mapped-segment1,OS-RAM,$FFFF9232,$FF9232,$009232,HIGH-RAM-ALIAS-CANDIDATE,mirror-hypothesis,binding-slot-target,V350,static-table,unknown,,1,slot jmp.l,,
bst:V350:009130:FF9244,$009130,OS+0x08730,mapped-segment1,OS-RAM,$FFFF9244,$FF9244,$009244,HIGH-RAM-ALIAS-CANDIDATE,mirror-hypothesis,binding-slot-target,V350,static-table,unknown,,1,slot jmp.l,,
bst:V350:009136:FF9270,$009136,OS+0x08736,mapped-segment1,OS-RAM,$FFFF9270,$FF9270,$009270,HIGH-RAM-ALIAS-CANDIDATE,mirror-hypothesis,binding-slot-target,V350,static-table,unknown,,1,slot jmp.l,,
bst:V350:00913C:FF9298,$00913C,OS+0x0873C,mapped-segment1,OS-RAM,$FFFF9298,$FF9298,$009298,HIGH-RAM-ALIAS-CANDIDATE,mirror-hypothesis,binding-slot-target,V350,static-table,unknown,,1,slot jmp.l,,
bst:V350:009142:FF92B6,$009142,OS+0x08742,mapped-segment1,OS-RAM,$FFFF92B6,$FF92B6,$0092B6,HIGH-RAM-ALIAS-CANDIDATE,mirror-hypothesis,binding-slot-target,V350,static-table,unknown,,1,slot jmp.l,,
bst:V350:009148:FF9348,$009148,OS+0x08748,mapped-segment1,OS-RAM,$FFFF9348,$FF9348,$009348,HIGH-RAM-ALIAS-CANDIDATE,mirror-hypothesis,binding-slot-target,V350,static-table,unknown,,1,slot jmp.l,,
bst:V350:00914E:FF92A4,$00914E,OS+0x0874E,mapped-segment1,OS-RAM,$FFFF92A4,$FF92A4,$0092A4,HIGH-RAM-ALIAS-CANDIDATE,mirror-hypothesis,binding-slot-target,V350,static-table,unknown,,1,slot jmp.l,,
bst:V350:009154:FF92E2,$009154,OS+0x08754,mapped-segment1,OS-RAM,$FFFF92E2,$FF92E2,$0092E2,HIGH-RAM-ALIAS-CANDIDATE,mirror-hypothesis,binding-slot-target,V350,static-table,unknown,,1,slot jmp.l,,
bst:V350:00915A:FF9340,$00915A,OS+0x0875A,mapped-segment1,OS-RAM,$FFFF9340,$FF9340,$009340,HIGH-RAM-ALIAS-CANDIDATE,mirror-hypothesis,binding-slot-target,V350,static-table,unknown,,1,slot jmp.l,,
bst:V350:009160:FF92EA,$009160,OS+0x08760,mapped-segment1,OS-RAM,$FFFF92EA,$FF92EA,$0092EA,HIGH-RAM-ALIAS-CANDIDATE,mirror-hypothesis,binding-slot-target,V350,static-table,unknown,,1,slot jmp.l,,
bst:V350:0091C4:FF9142,$0091C4,OS+0x087C4,mapped-segment1,OS-RAM,$9142,$FF9142,$009142,HIGH-RAM-ALIAS-CANDIDATE,mirror-hypothesis,binding-slot-target,V350,static-table,unknown,,1,slot jmp.w,,
bst:V350:0091CA:FF9130,$0091CA,OS+0x087CA,mapped-segment1,OS-RAM,$9130,$FF9130,$009130,HIGH-RAM-ALIAS-CANDIDATE,mirror-hypothesis,binding-slot-target,V350,static-table,unknown,,1,slot jmp.w,,
bst:V350:0091EA:FF9148,$0091EA,OS+0x087EA,mapped-segment1,OS-RAM,$9148,$FF9148,$009148,HIGH-RAM-ALIAS-CANDIDATE,mirror-hypothesis,binding-slot-target,V350,static-table,unknown,,1,slot jmp.w,,
bst:V350:0091EE:FF913C,$0091EE,OS+0x087EE,mapped-segment1,OS-RAM,$913C,$FF913C,$00913C,HIGH-RAM-ALIAS-CANDIDATE,mirror-hypothesis,binding-slot-target,V350,static-table,unknown,,1,slot jmp.w,,
bst:V350:00923E:FF95DE,$00923E,OS+0x0883E,mapped-segment1,OS-RAM,$95DE,$FF95DE,$0095DE,HIGH-RAM-ALIAS-CANDIDATE,mirror-hypothesis,binding-slot-target,V350,static-table,unknown,,1,slot jmp.w,,
bst:V350:0092A4:FF913C,$0092A4,OS+0x088A4,mapped-segment1,OS-RAM,$913C,$FF913C,$00913C,HIGH-RAM-ALIAS-CANDIDATE,mirror-hypothesis,binding-slot-target,V350,static-table,unknown,,1,slot jmp.w,,
bst:V350:0092B6:FF913C,$0092B6,OS+0x088B6,mapped-segment1,OS-RAM,$913C,$FF913C,$00913C,HIGH-RAM-ALIAS-CANDIDATE,mirror-hypothesis,binding-slot-target,V350,static-table,unknown,,1,slot jmp.w,,
bst:V350:009308:FF913C,$009308,OS+0x08908,mapped-segment1,OS-RAM,$913C,$FF913C,$00913C,HIGH-RAM-ALIAS-CANDIDATE,mirror-hypothesis,binding-slot-target,V350,static-table,unknown,,1,slot jmp.w,,
bst:V350:00931E:FF913C,$00931E,OS+0x0891E,mapped-segment1,OS-RAM,$913C,$FF913C,$00913C,HIGH-RAM-ALIAS-CANDIDATE,mirror-hypothesis,binding-slot-target,V350,static-table,unknown,,1,slot jmp.w,,
bst:V350:009326:FF9130,$009326,OS+0x08926,mapped-segment1,OS-RAM,$9130,$FF9130,$009130,HIGH-RAM-ALIAS-CANDIDATE,mirror-hypothesis,binding-slot-target,V350,static-table,unknown,,1,slot jmp.w,,
bst:V350:009368:F8F4D8,$009368,OS+0x08968,mapped-segment1,OS-RAM,$FFF8F4D8,$F8F4D8,,ROM,direct,binding-slot-target,V350,static-table,unknown,,1,slot jmp.l,,
bst:V350:00936E:F8FB1A,$00936E,OS+0x0896E,mapped-segment1,OS-RAM,$FFF8FB1A,$F8FB1A,,ROM,direct,binding-slot-target,V350,static-table,unknown,,1,slot jmp.l,,
bst:V350:009374:F8F50A,$009374,OS+0x08974,mapped-segment1,OS-RAM,$FFF8F50A,$F8F50A,,ROM,direct,binding-slot-target,V350,static-table,unknown,,1,slot jmp.l,,
bst:V350:00937A:F8FAD2,$00937A,OS+0x0897A,mapped-segment1,OS-RAM,$FFF8FAD2,$F8FAD2,,ROM,direct,binding-slot-target,V350,static-table,unknown,,1,slot jmp.l,,
bst:V350:009380:F8FAC6,$009380,OS+0x08980,mapped-segment1,OS-RAM,$FFF8FAC6,$F8FAC6,,ROM,direct,binding-slot-target,V350,static-table,unknown,,1,slot jmp.l,,
bst:V350:009386:F8FB0A,$009386,OS+0x08986,mapped-segment1,OS-RAM,$FFF8FB0A,$F8FB0A,,ROM,direct,binding-slot-target,V350,static-table,unknown,,1,slot jmp.l,,
bst:V350:00938C:F8F9F6,$00938C,OS+0x0898C,mapped-segment1,OS-RAM,$FFF8F9F6,$F8F9F6,,ROM,direct,binding-slot-target,V350,static-table,unknown,,1,slot jmp.l,,
bst:V350:009392:F8FA58,$009392,OS+0x08992,mapped-segment1,OS-RAM,$FFF8FA58,$F8FA58,,ROM,direct,binding-slot-target,V350,static-table,unknown,,1,slot jmp.l,,
bst:V350:009398:F8FBFC,$009398,OS+0x08998,mapped-segment1,OS-RAM,$FFF8FBFC,$F8FBFC,,ROM,direct,binding-slot-target,V350,static-table,unknown,,1,slot jmp.l,,
bst:V350:00939E:F8F89C,$00939E,OS+0x0899E,mapped-segment1,OS-RAM,$FFF8F89C,$F8F89C,,ROM,direct,binding-slot-target,V350,static-table,unknown,,1,slot jmp.l,,
bst:V350:0093A4:F8F8BA,$0093A4,OS+0x089A4,mapped-segment1,OS-RAM,$FFF8F8BA,$F8F8BA,,ROM,direct,binding-slot-target,V350,static-table,unknown,,1,slot jmp.l,,
bst:V350:0093AA:F8F8E0,$0093AA,OS+0x089AA,mapped-segment1,OS-RAM,$FFF8F8E0,$F8F8E0,,ROM,direct,binding-slot-target,V350,static-table,unknown,,1,slot jmp.l,,
bst:V350:0093B0:F8F974,$0093B0,OS+0x089B0,mapped-segment1,OS-RAM,$FFF8F974,$F8F974,,ROM,direct,binding-slot-target,V350,static-table,unknown,,1,slot jmp.l,,
bst:V350:0093B6:F8F9B6,$0093B6,OS+0x089B6,mapped-segment1,OS-RAM,$FFF8F9B6,$F8F9B6,,ROM,direct,binding-slot-target,V350,static-table,unknown,,1,slot jmp.l,,
bst:V350:0093BC:F8F9D4,$0093BC,OS+0x089BC,mapped-segment1,OS-RAM,$FFF8F9D4,$F8F9D4,,ROM,direct,binding-slot-target,V350,static-table,unknown,,1,slot jmp.l,,
bst:V350:0093C2:F8FA0C,$0093C2,OS+0x089C2,mapped-segment1,OS-RAM,$FFF8FA0C,$F8FA0C,,ROM,direct,binding-slot-target,V350,static-table,unknown,,1,slot jmp.l,,
bst:V350:0093C8:F8FA24,$0093C8,OS+0x089C8,mapped-segment1,OS-RAM,$FFF8FA24,$F8FA24,,ROM,direct,binding-slot-target,V350,static-table,unknown,,1,slot jmp.l,,
bst:V350:0093CE:F8FA60,$0093CE,OS+0x089CE,mapped-segment1,OS-RAM,$FFF8FA60,$F8FA60,,ROM,direct,binding-slot-target,V350,static-table,unknown,,1,slot jmp.l,,
bst:V350:0093D4:F8FA68,$0093D4,OS+0x089D4,mapped-segment1,OS-RAM,$FFF8FA68,$F8FA68,,ROM,direct,binding-slot-target,V350,static-table,unknown,,1,slot jmp.l,,
bst:V350:0093DA:F8FB36,$0093DA,OS+0x089DA,mapped-segment1,OS-RAM,$FFF8FB36,$F8FB36,,ROM,direct,binding-slot-target,V350,static-table,unknown,,1,slot jmp.l,,
bst:V350:0093E0:F8FC98,$0093E0,OS+0x089E0,mapped-segment1,OS-RAM,$FFF8FC98,$F8FC98,,ROM,direct,binding-slot-target,V350,static-table,unknown,,1,slot jmp.l,,
bst:V350:0093E6:F8FCC4,$0093E6,OS+0x089E6,mapped-segment1,OS-RAM,$FFF8FCC4,$F8FCC4,,ROM,direct,binding-slot-target,V350,static-table,unknown,,1,slot jmp.l,,
bst:V350:0093EC:F8FCC6,$0093EC,OS+0x089EC,mapped-segment1,OS-RAM,$FFF8FCC6,$F8FCC6,,ROM,direct,binding-slot-target,V350,static-table,unknown,,1,slot jmp.l,,
bst:V350:0093F2:F8FCCE,$0093F2,OS+0x089F2,mapped-segment1,OS-RAM,$FFF8FCCE,$F8FCCE,,ROM,direct,binding-slot-target,V350,static-table,unknown,,1,slot jmp.l,,
bst:V350:0093F8:F8FCE8,$0093F8,OS+0x089F8,mapped-segment1,OS-RAM,$FFF8FCE8,$F8FCE8,,ROM,direct,binding-slot-target,V350,static-table,unknown,,1,slot jmp.l,,
bst:V350:0093FE:F8FD0A,$0093FE,OS+0x089FE,mapped-segment1,OS-RAM,$FFF8FD0A,$F8FD0A,,ROM,direct,binding-slot-target,V350,static-table,unknown,,1,slot jmp.l,,
bst:V350:009404:F8FD3E,$009404,OS+0x08A04,mapped-segment1,OS-RAM,$FFF8FD3E,$F8FD3E,,ROM,direct,binding-slot-target,V350,static-table,unknown,,1,slot jmp.l,,
bst:V350:00940A:F8F6B4,$00940A,OS+0x08A0A,mapped-segment1,OS-RAM,$FFF8F6B4,$F8F6B4,,ROM,direct,binding-slot-target,V350,static-table,unknown,,1,slot jmp.l,,
bst:V350:009410:F8F780,$009410,OS+0x08A10,mapped-segment1,OS-RAM,$FFF8F780,$F8F780,,ROM,direct,binding-slot-target,V350,static-table,unknown,,1,slot jmp.l,,
bst:V350:009416:F8F862,$009416,OS+0x08A16,mapped-segment1,OS-RAM,$FFF8F862,$F8F862,,ROM,direct,binding-slot-target,V350,static-table,unknown,,1,slot jmp.l,,
bst:V350:009448:F8FD46,$009448,OS+0x08A48,mapped-segment1,OS-RAM,$FFF8FD46,$F8FD46,,ROM,direct,binding-slot-target,V350,static-table,unknown,,1,slot jmp.l,,
bst:V350:00944E:F8FD6C,$00944E,OS+0x08A4E,mapped-segment1,OS-RAM,$FFF8FD6C,$F8FD6C,,ROM,direct,binding-slot-target,V350,static-table,unknown,,1,slot jmp.l,,
bst:V350:009454:F8FE24,$009454,OS+0x08A54,mapped-segment1,OS-RAM,$FFF8FE24,$F8FE24,,ROM,direct,binding-slot-target,V350,static-table,unknown,,1,slot jmp.l,,
bst:V350:00945A:010EC8,$00945A,OS+0x08A5A,mapped-segment1,OS-RAM,$00010EC8,$010EC8,,OS-RAM,direct,binding-slot-target,V350,static-table,unknown,,1,slot jmp.l,,
bst:V350:009460:F8FD96,$009460,OS+0x08A60,mapped-segment1,OS-RAM,$FFF8FD96,$F8FD96,,ROM,direct,binding-slot-target,V350,static-table,unknown,,1,slot jmp.l,,
bst:V350:009466:F8FFAE,$009466,OS+0x08A66,mapped-segment1,OS-RAM,$FFF8FFAE,$F8FFAE,,ROM,direct,binding-slot-target,V350,static-table,unknown,,1,slot jmp.l,,
bst:V350:00946C:F8FF08,$00946C,OS+0x08A6C,mapped-segment1,OS-RAM,$FFF8FF08,$F8FF08,,ROM,direct,binding-slot-target,V350,static-table,unknown,,1,slot jmp.l,,
bst:V350:009472:F8FE54,$009472,OS+0x08A72,mapped-segment1,OS-RAM,$FFF8FE54,$F8FE54,,ROM,direct,binding-slot-target,V350,static-table,unknown,,1,slot jmp.l,,
bst:V350:009478:F8FF2C,$009478,OS+0x08A78,mapped-segment1,OS-RAM,$FFF8FF2C,$F8FF2C,,ROM,direct,binding-slot-target,V350,static-table,unknown,,1,slot jmp.l,,
bst:V350:00947E:F90028,$00947E,OS+0x08A7E,mapped-segment1,OS-RAM,$FFF90028,$F90028,,ROM,direct,binding-slot-target,V350,static-table,unknown,,1,slot jmp.l,,
bst:V350:009484:F8FFC8,$009484,OS+0x08A84,mapped-segment1,OS-RAM,$FFF8FFC8,$F8FFC8,,ROM,direct,binding-slot-target,V350,static-table,unknown,,1,slot jmp.l,,
bst:V350:00948A:F90020,$00948A,OS+0x08A8A,mapped-segment1,OS-RAM,$FFF90020,$F90020,,ROM,direct,binding-slot-target,V350,static-table,unknown,,1,slot jmp.l,,
bst:V350:009490:010EAE,$009490,OS+0x08A90,mapped-segment1,OS-RAM,$00010EAE,$010EAE,,OS-RAM,direct,binding-slot-target,V350,static-table,unknown,,1,slot jmp.l,,
bst:V350:009496:F90108,$009496,OS+0x08A96,mapped-segment1,OS-RAM,$FFF90108,$F90108,,ROM,direct,binding-slot-target,V350,static-table,unknown,,1,slot jmp.l,,
bst:V350:00949C:F900B0,$00949C,OS+0x08A9C,mapped-segment1,OS-RAM,$FFF900B0,$F900B0,,ROM,direct,binding-slot-target,V350,static-table,unknown,,1,slot jmp.l,,
bst:V350:0094A2:F8FE82,$0094A2,OS+0x08AA2,mapped-segment1,OS-RAM,$FFF8FE82,$F8FE82,,ROM,direct,binding-slot-target,V350,static-table,unknown,,1,slot jmp.l,,
bst:V350:0094A8:F8FE7E,$0094A8,OS+0x08AA8,mapped-segment1,OS-RAM,$FFF8FE7E,$F8FE7E,,ROM,direct,binding-slot-target,V350,static-table,unknown,,1,slot jmp.l,,
bst:V350:0094AE:F8FEA8,$0094AE,OS+0x08AAE,mapped-segment1,OS-RAM,$FFF8FEA8,$F8FEA8,,ROM,direct,binding-slot-target,V350,static-table,unknown,,1,slot jmp.l,,
bst:V350:0094B4:F8FEA4,$0094B4,OS+0x08AB4,mapped-segment1,OS-RAM,$FFF8FEA4,$F8FEA4,,ROM,direct,binding-slot-target,V350,static-table,unknown,,1,slot jmp.l,,
bst:V350:0094BA:F8FEDE,$0094BA,OS+0x08ABA,mapped-segment1,OS-RAM,$FFF8FEDE,$F8FEDE,,ROM,direct,binding-slot-target,V350,static-table,unknown,,1,slot jmp.l,,
bst:V350:0094C0:F8FF74,$0094C0,OS+0x08AC0,mapped-segment1,OS-RAM,$FFF8FF74,$F8FF74,,ROM,direct,binding-slot-target,V350,static-table,unknown,,1,slot jmp.l,,
bst:V350:0094C6:F90016,$0094C6,OS+0x08AC6,mapped-segment1,OS-RAM,$FFF90016,$F90016,,ROM,direct,binding-slot-target,V350,static-table,unknown,,1,slot jmp.l,,
bst:V350:0094CC:F8FEEE,$0094CC,OS+0x08ACC,mapped-segment1,OS-RAM,$FFF8FEEE,$F8FEEE,,ROM,direct,binding-slot-target,V350,static-table,unknown,,1,slot jmp.l,,
bst:V350:0094D2:010ED4,$0094D2,OS+0x08AD2,mapped-segment1,OS-RAM,$00010ED4,$010ED4,,OS-RAM,direct,binding-slot-target,V350,static-table,unknown,,1,slot jmp.l,,
bst:V350:0094D8:F8FE02,$0094D8,OS+0x08AD8,mapped-segment1,OS-RAM,$FFF8FE02,$F8FE02,,ROM,direct,binding-slot-target,V350,static-table,unknown,,1,slot jmp.l,,
bst:V350:0094DE:F8FE5C,$0094DE,OS+0x08ADE,mapped-segment1,OS-RAM,$FFF8FE5C,$F8FE5C,,ROM,direct,binding-slot-target,V350,static-table,unknown,,1,slot jmp.l,,
bst:V350:0094E4:F8FFC0,$0094E4,OS+0x08AE4,mapped-segment1,OS-RAM,$FFF8FFC0,$F8FFC0,,ROM,direct,binding-slot-target,V350,static-table,unknown,,1,slot jmp.l,,
bst:V350:0094EA:F8FF2A,$0094EA,OS+0x08AEA,mapped-segment1,OS-RAM,$FFF8FF2A,$F8FF2A,,ROM,direct,binding-slot-target,V350,static-table,unknown,,1,slot jmp.l,,
bst:V350:0094F0:F8FF70,$0094F0,OS+0x08AF0,mapped-segment1,OS-RAM,$FFF8FF70,$F8FF70,,ROM,direct,binding-slot-target,V350,static-table,unknown,,1,slot jmp.l,,
bst:V350:0094F6:F901C8,$0094F6,OS+0x08AF6,mapped-segment1,OS-RAM,$FFF901C8,$F901C8,,ROM,direct,binding-slot-target,V350,static-table,unknown,,1,slot jmp.l,,
bst:V350:0094FC:F9018E,$0094FC,OS+0x08AFC,mapped-segment1,OS-RAM,$FFF9018E,$F9018E,,ROM,direct,binding-slot-target,V350,static-table,unknown,,1,slot jmp.l,,
bst:V350:009502:F90318,$009502,OS+0x08B02,mapped-segment1,OS-RAM,$FFF90318,$F90318,,ROM,direct,binding-slot-target,V350,static-table,unknown,,1,slot jmp.l,,
bst:V350:009508:010F7E,$009508,OS+0x08B08,mapped-segment1,OS-RAM,$00010F7E,$010F7E,,OS-RAM,direct,binding-slot-target,V350,static-table,unknown,,1,slot jmp.l,,
bst:V350:00950E:F902CC,$00950E,OS+0x08B0E,mapped-segment1,OS-RAM,$FFF902CC,$F902CC,,ROM,direct,binding-slot-target,V350,static-table,unknown,,1,slot jmp.l,,
bst:V350:009514:007166,$009514,OS+0x08B14,mapped-segment1,OS-RAM,$00007166,$007166,,OS-RAM,direct,binding-slot-target,V350,static-table,unknown,,1,slot jmp.l,,
bst:V350:00951A:F90144,$00951A,OS+0x08B1A,mapped-segment1,OS-RAM,$FFF90144,$F90144,,ROM,direct,binding-slot-target,V350,static-table,unknown,,1,slot jmp.l,,
bst:V350:009520:010F0A,$009520,OS+0x08B20,mapped-segment1,OS-RAM,$00010F0A,$010F0A,,OS-RAM,direct,binding-slot-target,V350,static-table,unknown,,1,slot jmp.l,,
bst:V350:009526:F9042A,$009526,OS+0x08B26,mapped-segment1,OS-RAM,$FFF9042A,$F9042A,,ROM,direct,binding-slot-target,V350,static-table,unknown,,1,slot jmp.l,,
bst:V350:00952C:F902A6,$00952C,OS+0x08B2C,mapped-segment1,OS-RAM,$FFF902A6,$F902A6,,ROM,direct,binding-slot-target,V350,static-table,unknown,,1,slot jmp.l,,
bst:V350:009532:F90352,$009532,OS+0x08B32,mapped-segment1,OS-RAM,$FFF90352,$F90352,,ROM,direct,binding-slot-target,V350,static-table,unknown,,1,slot jmp.l,,
bst:V350:009538:F903D0,$009538,OS+0x08B38,mapped-segment1,OS-RAM,$FFF903D0,$F903D0,,ROM,direct,binding-slot-target,V350,static-table,unknown,,1,slot jmp.l,,
bst:V350:00953E:F9047C,$00953E,OS+0x08B3E,mapped-segment1,OS-RAM,$FFF9047C,$F9047C,,ROM,direct,binding-slot-target,V350,static-table,unknown,,1,slot jmp.l,,
bst:V350:009544:F904E2,$009544,OS+0x08B44,mapped-segment1,OS-RAM,$FFF904E2,$F904E2,,ROM,direct,binding-slot-target,V350,static-table,unknown,,1,slot jmp.l,,
bst:V350:00954A:F9051C,$00954A,OS+0x08B4A,mapped-segment1,OS-RAM,$FFF9051C,$F9051C,,ROM,direct,binding-slot-target,V350,static-table,unknown,,1,slot jmp.l,,
bst:V350:009550:F90566,$009550,OS+0x08B50,mapped-segment1,OS-RAM,$FFF90566,$F90566,,ROM,direct,binding-slot-target,V350,static-table,unknown,,1,slot jmp.l,,
bst:V350:009556:F9056E,$009556,OS+0x08B56,mapped-segment1,OS-RAM,$FFF9056E,$F9056E,,ROM,direct,binding-slot-target,V350,static-table,unknown,,1,slot jmp.l,,
bst:V350:00955C:010F72,$00955C,OS+0x08B5C,mapped-segment1,OS-RAM,$00010F72,$010F72,,OS-RAM,direct,binding-slot-target,V350,static-table,unknown,,1,slot jmp.l,,
bst:V350:009562:F901D8,$009562,OS+0x08B62,mapped-segment1,OS-RAM,$FFF901D8,$F901D8,,ROM,direct,binding-slot-target,V350,static-table,unknown,,1,slot jmp.l,,
bst:V350:00957E:F906A8,$00957E,OS+0x08B7E,mapped-segment1,OS-RAM,$FFF906A8,$F906A8,,ROM,direct,binding-slot-target,V350,static-table,unknown,,1,slot jmp.l,,
bst:V350:009584:F906A0,$009584,OS+0x08B84,mapped-segment1,OS-RAM,$FFF906A0,$F906A0,,ROM,direct,binding-slot-target,V350,static-table,unknown,,1,slot jmp.l,,
bst:V350:00958A:F906A6,$00958A,OS+0x08B8A,mapped-segment1,OS-RAM,$FFF906A6,$F906A6,,ROM,direct,binding-slot-target,V350,static-table,unknown,,1,slot jmp.l,,
bst:V350:009590:F906D4,$009590,OS+0x08B90,mapped-segment1,OS-RAM,$FFF906D4,$F906D4,,ROM,direct,binding-slot-target,V350,static-table,unknown,,1,slot jmp.l,,
bst:V350:009596:F90868,$009596,OS+0x08B96,mapped-segment1,OS-RAM,$FFF90868,$F90868,,ROM,direct,binding-slot-target,V350,static-table,unknown,,1,slot jmp.l,,
bst:V350:00959C:F90854,$00959C,OS+0x08B9C,mapped-segment1,OS-RAM,$FFF90854,$F90854,,ROM,direct,binding-slot-target,V350,static-table,unknown,,1,slot jmp.l,,
bst:V350:0095A2:F916D0,$0095A2,OS+0x08BA2,mapped-segment1,OS-RAM,$FFF916D0,$F916D0,,ROM,direct,binding-slot-target,V350,static-table,unknown,,1,slot jmp.l,,
bst:V350:0095A8:F916C6,$0095A8,OS+0x08BA8,mapped-segment1,OS-RAM,$FFF916C6,$F916C6,,ROM,direct,binding-slot-target,V350,static-table,unknown,,1,slot jmp.l,,
bst:V350:0095AE:F9174A,$0095AE,OS+0x08BAE,mapped-segment1,OS-RAM,$FFF9174A,$F9174A,,ROM,direct,binding-slot-target,V350,static-table,unknown,,1,slot jmp.l,,
bst:V350:0095B4:0111B6,$0095B4,OS+0x08BB4,mapped-segment1,OS-RAM,$000111B6,$0111B6,,OS-RAM,direct,binding-slot-target,V350,static-table,unknown,,1,slot jmp.l,,
bst:V350:0095BA:011416,$0095BA,OS+0x08BBA,mapped-segment1,OS-RAM,$00011416,$011416,,OS-RAM,direct,binding-slot-target,V350,static-table,unknown,,1,slot jmp.l,,
bst:V350:0095C0:F90BF0,$0095C0,OS+0x08BC0,mapped-segment1,OS-RAM,$FFF90BF0,$F90BF0,,ROM,direct,binding-slot-target,V350,static-table,unknown,,1,slot jmp.l,,
bst:V350:0095C6:F90B7E,$0095C6,OS+0x08BC6,mapped-segment1,OS-RAM,$FFF90B7E,$F90B7E,,ROM,direct,binding-slot-target,V350,static-table,unknown,,1,slot jmp.l,,
bst:V350:0095CC:F90AA2,$0095CC,OS+0x08BCC,mapped-segment1,OS-RAM,$FFF90AA2,$F90AA2,,ROM,direct,binding-slot-target,V350,static-table,unknown,,1,slot jmp.l,,
bst:V350:0095D2:F913CA,$0095D2,OS+0x08BD2,mapped-segment1,OS-RAM,$FFF913CA,$F913CA,,ROM,direct,binding-slot-target,V350,static-table,unknown,,1,slot jmp.l,,
bst:V350:0095D8:F91670,$0095D8,OS+0x08BD8,mapped-segment1,OS-RAM,$FFF91670,$F91670,,ROM,direct,binding-slot-target,V350,static-table,unknown,,1,slot jmp.l,,
bst:V350:0095DE:01427E,$0095DE,OS+0x08BDE,mapped-segment1,OS-RAM,$0001427E,$01427E,,OS-RAM,direct,binding-slot-target,V350,static-table,unknown,,1,slot jmp.l,,
bst:V350:0095E4:010F96,$0095E4,OS+0x08BE4,mapped-segment1,OS-RAM,$00010F96,$010F96,,OS-RAM,direct,binding-slot-target,V350,static-table,unknown,,1,slot jmp.l,,
bst:V350:0095EA:F90BA0,$0095EA,OS+0x08BEA,mapped-segment1,OS-RAM,$FFF90BA0,$F90BA0,,ROM,direct,binding-slot-target,V350,static-table,unknown,,1,slot jmp.l,,
bst:V350:0095F0:F90A88,$0095F0,OS+0x08BF0,mapped-segment1,OS-RAM,$FFF90A88,$F90A88,,ROM,direct,binding-slot-target,V350,static-table,unknown,,1,slot jmp.l,,
bst:V350:0095F6:F913DE,$0095F6,OS+0x08BF6,mapped-segment1,OS-RAM,$FFF913DE,$F913DE,,ROM,direct,binding-slot-target,V350,static-table,unknown,,1,slot jmp.l,,
bst:V350:0095FC:F9165C,$0095FC,OS+0x08BFC,mapped-segment1,OS-RAM,$FFF9165C,$F9165C,,ROM,direct,binding-slot-target,V350,static-table,unknown,,1,slot jmp.l,,
bst:V350:009602:F91418,$009602,OS+0x08C02,mapped-segment1,OS-RAM,$FFF91418,$F91418,,ROM,direct,binding-slot-target,V350,static-table,unknown,,1,slot jmp.l,,
bst:V350:009608:F9131A,$009608,OS+0x08C08,mapped-segment1,OS-RAM,$FFF9131A,$F9131A,,ROM,direct,binding-slot-target,V350,static-table,unknown,,1,slot jmp.l,,
bst:V350:00960E:014480,$00960E,OS+0x08C0E,mapped-segment1,OS-RAM,$00014480,$014480,,OS-RAM,direct,binding-slot-target,V350,static-table,unknown,,1,slot jmp.l,,
bst:V350:009614:F90910,$009614,OS+0x08C14,mapped-segment1,OS-RAM,$FFF90910,$F90910,,ROM,direct,binding-slot-target,V350,static-table,unknown,,1,slot jmp.l,,
bst:V350:00961A:013FF2,$00961A,OS+0x08C1A,mapped-segment1,OS-RAM,$00013FF2,$013FF2,,OS-RAM,direct,binding-slot-target,V350,static-table,unknown,,1,slot jmp.l,,
bst:V350:009620:F90BF6,$009620,OS+0x08C20,mapped-segment1,OS-RAM,$FFF90BF6,$F90BF6,,ROM,direct,binding-slot-target,V350,static-table,unknown,,1,slot jmp.l,,
bst:V350:009626:F9116C,$009626,OS+0x08C26,mapped-segment1,OS-RAM,$FFF9116C,$F9116C,,ROM,direct,binding-slot-target,V350,static-table,unknown,,1,slot jmp.l,,
bst:V350:00962C:F90BBE,$00962C,OS+0x08C2C,mapped-segment1,OS-RAM,$FFF90BBE,$F90BBE,,ROM,direct,binding-slot-target,V350,static-table,unknown,,1,slot jmp.l,,
bst:V350:009632:0113C6,$009632,OS+0x08C32,mapped-segment1,OS-RAM,$000113C6,$0113C6,,OS-RAM,direct,binding-slot-target,V350,static-table,unknown,,1,slot jmp.l,,
bst:V350:009638:F916F6,$009638,OS+0x08C38,mapped-segment1,OS-RAM,$FFF916F6,$F916F6,,ROM,direct,binding-slot-target,V350,static-table,unknown,,1,slot jmp.l,,
bst:V350:00963E:F91390,$00963E,OS+0x08C3E,mapped-segment1,OS-RAM,$FFF91390,$F91390,,ROM,direct,binding-slot-target,V350,static-table,unknown,,1,slot jmp.l,,
bst:V350:009644:F91394,$009644,OS+0x08C44,mapped-segment1,OS-RAM,$FFF91394,$F91394,,ROM,direct,binding-slot-target,V350,static-table,unknown,,1,slot jmp.l,,
bst:V350:00964A:01109A,$00964A,OS+0x08C4A,mapped-segment1,OS-RAM,$0001109A,$01109A,,OS-RAM,direct,binding-slot-target,V350,static-table,unknown,,1,slot jmp.l,,
bst:V350:009650:F90890,$009650,OS+0x08C50,mapped-segment1,OS-RAM,$FFF90890,$F90890,,ROM,direct,binding-slot-target,V350,static-table,unknown,,1,slot jmp.l,,
bst:V350:009656:F914B6,$009656,OS+0x08C56,mapped-segment1,OS-RAM,$FFF914B6,$F914B6,,ROM,direct,binding-slot-target,V350,static-table,unknown,,1,slot jmp.l,,
bst:V350:00965C:F915AC,$00965C,OS+0x08C5C,mapped-segment1,OS-RAM,$FFF915AC,$F915AC,,ROM,direct,binding-slot-target,V350,static-table,unknown,,1,slot jmp.l,,
bst:V350:009662:0110A6,$009662,OS+0x08C62,mapped-segment1,OS-RAM,$000110A6,$0110A6,,OS-RAM,direct,binding-slot-target,V350,static-table,unknown,,1,slot jmp.l,,
bst:V350:009668:0143D8,$009668,OS+0x08C68,mapped-segment1,OS-RAM,$000143D8,$0143D8,,OS-RAM,direct,binding-slot-target,V350,static-table,unknown,,1,slot jmp.l,,
bst:V350:00966E:0117E8,$00966E,OS+0x08C6E,mapped-segment1,OS-RAM,$000117E8,$0117E8,,OS-RAM,direct,binding-slot-target,V350,static-table,unknown,,1,slot jmp.l,,
bst:V350:009674:01179C,$009674,OS+0x08C74,mapped-segment1,OS-RAM,$0001179C,$01179C,,OS-RAM,direct,binding-slot-target,V350,static-table,unknown,,1,slot jmp.l,,
bst:V350:00967A:F91760,$00967A,OS+0x08C7A,mapped-segment1,OS-RAM,$FFF91760,$F91760,,ROM,direct,binding-slot-target,V350,static-table,unknown,,1,slot jmp.l,,
bst:V350:009680:011492,$009680,OS+0x08C80,mapped-segment1,OS-RAM,$00011492,$011492,,OS-RAM,direct,binding-slot-target,V350,static-table,unknown,,1,slot jmp.l,,
bst:V350:009686:0141A0,$009686,OS+0x08C86,mapped-segment1,OS-RAM,$000141A0,$0141A0,,OS-RAM,direct,binding-slot-target,V350,static-table,unknown,,1,slot jmp.l,,
bst:V350:00968C:F910B6,$00968C,OS+0x08C8C,mapped-segment1,OS-RAM,$FFF910B6,$F910B6,,ROM,direct,binding-slot-target,V350,static-table,unknown,,1,slot jmp.l,,
bst:V350:009692:0141F0,$009692,OS+0x08C92,mapped-segment1,OS-RAM,$000141F0,$0141F0,,OS-RAM,direct,binding-slot-target,V350,static-table,unknown,,1,slot jmp.l,,
bst:V350:009698:011518,$009698,OS+0x08C98,mapped-segment1,OS-RAM,$00011518,$011518,,OS-RAM,direct,binding-slot-target,V350,static-table,unknown,,1,slot jmp.l,,
bst:V350:00969E:011632,$00969E,OS+0x08C9E,mapped-segment1,OS-RAM,$00011632,$011632,,OS-RAM,direct,binding-slot-target,V350,static-table,unknown,,1,slot jmp.l,,
bst:V350:0096A4:011336,$0096A4,OS+0x08CA4,mapped-segment1,OS-RAM,$00011336,$011336,,OS-RAM,direct,binding-slot-target,V350,static-table,unknown,,1,slot jmp.l,,
bst:V350:0096AA:01114C,$0096AA,OS+0x08CAA,mapped-segment1,OS-RAM,$0001114C,$01114C,,OS-RAM,direct,binding-slot-target,V350,static-table,unknown,,1,slot jmp.l,,
bst:V350:0096B0:F917EE,$0096B0,OS+0x08CB0,mapped-segment1,OS-RAM,$FFF917EE,$F917EE,,ROM,direct,binding-slot-target,V350,static-table,unknown,,1,slot jmp.l,,
bst:V350:0096B6:0119A8,$0096B6,OS+0x08CB6,mapped-segment1,OS-RAM,$000119A8,$0119A8,,OS-RAM,direct,binding-slot-target,V350,static-table,unknown,,1,slot jmp.l,,
bst:V350:0096BC:011988,$0096BC,OS+0x08CBC,mapped-segment1,OS-RAM,$00011988,$011988,,OS-RAM,direct,binding-slot-target,V350,static-table,unknown,,1,slot jmp.l,,
bst:V350:0096C2:011A6A,$0096C2,OS+0x08CC2,mapped-segment1,OS-RAM,$00011A6A,$011A6A,,OS-RAM,direct,binding-slot-target,V350,static-table,unknown,,1,slot jmp.l,,
bst:V350:0096C8:0117EA,$0096C8,OS+0x08CC8,mapped-segment1,OS-RAM,$000117EA,$0117EA,,OS-RAM,direct,binding-slot-target,V350,static-table,unknown,,1,slot jmp.l,,
bst:V350:0096CE:F91AA6,$0096CE,OS+0x08CCE,mapped-segment1,OS-RAM,$FFF91AA6,$F91AA6,,ROM,direct,binding-slot-target,V350,static-table,unknown,,1,slot jmp.l,,
bst:V350:0096D4:F91ADE,$0096D4,OS+0x08CD4,mapped-segment1,OS-RAM,$FFF91ADE,$F91ADE,,ROM,direct,binding-slot-target,V350,static-table,unknown,,1,slot jmp.l,,
bst:V350:0096DA:F91AF8,$0096DA,OS+0x08CDA,mapped-segment1,OS-RAM,$FFF91AF8,$F91AF8,,ROM,direct,binding-slot-target,V350,static-table,unknown,,1,slot jmp.l,,
bst:V350:0096E0:F91B06,$0096E0,OS+0x08CE0,mapped-segment1,OS-RAM,$FFF91B06,$F91B06,,ROM,direct,binding-slot-target,V350,static-table,unknown,,1,slot jmp.l,,
bst:V350:0096E6:F91BE0,$0096E6,OS+0x08CE6,mapped-segment1,OS-RAM,$FFF91BE0,$F91BE0,,ROM,direct,binding-slot-target,V350,static-table,unknown,,1,slot jmp.l,,
bst:V350:0096EC:F91CA8,$0096EC,OS+0x08CEC,mapped-segment1,OS-RAM,$FFF91CA8,$F91CA8,,ROM,direct,binding-slot-target,V350,static-table,unknown,,1,slot jmp.l,,
bst:V350:0096F2:F91C18,$0096F2,OS+0x08CF2,mapped-segment1,OS-RAM,$FFF91C18,$F91C18,,ROM,direct,binding-slot-target,V350,static-table,unknown,,1,slot jmp.l,,
bst:V350:0096F8:F91C2A,$0096F8,OS+0x08CF8,mapped-segment1,OS-RAM,$FFF91C2A,$F91C2A,,ROM,direct,binding-slot-target,V350,static-table,unknown,,1,slot jmp.l,,
bst:V350:0096FE:011960,$0096FE,OS+0x08CFE,mapped-segment1,OS-RAM,$00011960,$011960,,OS-RAM,direct,binding-slot-target,V350,static-table,unknown,,1,slot jmp.l,,
bst:V350:009704:F91FD4,$009704,OS+0x08D04,mapped-segment1,OS-RAM,$FFF91FD4,$F91FD4,,ROM,direct,binding-slot-target,V350,static-table,unknown,,1,slot jmp.l,,
bst:V350:00970A:F91EFE,$00970A,OS+0x08D0A,mapped-segment1,OS-RAM,$FFF91EFE,$F91EFE,,ROM,direct,binding-slot-target,V350,static-table,unknown,,1,slot jmp.l,,
bst:V350:009710:F91DAC,$009710,OS+0x08D10,mapped-segment1,OS-RAM,$FFF91DAC,$F91DAC,,ROM,direct,binding-slot-target,V350,static-table,unknown,,1,slot jmp.l,,
bst:V350:009716:F91D9C,$009716,OS+0x08D16,mapped-segment1,OS-RAM,$FFF91D9C,$F91D9C,,ROM,direct,binding-slot-target,V350,static-table,unknown,,1,slot jmp.l,,
bst:V350:00971C:F9207A,$00971C,OS+0x08D1C,mapped-segment1,OS-RAM,$FFF9207A,$F9207A,,ROM,direct,binding-slot-target,V350,static-table,unknown,,1,slot jmp.l,,
bst:V350:009722:F91FF2,$009722,OS+0x08D22,mapped-segment1,OS-RAM,$FFF91FF2,$F91FF2,,ROM,direct,binding-slot-target,V350,static-table,unknown,,1,slot jmp.l,,
bst:V350:009728:F91D46,$009728,OS+0x08D28,mapped-segment1,OS-RAM,$FFF91D46,$F91D46,,ROM,direct,binding-slot-target,V350,static-table,unknown,,1,slot jmp.l,,
bst:V350:00972E:F9189C,$00972E,OS+0x08D2E,mapped-segment1,OS-RAM,$FFF9189C,$F9189C,,ROM,direct,binding-slot-target,V350,static-table,unknown,,1,slot jmp.l,,
bst:V350:009734:F92038,$009734,OS+0x08D34,mapped-segment1,OS-RAM,$FFF92038,$F92038,,ROM,direct,binding-slot-target,V350,static-table,unknown,,1,slot jmp.l,,
bst:V350:00973A:F91AC8,$00973A,OS+0x08D3A,mapped-segment1,OS-RAM,$FFF91AC8,$F91AC8,,ROM,direct,binding-slot-target,V350,static-table,unknown,,1,slot jmp.l,,
bst:V350:009740:F9190E,$009740,OS+0x08D40,mapped-segment1,OS-RAM,$FFF9190E,$F9190E,,ROM,direct,binding-slot-target,V350,static-table,unknown,,1,slot jmp.l,,
bst:V350:009746:F91E34,$009746,OS+0x08D46,mapped-segment1,OS-RAM,$FFF91E34,$F91E34,,ROM,direct,binding-slot-target,V350,static-table,unknown,,1,slot jmp.l,,
bst:V350:00974C:F9177A,$00974C,OS+0x08D4C,mapped-segment1,OS-RAM,$FFF9177A,$F9177A,,ROM,direct,binding-slot-target,V350,static-table,unknown,,1,slot jmp.l,,
bst:V350:009752:F917F6,$009752,OS+0x08D52,mapped-segment1,OS-RAM,$FFF917F6,$F917F6,,ROM,direct,binding-slot-target,V350,static-table,unknown,,1,slot jmp.l,,
bst:V350:009758:F918B4,$009758,OS+0x08D58,mapped-segment1,OS-RAM,$FFF918B4,$F918B4,,ROM,direct,binding-slot-target,V350,static-table,unknown,,1,slot jmp.l,,
bst:V350:00975E:F9191A,$00975E,OS+0x08D5E,mapped-segment1,OS-RAM,$FFF9191A,$F9191A,,ROM,direct,binding-slot-target,V350,static-table,unknown,,1,slot jmp.l,,
bst:V350:009764:F919D2,$009764,OS+0x08D64,mapped-segment1,OS-RAM,$FFF919D2,$F919D2,,ROM,direct,binding-slot-target,V350,static-table,unknown,,1,slot jmp.l,,
bst:V350:00976A:011952,$00976A,OS+0x08D6A,mapped-segment1,OS-RAM,$00011952,$011952,,OS-RAM,direct,binding-slot-target,V350,static-table,unknown,,1,slot jmp.l,,
bst:V350:009770:011940,$009770,OS+0x08D70,mapped-segment1,OS-RAM,$00011940,$011940,,OS-RAM,direct,binding-slot-target,V350,static-table,unknown,,1,slot jmp.l,,
bst:V350:009776:F91F38,$009776,OS+0x08D76,mapped-segment1,OS-RAM,$FFF91F38,$F91F38,,ROM,direct,binding-slot-target,V350,static-table,unknown,,1,slot jmp.l,,
bst:V350:00977C:F91FB6,$00977C,OS+0x08D7C,mapped-segment1,OS-RAM,$FFF91FB6,$F91FB6,,ROM,direct,binding-slot-target,V350,static-table,unknown,,1,slot jmp.l,,
bst:V350:009782:011932,$009782,OS+0x08D82,mapped-segment1,OS-RAM,$00011932,$011932,,OS-RAM,direct,binding-slot-target,V350,static-table,unknown,,1,slot jmp.l,,
bst:V350:009788:F91B10,$009788,OS+0x08D88,mapped-segment1,OS-RAM,$FFF91B10,$F91B10,,ROM,direct,binding-slot-target,V350,static-table,unknown,,1,slot jmp.l,,
bst:V350:00978E:F91954,$00978E,OS+0x08D8E,mapped-segment1,OS-RAM,$FFF91954,$F91954,,ROM,direct,binding-slot-target,V350,static-table,unknown,,1,slot jmp.l,,
bst:V350:009794:F91B8A,$009794,OS+0x08D94,mapped-segment1,OS-RAM,$FFF91B8A,$F91B8A,,ROM,direct,binding-slot-target,V350,static-table,unknown,,1,slot jmp.l,,
bst:V350:00979A:F92122,$00979A,OS+0x08D9A,mapped-segment1,OS-RAM,$FFF92122,$F92122,,ROM,direct,binding-slot-target,V350,static-table,unknown,,1,slot jmp.l,,
bst:V350:0097A0:F920F6,$0097A0,OS+0x08DA0,mapped-segment1,OS-RAM,$FFF920F6,$F920F6,,ROM,direct,binding-slot-target,V350,static-table,unknown,,1,slot jmp.l,,
bst:V350:0097A6:F920E8,$0097A6,OS+0x08DA6,mapped-segment1,OS-RAM,$FFF920E8,$F920E8,,ROM,direct,binding-slot-target,V350,static-table,unknown,,1,slot jmp.l,,
bst:V350:0097AC:F920D6,$0097AC,OS+0x08DAC,mapped-segment1,OS-RAM,$FFF920D6,$F920D6,,ROM,direct,binding-slot-target,V350,static-table,unknown,,1,slot jmp.l,,
bst:V350:0097B2:F920B2,$0097B2,OS+0x08DB2,mapped-segment1,OS-RAM,$FFF920B2,$F920B2,,ROM,direct,binding-slot-target,V350,static-table,unknown,,1,slot jmp.l,,
bst:V350:0097B8:F92186,$0097B8,OS+0x08DB8,mapped-segment1,OS-RAM,$FFF92186,$F92186,,ROM,direct,binding-slot-target,V350,static-table,unknown,,1,slot jmp.l,,
bst:V350:0097BE:F92106,$0097BE,OS+0x08DBE,mapped-segment1,OS-RAM,$FFF92106,$F92106,,ROM,direct,binding-slot-target,V350,static-table,unknown,,1,slot jmp.l,,
bst:V350:0097C4:F921B8,$0097C4,OS+0x08DC4,mapped-segment1,OS-RAM,$FFF921B8,$F921B8,,ROM,direct,binding-slot-target,V350,static-table,unknown,,1,slot jmp.l,,
bst:V350:0097CA:F92192,$0097CA,OS+0x08DCA,mapped-segment1,OS-RAM,$FFF92192,$F92192,,ROM,direct,binding-slot-target,V350,static-table,unknown,,1,slot jmp.l,,
bst:V350:0097D0:F92180,$0097D0,OS+0x08DD0,mapped-segment1,OS-RAM,$FFF92180,$F92180,,ROM,direct,binding-slot-target,V350,static-table,unknown,,1,slot jmp.l,,
bst:V350:0097D6:F9215E,$0097D6,OS+0x08DD6,mapped-segment1,OS-RAM,$FFF9215E,$F9215E,,ROM,direct,binding-slot-target,V350,static-table,unknown,,1,slot jmp.l,,
bst:V350:0097DC:011B6A,$0097DC,OS+0x08DDC,mapped-segment1,OS-RAM,$00011B6A,$011B6A,,OS-RAM,direct,binding-slot-target,V350,static-table,unknown,,1,slot jmp.l,,
bst:V350:0097E2:011B58,$0097E2,OS+0x08DE2,mapped-segment1,OS-RAM,$00011B58,$011B58,,OS-RAM,direct,binding-slot-target,V350,static-table,unknown,,1,slot jmp.l,,
bst:V350:0097E8:F9224A,$0097E8,OS+0x08DE8,mapped-segment1,OS-RAM,$FFF9224A,$F9224A,,ROM,direct,binding-slot-target,V350,static-table,unknown,,1,slot jmp.l,,
bst:V350:0097EE:F9237C,$0097EE,OS+0x08DEE,mapped-segment1,OS-RAM,$FFF9237C,$F9237C,,ROM,direct,binding-slot-target,V350,static-table,unknown,,1,slot jmp.l,,
bst:V350:0097F4:F92262,$0097F4,OS+0x08DF4,mapped-segment1,OS-RAM,$FFF92262,$F92262,,ROM,direct,binding-slot-target,V350,static-table,unknown,,1,slot jmp.l,,
bst:V350:0097FA:F92342,$0097FA,OS+0x08DFA,mapped-segment1,OS-RAM,$FFF92342,$F92342,,ROM,direct,binding-slot-target,V350,static-table,unknown,,1,slot jmp.l,,
bst:V350:009800:F921D4,$009800,OS+0x08E00,mapped-segment1,OS-RAM,$FFF921D4,$F921D4,,ROM,direct,binding-slot-target,V350,static-table,unknown,,1,slot jmp.l,,
bst:V350:009806:F921D8,$009806,OS+0x08E06,mapped-segment1,OS-RAM,$FFF921D8,$F921D8,,ROM,direct,binding-slot-target,V350,static-table,unknown,,1,slot jmp.l,,
bst:V350:00980C:F92458,$00980C,OS+0x08E0C,mapped-segment1,OS-RAM,$FFF92458,$F92458,,ROM,direct,binding-slot-target,V350,static-table,unknown,,1,slot jmp.l,,
bst:V350:009812:F9246E,$009812,OS+0x08E12,mapped-segment1,OS-RAM,$FFF9246E,$F9246E,,ROM,direct,binding-slot-target,V350,static-table,unknown,,1,slot jmp.l,,
bst:V350:009818:F92478,$009818,OS+0x08E18,mapped-segment1,OS-RAM,$FFF92478,$F92478,,ROM,direct,binding-slot-target,V350,static-table,unknown,,1,slot jmp.l,,
bst:V350:00981E:F9248A,$00981E,OS+0x08E1E,mapped-segment1,OS-RAM,$FFF9248A,$F9248A,,ROM,direct,binding-slot-target,V350,static-table,unknown,,1,slot jmp.l,,
bst:V350:009824:F9248E,$009824,OS+0x08E24,mapped-segment1,OS-RAM,$FFF9248E,$F9248E,,ROM,direct,binding-slot-target,V350,static-table,unknown,,1,slot jmp.l,,
bst:V350:00982A:F9249A,$00982A,OS+0x08E2A,mapped-segment1,OS-RAM,$FFF9249A,$F9249A,,ROM,direct,binding-slot-target,V350,static-table,unknown,,1,slot jmp.l,,
bst:V350:009830:F924AC,$009830,OS+0x08E30,mapped-segment1,OS-RAM,$FFF924AC,$F924AC,,ROM,direct,binding-slot-target,V350,static-table,unknown,,1,slot jmp.l,,
bst:V350:009836:F924BC,$009836,OS+0x08E36,mapped-segment1,OS-RAM,$FFF924BC,$F924BC,,ROM,direct,binding-slot-target,V350,static-table,unknown,,1,slot jmp.l,,
bst:V350:00983C:F924C6,$00983C,OS+0x08E3C,mapped-segment1,OS-RAM,$FFF924C6,$F924C6,,ROM,direct,binding-slot-target,V350,static-table,unknown,,1,slot jmp.l,,
bst:V350:009842:011A76,$009842,OS+0x08E42,mapped-segment1,OS-RAM,$00011A76,$011A76,,OS-RAM,direct,binding-slot-target,V350,static-table,unknown,,1,slot jmp.l,,
bst:V350:009848:F9257A,$009848,OS+0x08E48,mapped-segment1,OS-RAM,$FFF9257A,$F9257A,,ROM,direct,binding-slot-target,V350,static-table,unknown,,1,slot jmp.l,,
bst:V350:00984E:F92596,$00984E,OS+0x08E4E,mapped-segment1,OS-RAM,$FFF92596,$F92596,,ROM,direct,binding-slot-target,V350,static-table,unknown,,1,slot jmp.l,,
bst:V350:009854:F925C4,$009854,OS+0x08E54,mapped-segment1,OS-RAM,$FFF925C4,$F925C4,,ROM,direct,binding-slot-target,V350,static-table,unknown,,1,slot jmp.l,,
bst:V350:00985A:F925F0,$00985A,OS+0x08E5A,mapped-segment1,OS-RAM,$FFF925F0,$F925F0,,ROM,direct,binding-slot-target,V350,static-table,unknown,,1,slot jmp.l,,
bst:V350:009860:F9261C,$009860,OS+0x08E60,mapped-segment1,OS-RAM,$FFF9261C,$F9261C,,ROM,direct,binding-slot-target,V350,static-table,unknown,,1,slot jmp.l,,
bst:V350:009866:F926CE,$009866,OS+0x08E66,mapped-segment1,OS-RAM,$FFF926CE,$F926CE,,ROM,direct,binding-slot-target,V350,static-table,unknown,,1,slot jmp.l,,
bst:V350:00986C:F926E6,$00986C,OS+0x08E6C,mapped-segment1,OS-RAM,$FFF926E6,$F926E6,,ROM,direct,binding-slot-target,V350,static-table,unknown,,1,slot jmp.l,,
bst:V350:009872:F926F8,$009872,OS+0x08E72,mapped-segment1,OS-RAM,$FFF926F8,$F926F8,,ROM,direct,binding-slot-target,V350,static-table,unknown,,1,slot jmp.l,,
bst:V350:009878:F926FC,$009878,OS+0x08E78,mapped-segment1,OS-RAM,$FFF926FC,$F926FC,,ROM,direct,binding-slot-target,V350,static-table,unknown,,1,slot jmp.l,,
bst:V350:00987E:F9270C,$00987E,OS+0x08E7E,mapped-segment1,OS-RAM,$FFF9270C,$F9270C,,ROM,direct,binding-slot-target,V350,static-table,unknown,,1,slot jmp.l,,
bst:V350:009884:F92718,$009884,OS+0x08E84,mapped-segment1,OS-RAM,$FFF92718,$F92718,,ROM,direct,binding-slot-target,V350,static-table,unknown,,1,slot jmp.l,,
bst:V350:00988A:F92724,$00988A,OS+0x08E8A,mapped-segment1,OS-RAM,$FFF92724,$F92724,,ROM,direct,binding-slot-target,V350,static-table,unknown,,1,slot jmp.l,,
bst:V350:009890:F9275A,$009890,OS+0x08E90,mapped-segment1,OS-RAM,$FFF9275A,$F9275A,,ROM,direct,binding-slot-target,V350,static-table,unknown,,1,slot jmp.l,,
bst:V350:009896:F92760,$009896,OS+0x08E96,mapped-segment1,OS-RAM,$FFF92760,$F92760,,ROM,direct,binding-slot-target,V350,static-table,unknown,,1,slot jmp.l,,
bst:V350:00989C:011B8C,$00989C,OS+0x08E9C,mapped-segment1,OS-RAM,$00011B8C,$011B8C,,OS-RAM,direct,binding-slot-target,V350,static-table,unknown,,1,slot jmp.l,,
bst:V350:0098A2:F9298C,$0098A2,OS+0x08EA2,mapped-segment1,OS-RAM,$FFF9298C,$F9298C,,ROM,direct,binding-slot-target,V350,static-table,unknown,,1,slot jmp.l,,
bst:V350:0098A8:F929D2,$0098A8,OS+0x08EA8,mapped-segment1,OS-RAM,$FFF929D2,$F929D2,,ROM,direct,binding-slot-target,V350,static-table,unknown,,1,slot jmp.l,,
bst:V350:0098AE:F92A04,$0098AE,OS+0x08EAE,mapped-segment1,OS-RAM,$FFF92A04,$F92A04,,ROM,direct,binding-slot-target,V350,static-table,unknown,,1,slot jmp.l,,
bst:V350:0098B4:F92A4A,$0098B4,OS+0x08EB4,mapped-segment1,OS-RAM,$FFF92A4A,$F92A4A,,ROM,direct,binding-slot-target,V350,static-table,unknown,,1,slot jmp.l,,
bst:V350:0098BA:011AAE,$0098BA,OS+0x08EBA,mapped-segment1,OS-RAM,$00011AAE,$011AAE,,OS-RAM,direct,binding-slot-target,V350,static-table,unknown,,1,slot jmp.l,,
bst:V350:0098C0:F92B0A,$0098C0,OS+0x08EC0,mapped-segment1,OS-RAM,$FFF92B0A,$F92B0A,,ROM,direct,binding-slot-target,V350,static-table,unknown,,1,slot jmp.l,,
bst:V350:0098C6:011B76,$0098C6,OS+0x08EC6,mapped-segment1,OS-RAM,$00011B76,$011B76,,OS-RAM,direct,binding-slot-target,V350,static-table,unknown,,1,slot jmp.l,,
bst:V350:0098CC:F92CE2,$0098CC,OS+0x08ECC,mapped-segment1,OS-RAM,$FFF92CE2,$F92CE2,,ROM,direct,binding-slot-target,V350,static-table,unknown,,1,slot jmp.l,,
bst:V350:0098D2:F92D22,$0098D2,OS+0x08ED2,mapped-segment1,OS-RAM,$FFF92D22,$F92D22,,ROM,direct,binding-slot-target,V350,static-table,unknown,,1,slot jmp.l,,
bst:V350:0098D8:F92D48,$0098D8,OS+0x08ED8,mapped-segment1,OS-RAM,$FFF92D48,$F92D48,,ROM,direct,binding-slot-target,V350,static-table,unknown,,1,slot jmp.l,,
bst:V350:0098DE:011C2E,$0098DE,OS+0x08EDE,mapped-segment1,OS-RAM,$00011C2E,$011C2E,,OS-RAM,direct,binding-slot-target,V350,static-table,unknown,,1,slot jmp.l,,
bst:V350:0098E4:F92DD6,$0098E4,OS+0x08EE4,mapped-segment1,OS-RAM,$FFF92DD6,$F92DD6,,ROM,direct,binding-slot-target,V350,static-table,unknown,,1,slot jmp.l,,
bst:V350:0098EA:011BCC,$0098EA,OS+0x08EEA,mapped-segment1,OS-RAM,$00011BCC,$011BCC,,OS-RAM,direct,binding-slot-target,V350,static-table,unknown,,1,slot jmp.l,,
bst:V350:0098F0:F92E2A,$0098F0,OS+0x08EF0,mapped-segment1,OS-RAM,$FFF92E2A,$F92E2A,,ROM,direct,binding-slot-target,V350,static-table,unknown,,1,slot jmp.l,,
bst:V350:0098F6:011AC2,$0098F6,OS+0x08EF6,mapped-segment1,OS-RAM,$00011AC2,$011AC2,,OS-RAM,direct,binding-slot-target,V350,static-table,unknown,,1,slot jmp.l,,
bst:V350:0098FC:F92E94,$0098FC,OS+0x08EFC,mapped-segment1,OS-RAM,$FFF92E94,$F92E94,,ROM,direct,binding-slot-target,V350,static-table,unknown,,1,slot jmp.l,,
bst:V350:009902:F92EB0,$009902,OS+0x08F02,mapped-segment1,OS-RAM,$FFF92EB0,$F92EB0,,ROM,direct,binding-slot-target,V350,static-table,unknown,,1,slot jmp.l,,
bst:V350:009908:F92EB4,$009908,OS+0x08F08,mapped-segment1,OS-RAM,$FFF92EB4,$F92EB4,,ROM,direct,binding-slot-target,V350,static-table,unknown,,1,slot jmp.l,,
bst:V350:00990E:F92ED2,$00990E,OS+0x08F0E,mapped-segment1,OS-RAM,$FFF92ED2,$F92ED2,,ROM,direct,binding-slot-target,V350,static-table,unknown,,1,slot jmp.l,,
bst:V350:009914:F92EA8,$009914,OS+0x08F14,mapped-segment1,OS-RAM,$FFF92EA8,$F92EA8,,ROM,direct,binding-slot-target,V350,static-table,unknown,,1,slot jmp.l,,
bst:V350:00991A:F92F08,$00991A,OS+0x08F1A,mapped-segment1,OS-RAM,$FFF92F08,$F92F08,,ROM,direct,binding-slot-target,V350,static-table,unknown,,1,slot jmp.l,,
bst:V350:009920:F92F34,$009920,OS+0x08F20,mapped-segment1,OS-RAM,$FFF92F34,$F92F34,,ROM,direct,binding-slot-target,V350,static-table,unknown,,1,slot jmp.l,,
bst:V350:009926:F92F82,$009926,OS+0x08F26,mapped-segment1,OS-RAM,$FFF92F82,$F92F82,,ROM,direct,binding-slot-target,V350,static-table,unknown,,1,slot jmp.l,,
bst:V350:00992C:F923D4,$00992C,OS+0x08F2C,mapped-segment1,OS-RAM,$FFF923D4,$F923D4,,ROM,direct,binding-slot-target,V350,static-table,unknown,,1,slot jmp.l,,
bst:V350:009932:F923D8,$009932,OS+0x08F32,mapped-segment1,OS-RAM,$FFF923D8,$F923D8,,ROM,direct,binding-slot-target,V350,static-table,unknown,,1,slot jmp.l,,
bst:V350:009938:F924EC,$009938,OS+0x08F38,mapped-segment1,OS-RAM,$FFF924EC,$F924EC,,ROM,direct,binding-slot-target,V350,static-table,unknown,,1,slot jmp.l,,
bst:V350:00993E:F924D8,$00993E,OS+0x08F3E,mapped-segment1,OS-RAM,$FFF924D8,$F924D8,,ROM,direct,binding-slot-target,V350,static-table,unknown,,1,slot jmp.l,,
bst:V350:009944:F924F2,$009944,OS+0x08F44,mapped-segment1,OS-RAM,$FFF924F2,$F924F2,,ROM,direct,binding-slot-target,V350,static-table,unknown,,1,slot jmp.l,,
bst:V350:00994A:F925FC,$00994A,OS+0x08F4A,mapped-segment1,OS-RAM,$FFF925FC,$F925FC,,ROM,direct,binding-slot-target,V350,static-table,unknown,,1,slot jmp.l,,
bst:V350:009950:F92616,$009950,OS+0x08F50,mapped-segment1,OS-RAM,$FFF92616,$F92616,,ROM,direct,binding-slot-target,V350,static-table,unknown,,1,slot jmp.l,,
bst:V350:009956:F9260E,$009956,OS+0x08F56,mapped-segment1,OS-RAM,$FFF9260E,$F9260E,,ROM,direct,binding-slot-target,V350,static-table,unknown,,1,slot jmp.l,,
bst:V350:00995C:F9264E,$00995C,OS+0x08F5C,mapped-segment1,OS-RAM,$FFF9264E,$F9264E,,ROM,direct,binding-slot-target,V350,static-table,unknown,,1,slot jmp.l,,
bst:V350:009962:F92652,$009962,OS+0x08F62,mapped-segment1,OS-RAM,$FFF92652,$F92652,,ROM,direct,binding-slot-target,V350,static-table,unknown,,1,slot jmp.l,,
bst:V350:009968:F92A42,$009968,OS+0x08F68,mapped-segment1,OS-RAM,$FFF92A42,$F92A42,,ROM,direct,binding-slot-target,V350,static-table,unknown,,1,slot jmp.l,,
bst:V350:00996E:F92CB2,$00996E,OS+0x08F6E,mapped-segment1,OS-RAM,$FFF92CB2,$F92CB2,,ROM,direct,binding-slot-target,V350,static-table,unknown,,1,slot jmp.l,,
bst:V350:009974:011B18,$009974,OS+0x08F74,mapped-segment1,OS-RAM,$00011B18,$011B18,,OS-RAM,direct,binding-slot-target,V350,static-table,unknown,,1,slot jmp.l,,
bst:V350:00997A:F92FB0,$00997A,OS+0x08F7A,mapped-segment1,OS-RAM,$FFF92FB0,$F92FB0,,ROM,direct,binding-slot-target,V350,static-table,unknown,,1,slot jmp.l,,
bst:V350:009980:F931DE,$009980,OS+0x08F80,mapped-segment1,OS-RAM,$FFF931DE,$F931DE,,ROM,direct,binding-slot-target,V350,static-table,unknown,,1,slot jmp.l,,
bst:V350:009986:F93298,$009986,OS+0x08F86,mapped-segment1,OS-RAM,$FFF93298,$F93298,,ROM,direct,binding-slot-target,V350,static-table,unknown,,1,slot jmp.l,,
bst:V350:00998C:F932B8,$00998C,OS+0x08F8C,mapped-segment1,OS-RAM,$FFF932B8,$F932B8,,ROM,direct,binding-slot-target,V350,static-table,unknown,,1,slot jmp.l,,
bst:V350:009992:F932D6,$009992,OS+0x08F92,mapped-segment1,OS-RAM,$FFF932D6,$F932D6,,ROM,direct,binding-slot-target,V350,static-table,unknown,,1,slot jmp.l,,
bst:V350:009998:F932FA,$009998,OS+0x08F98,mapped-segment1,OS-RAM,$FFF932FA,$F932FA,,ROM,direct,binding-slot-target,V350,static-table,unknown,,1,slot jmp.l,,
bst:V350:00999E:F9331A,$00999E,OS+0x08F9E,mapped-segment1,OS-RAM,$FFF9331A,$F9331A,,ROM,direct,binding-slot-target,V350,static-table,unknown,,1,slot jmp.l,,
bst:V350:0099A4:F93346,$0099A4,OS+0x08FA4,mapped-segment1,OS-RAM,$FFF93346,$F93346,,ROM,direct,binding-slot-target,V350,static-table,unknown,,1,slot jmp.l,,
bst:V350:0099AA:F93348,$0099AA,OS+0x08FAA,mapped-segment1,OS-RAM,$FFF93348,$F93348,,ROM,direct,binding-slot-target,V350,static-table,unknown,,1,slot jmp.l,,
bst:V350:0099B0:F9334C,$0099B0,OS+0x08FB0,mapped-segment1,OS-RAM,$FFF9334C,$F9334C,,ROM,direct,binding-slot-target,V350,static-table,unknown,,1,slot jmp.l,,
bst:V350:0099B6:F9337E,$0099B6,OS+0x08FB6,mapped-segment1,OS-RAM,$FFF9337E,$F9337E,,ROM,direct,binding-slot-target,V350,static-table,unknown,,1,slot jmp.l,,
bst:V350:0099BC:F93392,$0099BC,OS+0x08FBC,mapped-segment1,OS-RAM,$FFF93392,$F93392,,ROM,direct,binding-slot-target,V350,static-table,unknown,,1,slot jmp.l,,
bst:V350:0099C2:F93398,$0099C2,OS+0x08FC2,mapped-segment1,OS-RAM,$FFF93398,$F93398,,ROM,direct,binding-slot-target,V350,static-table,unknown,,1,slot jmp.l,,
bst:V350:0099C8:F93194,$0099C8,OS+0x08FC8,mapped-segment1,OS-RAM,$FFF93194,$F93194,,ROM,direct,binding-slot-target,V350,static-table,unknown,,1,slot jmp.l,,
bst:V350:0099CE:F931B2,$0099CE,OS+0x08FCE,mapped-segment1,OS-RAM,$FFF931B2,$F931B2,,ROM,direct,binding-slot-target,V350,static-table,unknown,,1,slot jmp.l,,
bst:V350:0099D4:F9316E,$0099D4,OS+0x08FD4,mapped-segment1,OS-RAM,$FFF9316E,$F9316E,,ROM,direct,binding-slot-target,V350,static-table,unknown,,1,slot jmp.l,,
bst:V350:0099DA:F93148,$0099DA,OS+0x08FDA,mapped-segment1,OS-RAM,$FFF93148,$F93148,,ROM,direct,binding-slot-target,V350,static-table,unknown,,1,slot jmp.l,,
bst:V350:0099E0:F93180,$0099E0,OS+0x08FE0,mapped-segment1,OS-RAM,$FFF93180,$F93180,,ROM,direct,binding-slot-target,V350,static-table,unknown,,1,slot jmp.l,,
bst:V350:0099E6:F93496,$0099E6,OS+0x08FE6,mapped-segment1,OS-RAM,$FFF93496,$F93496,,ROM,direct,binding-slot-target,V350,static-table,unknown,,1,slot jmp.l,,
bst:V350:0099EC:F9348E,$0099EC,OS+0x08FEC,mapped-segment1,OS-RAM,$FFF9348E,$F9348E,,ROM,direct,binding-slot-target,V350,static-table,unknown,,1,slot jmp.l,,
bst:V350:0099F2:F934AA,$0099F2,OS+0x08FF2,mapped-segment1,OS-RAM,$FFF934AA,$F934AA,,ROM,direct,binding-slot-target,V350,static-table,unknown,,1,slot jmp.l,,
bst:V350:0099F8:F934D4,$0099F8,OS+0x08FF8,mapped-segment1,OS-RAM,$FFF934D4,$F934D4,,ROM,direct,binding-slot-target,V350,static-table,unknown,,1,slot jmp.l,,
bst:V350:0099FE:F936B0,$0099FE,OS+0x08FFE,mapped-segment1,OS-RAM,$FFF936B0,$F936B0,,ROM,direct,binding-slot-target,V350,static-table,unknown,,1,slot jmp.l,,
bst:V350:009A04:F935C4,$009A04,OS+0x09004,mapped-segment1,OS-RAM,$FFF935C4,$F935C4,,ROM,direct,binding-slot-target,V350,static-table,unknown,,1,slot jmp.l,,
bst:V350:009A0A:F9366E,$009A0A,OS+0x0900A,mapped-segment1,OS-RAM,$FFF9366E,$F9366E,,ROM,direct,binding-slot-target,V350,static-table,unknown,,1,slot jmp.l,,
bst:V350:009A10:F935D4,$009A10,OS+0x09010,mapped-segment1,OS-RAM,$FFF935D4,$F935D4,,ROM,direct,binding-slot-target,V350,static-table,unknown,,1,slot jmp.l,,
bst:V350:009A16:F9368C,$009A16,OS+0x09016,mapped-segment1,OS-RAM,$FFF9368C,$F9368C,,ROM,direct,binding-slot-target,V350,static-table,unknown,,1,slot jmp.l,,
bst:V350:009A1C:F936A2,$009A1C,OS+0x0901C,mapped-segment1,OS-RAM,$FFF936A2,$F936A2,,ROM,direct,binding-slot-target,V350,static-table,unknown,,1,slot jmp.l,,
bst:V350:009A22:F93698,$009A22,OS+0x09022,mapped-segment1,OS-RAM,$FFF93698,$F93698,,ROM,direct,binding-slot-target,V350,static-table,unknown,,1,slot jmp.l,,
bst:V350:009A28:F9350E,$009A28,OS+0x09028,mapped-segment1,OS-RAM,$FFF9350E,$F9350E,,ROM,direct,binding-slot-target,V350,static-table,unknown,,1,slot jmp.l,,
bst:V350:009A2E:F935FC,$009A2E,OS+0x0902E,mapped-segment1,OS-RAM,$FFF935FC,$F935FC,,ROM,direct,binding-slot-target,V350,static-table,unknown,,1,slot jmp.l,,
bst:V350:009A34:F93608,$009A34,OS+0x09034,mapped-segment1,OS-RAM,$FFF93608,$F93608,,ROM,direct,binding-slot-target,V350,static-table,unknown,,1,slot jmp.l,,
bst:V350:009A3A:F93624,$009A3A,OS+0x0903A,mapped-segment1,OS-RAM,$FFF93624,$F93624,,ROM,direct,binding-slot-target,V350,static-table,unknown,,1,slot jmp.l,,
bst:V350:009A40:F936CA,$009A40,OS+0x09040,mapped-segment1,OS-RAM,$FFF936CA,$F936CA,,ROM,direct,binding-slot-target,V350,static-table,unknown,,1,slot jmp.l,,
bst:V350:009A5C:F936DE,$009A5C,OS+0x0905C,mapped-segment1,OS-RAM,$FFF936DE,$F936DE,,ROM,direct,binding-slot-target,V350,static-table,unknown,,1,slot jmp.l,,
bst:V350:009A62:F9375C,$009A62,OS+0x09062,mapped-segment1,OS-RAM,$FFF9375C,$F9375C,,ROM,direct,binding-slot-target,V350,static-table,unknown,,1,slot jmp.l,,
bst:V350:009A68:F93770,$009A68,OS+0x09068,mapped-segment1,OS-RAM,$FFF93770,$F93770,,ROM,direct,binding-slot-target,V350,static-table,unknown,,1,slot jmp.l,,
bst:V350:009A6E:F9378C,$009A6E,OS+0x0906E,mapped-segment1,OS-RAM,$FFF9378C,$F9378C,,ROM,direct,binding-slot-target,V350,static-table,unknown,,1,slot jmp.l,,
bst:V350:009A74:F93798,$009A74,OS+0x09074,mapped-segment1,OS-RAM,$FFF93798,$F93798,,ROM,direct,binding-slot-target,V350,static-table,unknown,,1,slot jmp.l,,
bst:V350:009A7A:011C38,$009A7A,OS+0x0907A,mapped-segment1,OS-RAM,$00011C38,$011C38,,OS-RAM,direct,binding-slot-target,V350,static-table,unknown,,1,slot jmp.l,,
bst:V350:009A80:F938E0,$009A80,OS+0x09080,mapped-segment1,OS-RAM,$FFF938E0,$F938E0,,ROM,direct,binding-slot-target,V350,static-table,unknown,,1,slot jmp.l,,
bst:V350:009A86:F938E4,$009A86,OS+0x09086,mapped-segment1,OS-RAM,$FFF938E4,$F938E4,,ROM,direct,binding-slot-target,V350,static-table,unknown,,1,slot jmp.l,,
bst:V350:009A8C:F938EE,$009A8C,OS+0x0908C,mapped-segment1,OS-RAM,$FFF938EE,$F938EE,,ROM,direct,binding-slot-target,V350,static-table,unknown,,1,slot jmp.l,,
bst:V350:009A92:F938F8,$009A92,OS+0x09092,mapped-segment1,OS-RAM,$FFF938F8,$F938F8,,ROM,direct,binding-slot-target,V350,static-table,unknown,,1,slot jmp.l,,
bst:V350:009A98:F93908,$009A98,OS+0x09098,mapped-segment1,OS-RAM,$FFF93908,$F93908,,ROM,direct,binding-slot-target,V350,static-table,unknown,,1,slot jmp.l,,
bst:V350:009A9E:F9393A,$009A9E,OS+0x0909E,mapped-segment1,OS-RAM,$FFF9393A,$F9393A,,ROM,direct,binding-slot-target,V350,static-table,unknown,,1,slot jmp.l,,
bst:V350:009AA4:F93924,$009AA4,OS+0x090A4,mapped-segment1,OS-RAM,$FFF93924,$F93924,,ROM,direct,binding-slot-target,V350,static-table,unknown,,1,slot jmp.l,,
bst:V350:009AAA:F93954,$009AAA,OS+0x090AA,mapped-segment1,OS-RAM,$FFF93954,$F93954,,ROM,direct,binding-slot-target,V350,static-table,unknown,,1,slot jmp.l,,
bst:V350:009AB0:F9399A,$009AB0,OS+0x090B0,mapped-segment1,OS-RAM,$FFF9399A,$F9399A,,ROM,direct,binding-slot-target,V350,static-table,unknown,,1,slot jmp.l,,
bst:V350:009AB6:F93958,$009AB6,OS+0x090B6,mapped-segment1,OS-RAM,$FFF93958,$F93958,,ROM,direct,binding-slot-target,V350,static-table,unknown,,1,slot jmp.l,,
bst:V350:009ABC:F93964,$009ABC,OS+0x090BC,mapped-segment1,OS-RAM,$FFF93964,$F93964,,ROM,direct,binding-slot-target,V350,static-table,unknown,,1,slot jmp.l,,
bst:V350:009AC2:F93968,$009AC2,OS+0x090C2,mapped-segment1,OS-RAM,$FFF93968,$F93968,,ROM,direct,binding-slot-target,V350,static-table,unknown,,1,slot jmp.l,,
bst:V350:009AC8:F93974,$009AC8,OS+0x090C8,mapped-segment1,OS-RAM,$FFF93974,$F93974,,ROM,direct,binding-slot-target,V350,static-table,unknown,,1,slot jmp.l,,
bst:V350:009ACE:F93978,$009ACE,OS+0x090CE,mapped-segment1,OS-RAM,$FFF93978,$F93978,,ROM,direct,binding-slot-target,V350,static-table,unknown,,1,slot jmp.l,,
bst:V350:009AD4:F93984,$009AD4,OS+0x090D4,mapped-segment1,OS-RAM,$FFF93984,$F93984,,ROM,direct,binding-slot-target,V350,static-table,unknown,,1,slot jmp.l,,
bst:V350:009ADA:F9398E,$009ADA,OS+0x090DA,mapped-segment1,OS-RAM,$FFF9398E,$F9398E,,ROM,direct,binding-slot-target,V350,static-table,unknown,,1,slot jmp.l,,
bst:V350:009AE0:F93A24,$009AE0,OS+0x090E0,mapped-segment1,OS-RAM,$FFF93A24,$F93A24,,ROM,direct,binding-slot-target,V350,static-table,unknown,,1,slot jmp.l,,
bst:V350:009AE6:F93A2E,$009AE6,OS+0x090E6,mapped-segment1,OS-RAM,$FFF93A2E,$F93A2E,,ROM,direct,binding-slot-target,V350,static-table,unknown,,1,slot jmp.l,,
bst:V350:009AEC:F93A38,$009AEC,OS+0x090EC,mapped-segment1,OS-RAM,$FFF93A38,$F93A38,,ROM,direct,binding-slot-target,V350,static-table,unknown,,1,slot jmp.l,,
bst:V350:009AF2:F93A3E,$009AF2,OS+0x090F2,mapped-segment1,OS-RAM,$FFF93A3E,$F93A3E,,ROM,direct,binding-slot-target,V350,static-table,unknown,,1,slot jmp.l,,
bst:V350:009AF8:F93A48,$009AF8,OS+0x090F8,mapped-segment1,OS-RAM,$FFF93A48,$F93A48,,ROM,direct,binding-slot-target,V350,static-table,unknown,,1,slot jmp.l,,
bst:V350:009AFE:F93ABC,$009AFE,OS+0x090FE,mapped-segment1,OS-RAM,$FFF93ABC,$F93ABC,,ROM,direct,binding-slot-target,V350,static-table,unknown,,1,slot jmp.l,,
bst:V350:009B04:F93AC8,$009B04,OS+0x09104,mapped-segment1,OS-RAM,$FFF93AC8,$F93AC8,,ROM,direct,binding-slot-target,V350,static-table,unknown,,1,slot jmp.l,,
bst:V350:009B0A:F93AEC,$009B0A,OS+0x0910A,mapped-segment1,OS-RAM,$FFF93AEC,$F93AEC,,ROM,direct,binding-slot-target,V350,static-table,unknown,,1,slot jmp.l,,
bst:V350:009B10:F93B38,$009B10,OS+0x09110,mapped-segment1,OS-RAM,$FFF93B38,$F93B38,,ROM,direct,binding-slot-target,V350,static-table,unknown,,1,slot jmp.l,,
bst:V350:009B16:F93B44,$009B16,OS+0x09116,mapped-segment1,OS-RAM,$FFF93B44,$F93B44,,ROM,direct,binding-slot-target,V350,static-table,unknown,,1,slot jmp.l,,
bst:V350:009B1C:011C6C,$009B1C,OS+0x0911C,mapped-segment1,OS-RAM,$00011C6C,$011C6C,,OS-RAM,direct,binding-slot-target,V350,static-table,unknown,,1,slot jmp.l,,
bst:V350:009B22:F93C04,$009B22,OS+0x09122,mapped-segment1,OS-RAM,$FFF93C04,$F93C04,,ROM,direct,binding-slot-target,V350,static-table,unknown,,1,slot jmp.l,,
bst:V350:009B28:F93C46,$009B28,OS+0x09128,mapped-segment1,OS-RAM,$FFF93C46,$F93C46,,ROM,direct,binding-slot-target,V350,static-table,unknown,,1,slot jmp.l,,
bst:V350:009B2E:F93C6C,$009B2E,OS+0x0912E,mapped-segment1,OS-RAM,$FFF93C6C,$F93C6C,,ROM,direct,binding-slot-target,V350,static-table,unknown,,1,slot jmp.l,,
bst:V350:009B34:F93C7C,$009B34,OS+0x09134,mapped-segment1,OS-RAM,$FFF93C7C,$F93C7C,,ROM,direct,binding-slot-target,V350,static-table,unknown,,1,slot jmp.l,,
bst:V350:009B3A:F93C90,$009B3A,OS+0x0913A,mapped-segment1,OS-RAM,$FFF93C90,$F93C90,,ROM,direct,binding-slot-target,V350,static-table,unknown,,1,slot jmp.l,,
bst:V350:009B40:F93CA8,$009B40,OS+0x09140,mapped-segment1,OS-RAM,$FFF93CA8,$F93CA8,,ROM,direct,binding-slot-target,V350,static-table,unknown,,1,slot jmp.l,,
bst:V350:009B46:F93CB6,$009B46,OS+0x09146,mapped-segment1,OS-RAM,$FFF93CB6,$F93CB6,,ROM,direct,binding-slot-target,V350,static-table,unknown,,1,slot jmp.l,,
bst:V350:009B4C:F93CF2,$009B4C,OS+0x0914C,mapped-segment1,OS-RAM,$FFF93CF2,$F93CF2,,ROM,direct,binding-slot-target,V350,static-table,unknown,,1,slot jmp.l,,
bst:V350:009B52:F93D0A,$009B52,OS+0x09152,mapped-segment1,OS-RAM,$FFF93D0A,$F93D0A,,ROM,direct,binding-slot-target,V350,static-table,unknown,,1,slot jmp.l,,
bst:V350:009B58:F93D2C,$009B58,OS+0x09158,mapped-segment1,OS-RAM,$FFF93D2C,$F93D2C,,ROM,direct,binding-slot-target,V350,static-table,unknown,,1,slot jmp.l,,
bst:V350:009B5E:F93DD6,$009B5E,OS+0x0915E,mapped-segment1,OS-RAM,$FFF93DD6,$F93DD6,,ROM,direct,binding-slot-target,V350,static-table,unknown,,1,slot jmp.l,,
bst:V350:009B64:F93DDC,$009B64,OS+0x09164,mapped-segment1,OS-RAM,$FFF93DDC,$F93DDC,,ROM,direct,binding-slot-target,V350,static-table,unknown,,1,slot jmp.l,,
bst:V350:009B6A:F93E1A,$009B6A,OS+0x0916A,mapped-segment1,OS-RAM,$FFF93E1A,$F93E1A,,ROM,direct,binding-slot-target,V350,static-table,unknown,,1,slot jmp.l,,
bst:V350:009B70:F93EC4,$009B70,OS+0x09170,mapped-segment1,OS-RAM,$FFF93EC4,$F93EC4,,ROM,direct,binding-slot-target,V350,static-table,unknown,,1,slot jmp.l,,
bst:V350:009B76:F93ED0,$009B76,OS+0x09176,mapped-segment1,OS-RAM,$FFF93ED0,$F93ED0,,ROM,direct,binding-slot-target,V350,static-table,unknown,,1,slot jmp.l,,
bst:V350:009B7C:011C76,$009B7C,OS+0x0917C,mapped-segment1,OS-RAM,$00011C76,$011C76,,OS-RAM,direct,binding-slot-target,V350,static-table,unknown,,1,slot jmp.l,,
bst:V350:009B82:F93F20,$009B82,OS+0x09182,mapped-segment1,OS-RAM,$FFF93F20,$F93F20,,ROM,direct,binding-slot-target,V350,static-table,unknown,,1,slot jmp.l,,
bst:V350:009B88:F93F4C,$009B88,OS+0x09188,mapped-segment1,OS-RAM,$FFF93F4C,$F93F4C,,ROM,direct,binding-slot-target,V350,static-table,unknown,,1,slot jmp.l,,
bst:V350:009B8E:F93F82,$009B8E,OS+0x0918E,mapped-segment1,OS-RAM,$FFF93F82,$F93F82,,ROM,direct,binding-slot-target,V350,static-table,unknown,,1,slot jmp.l,,
bst:V350:009B94:F93FC0,$009B94,OS+0x09194,mapped-segment1,OS-RAM,$FFF93FC0,$F93FC0,,ROM,direct,binding-slot-target,V350,static-table,unknown,,1,slot jmp.l,,
bst:V350:009B9A:F93FAE,$009B9A,OS+0x0919A,mapped-segment1,OS-RAM,$FFF93FAE,$F93FAE,,ROM,direct,binding-slot-target,V350,static-table,unknown,,1,slot jmp.l,,
bst:V350:009BA0:F93FF4,$009BA0,OS+0x091A0,mapped-segment1,OS-RAM,$FFF93FF4,$F93FF4,,ROM,direct,binding-slot-target,V350,static-table,unknown,,1,slot jmp.l,,
bst:V350:009BA6:F94000,$009BA6,OS+0x091A6,mapped-segment1,OS-RAM,$FFF94000,$F94000,,ROM,direct,binding-slot-target,V350,static-table,unknown,,1,slot jmp.l,,
bst:V350:009BAC:F9402E,$009BAC,OS+0x091AC,mapped-segment1,OS-RAM,$FFF9402E,$F9402E,,ROM,direct,binding-slot-target,V350,static-table,unknown,,1,slot jmp.l,,
bst:V350:009BB2:F94064,$009BB2,OS+0x091B2,mapped-segment1,OS-RAM,$FFF94064,$F94064,,ROM,direct,binding-slot-target,V350,static-table,unknown,,1,slot jmp.l,,
bst:V350:009BB8:F94084,$009BB8,OS+0x091B8,mapped-segment1,OS-RAM,$FFF94084,$F94084,,ROM,direct,binding-slot-target,V350,static-table,unknown,,1,slot jmp.l,,
bst:V350:009BBE:F940A6,$009BBE,OS+0x091BE,mapped-segment1,OS-RAM,$FFF940A6,$F940A6,,ROM,direct,binding-slot-target,V350,static-table,unknown,,1,slot jmp.l,,
bst:V350:009BC4:F940EC,$009BC4,OS+0x091C4,mapped-segment1,OS-RAM,$FFF940EC,$F940EC,,ROM,direct,binding-slot-target,V350,static-table,unknown,,1,slot jmp.l,,
bst:V350:009BCA:F9411E,$009BCA,OS+0x091CA,mapped-segment1,OS-RAM,$FFF9411E,$F9411E,,ROM,direct,binding-slot-target,V350,static-table,unknown,,1,slot jmp.l,,
bst:V350:009BD0:F9418C,$009BD0,OS+0x091D0,mapped-segment1,OS-RAM,$FFF9418C,$F9418C,,ROM,direct,binding-slot-target,V350,static-table,unknown,,1,slot jmp.l,,
bst:V350:009BD6:F941AE,$009BD6,OS+0x091D6,mapped-segment1,OS-RAM,$FFF941AE,$F941AE,,ROM,direct,binding-slot-target,V350,static-table,unknown,,1,slot jmp.l,,
bst:V350:009BDC:F941CA,$009BDC,OS+0x091DC,mapped-segment1,OS-RAM,$FFF941CA,$F941CA,,ROM,direct,binding-slot-target,V350,static-table,unknown,,1,slot jmp.l,,
bst:V350:009BE2:011C80,$009BE2,OS+0x091E2,mapped-segment1,OS-RAM,$00011C80,$011C80,,OS-RAM,direct,binding-slot-target,V350,static-table,unknown,,1,slot jmp.l,,
bst:V350:009BE8:011D74,$009BE8,OS+0x091E8,mapped-segment1,OS-RAM,$00011D74,$011D74,,OS-RAM,direct,binding-slot-target,V350,static-table,unknown,,1,slot jmp.l,,
bst:V350:009BEE:011D86,$009BEE,OS+0x091EE,mapped-segment1,OS-RAM,$00011D86,$011D86,,OS-RAM,direct,binding-slot-target,V350,static-table,unknown,,1,slot jmp.l,,
bst:V350:009BF4:011D92,$009BF4,OS+0x091F4,mapped-segment1,OS-RAM,$00011D92,$011D92,,OS-RAM,direct,binding-slot-target,V350,static-table,unknown,,1,slot jmp.l,,
bst:V350:009BFA:011C9C,$009BFA,OS+0x091FA,mapped-segment1,OS-RAM,$00011C9C,$011C9C,,OS-RAM,direct,binding-slot-target,V350,static-table,unknown,,1,slot jmp.l,,
bst:V350:009C00:F940C4,$009C00,OS+0x09200,mapped-segment1,OS-RAM,$FFF940C4,$F940C4,,ROM,direct,binding-slot-target,V350,static-table,unknown,,1,slot jmp.l,,
bst:V350:009C06:F940DE,$009C06,OS+0x09206,mapped-segment1,OS-RAM,$FFF940DE,$F940DE,,ROM,direct,binding-slot-target,V350,static-table,unknown,,1,slot jmp.l,,
bst:V350:009C38:011D9E,$009C38,OS+0x09238,mapped-segment1,OS-RAM,$00011D9E,$011D9E,,OS-RAM,direct,binding-slot-target,V350,static-table,unknown,,1,slot jmp.l,,
bst:V350:009C3E:F94482,$009C3E,OS+0x0923E,mapped-segment1,OS-RAM,$FFF94482,$F94482,,ROM,direct,binding-slot-target,V350,static-table,unknown,,1,slot jmp.l,,
bst:V350:009C44:F9448E,$009C44,OS+0x09244,mapped-segment1,OS-RAM,$FFF9448E,$F9448E,,ROM,direct,binding-slot-target,V350,static-table,unknown,,1,slot jmp.l,,
bst:V350:009C4A:F944A8,$009C4A,OS+0x0924A,mapped-segment1,OS-RAM,$FFF944A8,$F944A8,,ROM,direct,binding-slot-target,V350,static-table,unknown,,1,slot jmp.l,,
bst:V350:009C50:F94520,$009C50,OS+0x09250,mapped-segment1,OS-RAM,$FFF94520,$F94520,,ROM,direct,binding-slot-target,V350,static-table,unknown,,1,slot jmp.l,,
bst:V350:009C56:F9453A,$009C56,OS+0x09256,mapped-segment1,OS-RAM,$FFF9453A,$F9453A,,ROM,direct,binding-slot-target,V350,static-table,unknown,,1,slot jmp.l,,
bst:V350:009C5C:F94546,$009C5C,OS+0x0925C,mapped-segment1,OS-RAM,$FFF94546,$F94546,,ROM,direct,binding-slot-target,V350,static-table,unknown,,1,slot jmp.l,,
bst:V350:009C62:F94552,$009C62,OS+0x09262,mapped-segment1,OS-RAM,$FFF94552,$F94552,,ROM,direct,binding-slot-target,V350,static-table,unknown,,1,slot jmp.l,,
bst:V350:009C68:F9456C,$009C68,OS+0x09268,mapped-segment1,OS-RAM,$FFF9456C,$F9456C,,ROM,direct,binding-slot-target,V350,static-table,unknown,,1,slot jmp.l,,
bst:V350:009C6E:F945AA,$009C6E,OS+0x0926E,mapped-segment1,OS-RAM,$FFF945AA,$F945AA,,ROM,direct,binding-slot-target,V350,static-table,unknown,,1,slot jmp.l,,
bst:V350:009C74:F945C2,$009C74,OS+0x09274,mapped-segment1,OS-RAM,$FFF945C2,$F945C2,,ROM,direct,binding-slot-target,V350,static-table,unknown,,1,slot jmp.l,,
bst:V350:009C7A:F945CE,$009C7A,OS+0x0927A,mapped-segment1,OS-RAM,$FFF945CE,$F945CE,,ROM,direct,binding-slot-target,V350,static-table,unknown,,1,slot jmp.l,,
bst:V350:009C80:F945DA,$009C80,OS+0x09280,mapped-segment1,OS-RAM,$FFF945DA,$F945DA,,ROM,direct,binding-slot-target,V350,static-table,unknown,,1,slot jmp.l,,
bst:V350:009C86:F945F6,$009C86,OS+0x09286,mapped-segment1,OS-RAM,$FFF945F6,$F945F6,,ROM,direct,binding-slot-target,V350,static-table,unknown,,1,slot jmp.l,,
bst:V350:009C8C:F9469A,$009C8C,OS+0x0928C,mapped-segment1,OS-RAM,$FFF9469A,$F9469A,,ROM,direct,binding-slot-target,V350,static-table,unknown,,1,slot jmp.l,,
bst:V350:009C92:F946A2,$009C92,OS+0x09292,mapped-segment1,OS-RAM,$FFF946A2,$F946A2,,ROM,direct,binding-slot-target,V350,static-table,unknown,,1,slot jmp.l,,
bst:V350:009C98:F94702,$009C98,OS+0x09298,mapped-segment1,OS-RAM,$FFF94702,$F94702,,ROM,direct,binding-slot-target,V350,static-table,unknown,,1,slot jmp.l,,
bst:V350:009C9E:F9474E,$009C9E,OS+0x0929E,mapped-segment1,OS-RAM,$FFF9474E,$F9474E,,ROM,direct,binding-slot-target,V350,static-table,unknown,,1,slot jmp.l,,
bst:V350:009CA4:F9475A,$009CA4,OS+0x092A4,mapped-segment1,OS-RAM,$FFF9475A,$F9475A,,ROM,direct,binding-slot-target,V350,static-table,unknown,,1,slot jmp.l,,
bst:V350:009CAA:F94766,$009CAA,OS+0x092AA,mapped-segment1,OS-RAM,$FFF94766,$F94766,,ROM,direct,binding-slot-target,V350,static-table,unknown,,1,slot jmp.l,,
bst:V350:009CB0:F9477A,$009CB0,OS+0x092B0,mapped-segment1,OS-RAM,$FFF9477A,$F9477A,,ROM,direct,binding-slot-target,V350,static-table,unknown,,1,slot jmp.l,,
bst:V350:009CB6:F9478C,$009CB6,OS+0x092B6,mapped-segment1,OS-RAM,$FFF9478C,$F9478C,,ROM,direct,binding-slot-target,V350,static-table,unknown,,1,slot jmp.l,,
bst:V350:009CBC:F94792,$009CBC,OS+0x092BC,mapped-segment1,OS-RAM,$FFF94792,$F94792,,ROM,direct,binding-slot-target,V350,static-table,unknown,,1,slot jmp.l,,
bst:V350:009CC2:F947E8,$009CC2,OS+0x092C2,mapped-segment1,OS-RAM,$FFF947E8,$F947E8,,ROM,direct,binding-slot-target,V350,static-table,unknown,,1,slot jmp.l,,
bst:V350:009CC8:F9480A,$009CC8,OS+0x092C8,mapped-segment1,OS-RAM,$FFF9480A,$F9480A,,ROM,direct,binding-slot-target,V350,static-table,unknown,,1,slot jmp.l,,
bst:V350:009CCE:F94856,$009CCE,OS+0x092CE,mapped-segment1,OS-RAM,$FFF94856,$F94856,,ROM,direct,binding-slot-target,V350,static-table,unknown,,1,slot jmp.l,,
bst:V350:009CD4:F94872,$009CD4,OS+0x092D4,mapped-segment1,OS-RAM,$FFF94872,$F94872,,ROM,direct,binding-slot-target,V350,static-table,unknown,,1,slot jmp.l,,
bst:V350:009CDA:F94896,$009CDA,OS+0x092DA,mapped-segment1,OS-RAM,$FFF94896,$F94896,,ROM,direct,binding-slot-target,V350,static-table,unknown,,1,slot jmp.l,,
bst:V350:009CE0:F948D4,$009CE0,OS+0x092E0,mapped-segment1,OS-RAM,$FFF948D4,$F948D4,,ROM,direct,binding-slot-target,V350,static-table,unknown,,1,slot jmp.l,,
bst:V350:009CE6:F949AC,$009CE6,OS+0x092E6,mapped-segment1,OS-RAM,$FFF949AC,$F949AC,,ROM,direct,binding-slot-target,V350,static-table,unknown,,1,slot jmp.l,,
bst:V350:009CEC:F94AD0,$009CEC,OS+0x092EC,mapped-segment1,OS-RAM,$FFF94AD0,$F94AD0,,ROM,direct,binding-slot-target,V350,static-table,unknown,,1,slot jmp.l,,
bst:V350:009CF2:007188,$009CF2,OS+0x092F2,mapped-segment1,OS-RAM,$00007188,$007188,,OS-RAM,direct,binding-slot-target,V350,static-table,unknown,,1,slot jmp.l,,
bst:V350:009CF8:F94C8E,$009CF8,OS+0x092F8,mapped-segment1,OS-RAM,$FFF94C8E,$F94C8E,,ROM,direct,binding-slot-target,V350,static-table,unknown,,1,slot jmp.l,,
bst:V350:009CFE:F94C94,$009CFE,OS+0x092FE,mapped-segment1,OS-RAM,$FFF94C94,$F94C94,,ROM,direct,binding-slot-target,V350,static-table,unknown,,1,slot jmp.l,,
bst:V350:009D04:F94CC4,$009D04,OS+0x09304,mapped-segment1,OS-RAM,$FFF94CC4,$F94CC4,,ROM,direct,binding-slot-target,V350,static-table,unknown,,1,slot jmp.l,,
bst:V350:009D0A:F94CC4,$009D0A,OS+0x0930A,mapped-segment1,OS-RAM,$FFF94CC4,$F94CC4,,ROM,direct,binding-slot-target,V350,static-table,unknown,,1,slot jmp.l,,
bst:V350:009D10:F94CFE,$009D10,OS+0x09310,mapped-segment1,OS-RAM,$FFF94CFE,$F94CFE,,ROM,direct,binding-slot-target,V350,static-table,unknown,,1,slot jmp.l,,
bst:V350:009D16:F94D08,$009D16,OS+0x09316,mapped-segment1,OS-RAM,$FFF94D08,$F94D08,,ROM,direct,binding-slot-target,V350,static-table,unknown,,1,slot jmp.l,,
bst:V350:009D1C:F94D54,$009D1C,OS+0x0931C,mapped-segment1,OS-RAM,$FFF94D54,$F94D54,,ROM,direct,binding-slot-target,V350,static-table,unknown,,1,slot jmp.l,,
bst:V350:009D22:F94D5C,$009D22,OS+0x09322,mapped-segment1,OS-RAM,$FFF94D5C,$F94D5C,,ROM,direct,binding-slot-target,V350,static-table,unknown,,1,slot jmp.l,,
bst:V350:009D28:F94DA0,$009D28,OS+0x09328,mapped-segment1,OS-RAM,$FFF94DA0,$F94DA0,,ROM,direct,binding-slot-target,V350,static-table,unknown,,1,slot jmp.l,,
bst:V350:009D2E:F94DB0,$009D2E,OS+0x0932E,mapped-segment1,OS-RAM,$FFF94DB0,$F94DB0,,ROM,direct,binding-slot-target,V350,static-table,unknown,,1,slot jmp.l,,
bst:V350:009D34:F94DB0,$009D34,OS+0x09334,mapped-segment1,OS-RAM,$FFF94DB0,$F94DB0,,ROM,direct,binding-slot-target,V350,static-table,unknown,,1,slot jmp.l,,
bst:V350:009D3A:F94DD2,$009D3A,OS+0x0933A,mapped-segment1,OS-RAM,$FFF94DD2,$F94DD2,,ROM,direct,binding-slot-target,V350,static-table,unknown,,1,slot jmp.l,,
bst:V350:009D40:F94E28,$009D40,OS+0x09340,mapped-segment1,OS-RAM,$FFF94E28,$F94E28,,ROM,direct,binding-slot-target,V350,static-table,unknown,,1,slot jmp.l,,
bst:V350:009D46:F94F3A,$009D46,OS+0x09346,mapped-segment1,OS-RAM,$FFF94F3A,$F94F3A,,ROM,direct,binding-slot-target,V350,static-table,unknown,,1,slot jmp.l,,
bst:V350:009D4C:F94F26,$009D4C,OS+0x0934C,mapped-segment1,OS-RAM,$FFF94F26,$F94F26,,ROM,direct,binding-slot-target,V350,static-table,unknown,,1,slot jmp.l,,
bst:V350:009D52:F94E4E,$009D52,OS+0x09352,mapped-segment1,OS-RAM,$FFF94E4E,$F94E4E,,ROM,direct,binding-slot-target,V350,static-table,unknown,,1,slot jmp.l,,
bst:V350:009D58:F94E66,$009D58,OS+0x09358,mapped-segment1,OS-RAM,$FFF94E66,$F94E66,,ROM,direct,binding-slot-target,V350,static-table,unknown,,1,slot jmp.l,,
bst:V350:009D5E:F94D28,$009D5E,OS+0x0935E,mapped-segment1,OS-RAM,$FFF94D28,$F94D28,,ROM,direct,binding-slot-target,V350,static-table,unknown,,1,slot jmp.l,,
bst:V350:009D64:F94E7C,$009D64,OS+0x09364,mapped-segment1,OS-RAM,$FFF94E7C,$F94E7C,,ROM,direct,binding-slot-target,V350,static-table,unknown,,1,slot jmp.l,,
bst:V350:009D6A:011DA8,$009D6A,OS+0x0936A,mapped-segment1,OS-RAM,$00011DA8,$011DA8,,OS-RAM,direct,binding-slot-target,V350,static-table,unknown,,1,slot jmp.l,,
bst:V350:009ECC:011DAA,$009ECC,OS+0x094CC,mapped-segment1,OS-RAM,$00011DAA,$011DAA,,OS-RAM,direct,binding-slot-target,V350,static-table,unknown,,1,slot jmp.l,,
bst:V350:009ED2:F95238,$009ED2,OS+0x094D2,mapped-segment1,OS-RAM,$FFF95238,$F95238,,ROM,direct,binding-slot-target,V350,static-table,unknown,,1,slot jmp.l,,
bst:V350:009ED8:011DBC,$009ED8,OS+0x094D8,mapped-segment1,OS-RAM,$00011DBC,$011DBC,,OS-RAM,direct,binding-slot-target,V350,static-table,unknown,,1,slot jmp.l,,
bst:V350:009EDE:011DCA,$009EDE,OS+0x094DE,mapped-segment1,OS-RAM,$00011DCA,$011DCA,,OS-RAM,direct,binding-slot-target,V350,static-table,unknown,,1,slot jmp.l,,
bst:V350:009EE4:011DD8,$009EE4,OS+0x094E4,mapped-segment1,OS-RAM,$00011DD8,$011DD8,,OS-RAM,direct,binding-slot-target,V350,static-table,unknown,,1,slot jmp.l,,
bst:V350:009EEA:F951F4,$009EEA,OS+0x094EA,mapped-segment1,OS-RAM,$FFF951F4,$F951F4,,ROM,direct,binding-slot-target,V350,static-table,unknown,,1,slot jmp.l,,
bst:V350:009EF0:F95076,$009EF0,OS+0x094F0,mapped-segment1,OS-RAM,$FFF95076,$F95076,,ROM,direct,binding-slot-target,V350,static-table,unknown,,1,slot jmp.l,,
bst:V350:009EF6:F950A0,$009EF6,OS+0x094F6,mapped-segment1,OS-RAM,$FFF950A0,$F950A0,,ROM,direct,binding-slot-target,V350,static-table,unknown,,1,slot jmp.l,,
bst:V350:009EFC:011E08,$009EFC,OS+0x094FC,mapped-segment1,OS-RAM,$00011E08,$011E08,,OS-RAM,direct,binding-slot-target,V350,static-table,unknown,,1,slot jmp.l,,
bst:V350:009F02:F95250,$009F02,OS+0x09502,mapped-segment1,OS-RAM,$FFF95250,$F95250,,ROM,direct,binding-slot-target,V350,static-table,unknown,,1,slot jmp.l,,
bst:V350:009F08:011DE6,$009F08,OS+0x09508,mapped-segment1,OS-RAM,$00011DE6,$011DE6,,OS-RAM,direct,binding-slot-target,V350,static-table,unknown,,1,slot jmp.l,,
bst:V350:009F0E:F95318,$009F0E,OS+0x0950E,mapped-segment1,OS-RAM,$FFF95318,$F95318,,ROM,direct,binding-slot-target,V350,static-table,unknown,,1,slot jmp.l,,
bst:V350:009F14:F9532C,$009F14,OS+0x09514,mapped-segment1,OS-RAM,$FFF9532C,$F9532C,,ROM,direct,binding-slot-target,V350,static-table,unknown,,1,slot jmp.l,,
bst:V350:009F1A:F951EA,$009F1A,OS+0x0951A,mapped-segment1,OS-RAM,$FFF951EA,$F951EA,,ROM,direct,binding-slot-target,V350,static-table,unknown,,1,slot jmp.l,,
bst:V350:009F2A:012068,$009F2A,OS+0x0952A,mapped-segment1,OS-RAM,$00012068,$012068,,OS-RAM,direct,binding-slot-target,V350,static-table,unknown,,1,slot jmp.l,,
bst:V350:009F30:011E20,$009F30,OS+0x09530,mapped-segment1,OS-RAM,$00011E20,$011E20,,OS-RAM,direct,binding-slot-target,V350,static-table,unknown,,1,slot jmp.l,,
bst:V350:009F36:011EFA,$009F36,OS+0x09536,mapped-segment1,OS-RAM,$00011EFA,$011EFA,,OS-RAM,direct,binding-slot-target,V350,static-table,unknown,,1,slot jmp.l,,
bst:V350:009F3C:011E96,$009F3C,OS+0x0953C,mapped-segment1,OS-RAM,$00011E96,$011E96,,OS-RAM,direct,binding-slot-target,V350,static-table,unknown,,1,slot jmp.l,,
bst:V350:009F42:F955E4,$009F42,OS+0x09542,mapped-segment1,OS-RAM,$FFF955E4,$F955E4,,ROM,direct,binding-slot-target,V350,static-table,unknown,,1,slot jmp.l,,
bst:V350:009F48:F954E0,$009F48,OS+0x09548,mapped-segment1,OS-RAM,$FFF954E0,$F954E0,,ROM,direct,binding-slot-target,V350,static-table,unknown,,1,slot jmp.l,,
bst:V350:009F4E:F95466,$009F4E,OS+0x0954E,mapped-segment1,OS-RAM,$FFF95466,$F95466,,ROM,direct,binding-slot-target,V350,static-table,unknown,,1,slot jmp.l,,
bst:V350:009F54:F95432,$009F54,OS+0x09554,mapped-segment1,OS-RAM,$FFF95432,$F95432,,ROM,direct,binding-slot-target,V350,static-table,unknown,,1,slot jmp.l,,
bst:V350:009F5A:F95414,$009F5A,OS+0x0955A,mapped-segment1,OS-RAM,$FFF95414,$F95414,,ROM,direct,binding-slot-target,V350,static-table,unknown,,1,slot jmp.l,,
bst:V350:009F60:011E8C,$009F60,OS+0x09560,mapped-segment1,OS-RAM,$00011E8C,$011E8C,,OS-RAM,direct,binding-slot-target,V350,static-table,unknown,,1,slot jmp.l,,
bst:V350:009F66:F955F0,$009F66,OS+0x09566,mapped-segment1,OS-RAM,$FFF955F0,$F955F0,,ROM,direct,binding-slot-target,V350,static-table,unknown,,1,slot jmp.l,,
bst:V350:009F6C:F95730,$009F6C,OS+0x0956C,mapped-segment1,OS-RAM,$FFF95730,$F95730,,ROM,direct,binding-slot-target,V350,static-table,unknown,,1,slot jmp.l,,
bst:V350:009F72:F95800,$009F72,OS+0x09572,mapped-segment1,OS-RAM,$FFF95800,$F95800,,ROM,direct,binding-slot-target,V350,static-table,unknown,,1,slot jmp.l,,
bst:V350:009F78:F9579C,$009F78,OS+0x09578,mapped-segment1,OS-RAM,$FFF9579C,$F9579C,,ROM,direct,binding-slot-target,V350,static-table,unknown,,1,slot jmp.l,,
bst:V350:009F7E:F957C0,$009F7E,OS+0x0957E,mapped-segment1,OS-RAM,$FFF957C0,$F957C0,,ROM,direct,binding-slot-target,V350,static-table,unknown,,1,slot jmp.l,,
bst:V350:009F84:F957DE,$009F84,OS+0x09584,mapped-segment1,OS-RAM,$FFF957DE,$F957DE,,ROM,direct,binding-slot-target,V350,static-table,unknown,,1,slot jmp.l,,
bst:V350:009F8A:F95810,$009F8A,OS+0x0958A,mapped-segment1,OS-RAM,$FFF95810,$F95810,,ROM,direct,binding-slot-target,V350,static-table,unknown,,1,slot jmp.l,,
bst:V350:009F90:F9584A,$009F90,OS+0x09590,mapped-segment1,OS-RAM,$FFF9584A,$F9584A,,ROM,direct,binding-slot-target,V350,static-table,unknown,,1,slot jmp.l,,
bst:V350:009F96:F95992,$009F96,OS+0x09596,mapped-segment1,OS-RAM,$FFF95992,$F95992,,ROM,direct,binding-slot-target,V350,static-table,unknown,,1,slot jmp.l,,
bst:V350:009F9C:F957D0,$009F9C,OS+0x0959C,mapped-segment1,OS-RAM,$FFF957D0,$F957D0,,ROM,direct,binding-slot-target,V350,static-table,unknown,,1,slot jmp.l,,
bst:V350:009FA2:F956F6,$009FA2,OS+0x095A2,mapped-segment1,OS-RAM,$FFF956F6,$F956F6,,ROM,direct,binding-slot-target,V350,static-table,unknown,,1,slot jmp.l,,
bst:V350:009FA8:F959CC,$009FA8,OS+0x095A8,mapped-segment1,OS-RAM,$FFF959CC,$F959CC,,ROM,direct,binding-slot-target,V350,static-table,unknown,,1,slot jmp.l,,
bst:V350:009FAE:F95A9E,$009FAE,OS+0x095AE,mapped-segment1,OS-RAM,$FFF95A9E,$F95A9E,,ROM,direct,binding-slot-target,V350,static-table,unknown,,1,slot jmp.l,,
bst:V350:009FB4:F95AF0,$009FB4,OS+0x095B4,mapped-segment1,OS-RAM,$FFF95AF0,$F95AF0,,ROM,direct,binding-slot-target,V350,static-table,unknown,,1,slot jmp.l,,
bst:V350:009FBA:01209A,$009FBA,OS+0x095BA,mapped-segment1,OS-RAM,$0001209A,$01209A,,OS-RAM,direct,binding-slot-target,V350,static-table,unknown,,1,slot jmp.l,,
bst:V350:009FC0:F95B3C,$009FC0,OS+0x095C0,mapped-segment1,OS-RAM,$FFF95B3C,$F95B3C,,ROM,direct,binding-slot-target,V350,static-table,unknown,,1,slot jmp.l,,
bst:V350:009FC6:F95B48,$009FC6,OS+0x095C6,mapped-segment1,OS-RAM,$FFF95B48,$F95B48,,ROM,direct,binding-slot-target,V350,static-table,unknown,,1,slot jmp.l,,
bst:V350:009FCC:F95B8C,$009FCC,OS+0x095CC,mapped-segment1,OS-RAM,$FFF95B8C,$F95B8C,,ROM,direct,binding-slot-target,V350,static-table,unknown,,1,slot jmp.l,,
bst:V350:009FD2:F95AD0,$009FD2,OS+0x095D2,mapped-segment1,OS-RAM,$FFF95AD0,$F95AD0,,ROM,direct,binding-slot-target,V350,static-table,unknown,,1,slot jmp.l,,
bst:V350:009FD8:F95BD6,$009FD8,OS+0x095D8,mapped-segment1,OS-RAM,$FFF95BD6,$F95BD6,,ROM,direct,binding-slot-target,V350,static-table,unknown,,1,slot jmp.l,,
bst:V350:009FDE:014534,$009FDE,OS+0x095DE,mapped-segment1,OS-RAM,$00014534,$014534,,OS-RAM,direct,binding-slot-target,V350,static-table,unknown,,1,slot jmp.l,,
bst:V350:009FE4:014556,$009FE4,OS+0x095E4,mapped-segment1,OS-RAM,$00014556,$014556,,OS-RAM,direct,binding-slot-target,V350,static-table,unknown,,1,slot jmp.l,,
bst:V350:009FEA:F95C24,$009FEA,OS+0x095EA,mapped-segment1,OS-RAM,$FFF95C24,$F95C24,,ROM,direct,binding-slot-target,V350,static-table,unknown,,1,slot jmp.l,,
bst:V350:009FF0:014514,$009FF0,OS+0x095F0,mapped-segment1,OS-RAM,$00014514,$014514,,OS-RAM,direct,binding-slot-target,V350,static-table,unknown,,1,slot jmp.l,,
bst:V350:009FF6:F959E0,$009FF6,OS+0x095F6,mapped-segment1,OS-RAM,$FFF959E0,$F959E0,,ROM,direct,binding-slot-target,V350,static-table,unknown,,1,slot jmp.l,,
bst:V350:009FFC:0120E2,$009FFC,OS+0x095FC,mapped-segment1,OS-RAM,$000120E2,$0120E2,,OS-RAM,direct,binding-slot-target,V350,static-table,unknown,,1,slot jmp.l,,
dal:V161:000FA2:F8EA58,$000FA2,OS+0x005A2,mapped-segment1,OS-RAM,$FFF8EA58,$F8EA58,,ROM,direct,direct-abs.l,V161,static-abs.l,unknown,,1,jmp,,
dal:V161:000FA8:F8EBBE,$000FA8,OS+0x005A8,mapped-segment1,OS-RAM,$FFF8EBBE,$F8EBBE,,ROM,direct,direct-abs.l,V161,static-abs.l,unknown,,1,jmp,,
dal:V161:000FAE:F8EBC4,$000FAE,OS+0x005AE,mapped-segment1,OS-RAM,$FFF8EBC4,$F8EBC4,,ROM,direct,direct-abs.l,V161,static-abs.l,unknown,,1,jmp,,
dal:V161:000FB4:F8EC24,$000FB4,OS+0x005B4,mapped-segment1,OS-RAM,$FFF8EC24,$F8EC24,,ROM,direct,direct-abs.l,V161,static-abs.l,unknown,,1,jmp,,
dal:V161:000FBA:F8EC34,$000FBA,OS+0x005BA,mapped-segment1,OS-RAM,$FFF8EC34,$F8EC34,,ROM,direct,direct-abs.l,V161,static-abs.l,unknown,,1,jmp,,
dal:V161:000FC0:F8EC40,$000FC0,OS+0x005C0,mapped-segment1,OS-RAM,$FFF8EC40,$F8EC40,,ROM,direct,direct-abs.l,V161,static-abs.l,unknown,,1,jmp,,
dal:V161:000FC6:F8EC46,$000FC6,OS+0x005C6,mapped-segment1,OS-RAM,$FFF8EC46,$F8EC46,,ROM,direct,direct-abs.l,V161,static-abs.l,unknown,,1,jmp,,
dal:V161:000FD2:F8EAAE,$000FD2,OS+0x005D2,mapped-segment1,OS-RAM,$FFF8EAAE,$F8EAAE,,ROM,direct,direct-abs.l,V161,static-abs.l,unknown,,1,jmp,,
dal:V161:000FD8:F8EAD8,$000FD8,OS+0x005D8,mapped-segment1,OS-RAM,$FFF8EAD8,$F8EAD8,,ROM,direct,direct-abs.l,V161,static-abs.l,unknown,,1,jmp,,
dal:V161:000FDE:F8EAFA,$000FDE,OS+0x005DE,mapped-segment1,OS-RAM,$FFF8EAFA,$F8EAFA,,ROM,direct,direct-abs.l,V161,static-abs.l,unknown,,1,jmp,,
dal:V161:000FE4:F8EB18,$000FE4,OS+0x005E4,mapped-segment1,OS-RAM,$FFF8EB18,$F8EB18,,ROM,direct,direct-abs.l,V161,static-abs.l,unknown,,1,jmp,,
dal:V161:000FEA:F8EB2A,$000FEA,OS+0x005EA,mapped-segment1,OS-RAM,$FFF8EB2A,$F8EB2A,,ROM,direct,direct-abs.l,V161,static-abs.l,unknown,,1,jmp,,
dal:V161:000FF0:F8EB50,$000FF0,OS+0x005F0,mapped-segment1,OS-RAM,$FFF8EB50,$F8EB50,,ROM,direct,direct-abs.l,V161,static-abs.l,unknown,,1,jmp,,
dal:V161:002464:FB7F30,$002464,OS+0x01A64,mapped-segment1,OS-RAM,$FFFB7F30,$FB7F30,,ROM,direct,direct-abs.l,V161,static-abs.l,unknown,,1,jsr,,
dal:V161:00246A:FB7BFA,$00246A,OS+0x01A6A,mapped-segment1,OS-RAM,$FFFB7BFA,$FB7BFA,,ROM,direct,direct-abs.l,V161,static-abs.l,unknown,,1,jsr,,
dal:V161:0024F6:FBB584,$0024F6,OS+0x01AF6,mapped-segment1,OS-RAM,$FFFBB584,$FBB584,,ROM,direct,direct-abs.l,V161,static-abs.l,unknown,,1,jsr,,
dal:V161:002ADA:FB9C4A,$002ADA,OS+0x020DA,mapped-segment1,OS-RAM,$FFFB9C4A,$FB9C4A,,ROM,direct,direct-abs.l,V161,static-abs.l,unknown,,1,jmp,,
dal:V161:002AF0:FB9C4A,$002AF0,OS+0x020F0,mapped-segment1,OS-RAM,$FFFB9C4A,$FB9C4A,,ROM,direct,direct-abs.l,V161,static-abs.l,unknown,,1,jmp,,
dal:V161:002B14:F89170,$002B14,OS+0x02114,mapped-segment1,OS-RAM,$FFF89170,$F89170,,ROM,direct,direct-abs.l,V161,static-abs.l,unknown,,1,jsr,,
dal:V161:002B5E:F89188,$002B5E,OS+0x0215E,mapped-segment1,OS-RAM,$FFF89188,$F89188,,ROM,direct,direct-abs.l,V161,static-abs.l,unknown,,1,jsr,,
dal:V161:002DB4:F8941C,$002DB4,OS+0x023B4,mapped-segment1,OS-RAM,$FFF8941C,$F8941C,,ROM,direct,direct-abs.l,V161,static-abs.l,unknown,,1,jsr,,
dal:V161:002E8E:F8941C,$002E8E,OS+0x0248E,mapped-segment1,OS-RAM,$FFF8941C,$F8941C,,ROM,direct,direct-abs.l,V161,static-abs.l,unknown,,1,jsr,,
dal:V161:0032CC:F88516,$0032CC,OS+0x028CC,mapped-segment1,OS-RAM,$FFF88516,$F88516,,ROM,direct,direct-abs.l,V161,static-abs.l,unknown,,1,jsr,,
dal:V161:00393C:F89266,$00393C,OS+0x02F3C,mapped-segment1,OS-RAM,$FFF89266,$F89266,,ROM,direct,direct-abs.l,V161,static-abs.l,unknown,,1,jsr,,
dal:V161:003946:F8928A,$003946,OS+0x02F46,mapped-segment1,OS-RAM,$FFF8928A,$F8928A,,ROM,direct,direct-abs.l,V161,static-abs.l,unknown,,1,jsr,,
dal:V161:00395C:F8929A,$00395C,OS+0x02F5C,mapped-segment1,OS-RAM,$FFF8929A,$F8929A,,ROM,direct,direct-abs.l,V161,static-abs.l,unknown,,1,jmp,,
dal:V161:003970:F8932A,$003970,OS+0x02F70,mapped-segment1,OS-RAM,$FFF8932A,$F8932A,,ROM,direct,direct-abs.l,V161,static-abs.l,unknown,,1,jsr,,
dal:V161:003976:F892C2,$003976,OS+0x02F76,mapped-segment1,OS-RAM,$FFF892C2,$F892C2,,ROM,direct,direct-abs.l,V161,static-abs.l,unknown,,1,jsr,,
dal:V161:0039B2:F89348,$0039B2,OS+0x02FB2,mapped-segment1,OS-RAM,$FFF89348,$F89348,,ROM,direct,direct-abs.l,V161,static-abs.l,unknown,,1,jmp,,
dal:V161:0039D0:F8932A,$0039D0,OS+0x02FD0,mapped-segment1,OS-RAM,$FFF8932A,$F8932A,,ROM,direct,direct-abs.l,V161,static-abs.l,unknown,,1,jsr,,
dal:V161:0039D6:F892C2,$0039D6,OS+0x02FD6,mapped-segment1,OS-RAM,$FFF892C2,$F892C2,,ROM,direct,direct-abs.l,V161,static-abs.l,unknown,,1,jsr,,
dal:V161:003F04:F8A80A,$003F04,OS+0x03504,mapped-segment1,OS-RAM,$FFF8A80A,$F8A80A,,ROM,direct,direct-abs.l,V161,static-abs.l,unknown,,1,jsr,,
dal:V161:0043F2:F8A83E,$0043F2,OS+0x039F2,mapped-segment1,OS-RAM,$FFF8A83E,$F8A83E,,ROM,direct,direct-abs.l,V161,static-abs.l,unknown,,1,jsr,,
dal:V161:00486E:F8937E,$00486E,OS+0x03E6E,mapped-segment1,OS-RAM,$FFF8937E,$F8937E,,ROM,direct,direct-abs.l,V161,static-abs.l,unknown,,1,jmp,,
dal:V161:004998:F8A856,$004998,OS+0x03F98,mapped-segment1,OS-RAM,$FFF8A856,$F8A856,,ROM,direct,direct-abs.l,V161,static-abs.l,unknown,,1,jsr,,
dal:V161:0049A0:F8A8CE,$0049A0,OS+0x03FA0,mapped-segment1,OS-RAM,$FFF8A8CE,$F8A8CE,,ROM,direct,direct-abs.l,V161,static-abs.l,unknown,,1,jsr,,
dal:V161:0049A6:F8A868,$0049A6,OS+0x03FA6,mapped-segment1,OS-RAM,$FFF8A868,$F8A868,,ROM,direct,direct-abs.l,V161,static-abs.l,unknown,,1,jsr,,
dal:V161:0049B0:F8A8CE,$0049B0,OS+0x03FB0,mapped-segment1,OS-RAM,$FFF8A8CE,$F8A8CE,,ROM,direct,direct-abs.l,V161,static-abs.l,unknown,,1,jsr,,
dal:V161:004A1E:F8A87E,$004A1E,OS+0x0401E,mapped-segment1,OS-RAM,$FFF8A87E,$F8A87E,,ROM,direct,direct-abs.l,V161,static-abs.l,unknown,,1,jsr,,
dal:V161:004BE0:F8A8FC,$004BE0,OS+0x041E0,mapped-segment1,OS-RAM,$FFF8A8FC,$F8A8FC,,ROM,direct,direct-abs.l,V161,static-abs.l,unknown,,1,jsr,,
dal:V161:004C0A:F8A942,$004C0A,OS+0x0420A,mapped-segment1,OS-RAM,$FFF8A942,$F8A942,,ROM,direct,direct-abs.l,V161,static-abs.l,unknown,,1,jsr,,
dal:V161:004C34:F8A96A,$004C34,OS+0x04234,mapped-segment1,OS-RAM,$FFF8A96A,$F8A96A,,ROM,direct,direct-abs.l,V161,static-abs.l,unknown,,1,jsr,,
dal:V161:004C7C:F8AA0E,$004C7C,OS+0x0427C,mapped-segment1,OS-RAM,$FFF8AA0E,$F8AA0E,,ROM,direct,direct-abs.l,V161,static-abs.l,unknown,,1,jsr,,
dal:V161:004CBC:F8A99E,$004CBC,OS+0x042BC,mapped-segment1,OS-RAM,$FFF8A99E,$F8A99E,,ROM,direct,direct-abs.l,V161,static-abs.l,unknown,,1,jsr,,
dal:V161:004CCC:F8AA1E,$004CCC,OS+0x042CC,mapped-segment1,OS-RAM,$FFF8AA1E,$F8AA1E,,ROM,direct,direct-abs.l,V161,static-abs.l,unknown,,1,jsr,,
dal:V161:004D9C:F8AACC,$004D9C,OS+0x0439C,mapped-segment1,OS-RAM,$FFF8AACC,$F8AACC,,ROM,direct,direct-abs.l,V161,static-abs.l,unknown,,1,jmp,,
dal:V161:005024:F8A8CE,$005024,OS+0x04624,mapped-segment1,OS-RAM,$FFF8A8CE,$F8A8CE,,ROM,direct,direct-abs.l,V161,static-abs.l,unknown,,1,jsr,,
dal:V161:005054:F8A8CE,$005054,OS+0x04654,mapped-segment1,OS-RAM,$FFF8A8CE,$F8A8CE,,ROM,direct,direct-abs.l,V161,static-abs.l,unknown,,1,jsr,,
dal:V161:005184:F8AE98,$005184,OS+0x04784,mapped-segment1,OS-RAM,$FFF8AE98,$F8AE98,,ROM,direct,direct-abs.l,V161,static-abs.l,unknown,,1,jmp,,
dal:V161:0051A2:F8AB08,$0051A2,OS+0x047A2,mapped-segment1,OS-RAM,$FFF8AB08,$F8AB08,,ROM,direct,direct-abs.l,V161,static-abs.l,unknown,,1,jsr,,
dal:V161:005346:F8AB48,$005346,OS+0x04946,mapped-segment1,OS-RAM,$FFF8AB48,$F8AB48,,ROM,direct,direct-abs.l,V161,static-abs.l,unknown,,1,jsr,,
dal:V161:0053E4:F8AB48,$0053E4,OS+0x049E4,mapped-segment1,OS-RAM,$FFF8AB48,$F8AB48,,ROM,direct,direct-abs.l,V161,static-abs.l,unknown,,1,jsr,,
dal:V161:00544A:F8AC1A,$00544A,OS+0x04A4A,mapped-segment1,OS-RAM,$FFF8AC1A,$F8AC1A,,ROM,direct,direct-abs.l,V161,static-abs.l,unknown,,1,jsr,,
dal:V161:0054F8:F8AB28,$0054F8,OS+0x04AF8,mapped-segment1,OS-RAM,$FFF8AB28,$F8AB28,,ROM,direct,direct-abs.l,V161,static-abs.l,unknown,,1,jmp,,
dal:V161:0054FE:F8AB5A,$0054FE,OS+0x04AFE,mapped-segment1,OS-RAM,$FFF8AB5A,$F8AB5A,,ROM,direct,direct-abs.l,V161,static-abs.l,unknown,,1,jmp,,
dal:V161:005552:F8AB48,$005552,OS+0x04B52,mapped-segment1,OS-RAM,$FFF8AB48,$F8AB48,,ROM,direct,direct-abs.l,V161,static-abs.l,unknown,,1,jsr,,
dal:V161:005590:F8AC2C,$005590,OS+0x04B90,mapped-segment1,OS-RAM,$FFF8AC2C,$F8AC2C,,ROM,direct,direct-abs.l,V161,static-abs.l,unknown,,1,jmp,,
dal:V161:00559C:F8AC92,$00559C,OS+0x04B9C,mapped-segment1,OS-RAM,$FFF8AC92,$F8AC92,,ROM,direct,direct-abs.l,V161,static-abs.l,unknown,,1,jmp,,
dal:V161:0055AC:F8ACF6,$0055AC,OS+0x04BAC,mapped-segment1,OS-RAM,$FFF8ACF6,$F8ACF6,,ROM,direct,direct-abs.l,V161,static-abs.l,unknown,,1,jsr,,
dal:V161:0055B6:F8ACEA,$0055B6,OS+0x04BB6,mapped-segment1,OS-RAM,$FFF8ACEA,$F8ACEA,,ROM,direct,direct-abs.l,V161,static-abs.l,unknown,,1,jmp,,
dal:V161:005652:F8B3B4,$005652,OS+0x04C52,mapped-segment1,OS-RAM,$FFF8B3B4,$F8B3B4,,ROM,direct,direct-abs.l,V161,static-abs.l,unknown,,1,jsr,,
dal:V161:0058BC:F8AD52,$0058BC,OS+0x04EBC,mapped-segment1,OS-RAM,$FFF8AD52,$F8AD52,,ROM,direct,direct-abs.l,V161,static-abs.l,unknown,,1,jsr,,
dal:V161:005FA8:F8AD78,$005FA8,OS+0x055A8,mapped-segment1,OS-RAM,$FFF8AD78,$F8AD78,,ROM,direct,direct-abs.l,V161,static-abs.l,unknown,,1,jsr,,
dal:V161:005FB2:F8AD78,$005FB2,OS+0x055B2,mapped-segment1,OS-RAM,$FFF8AD78,$F8AD78,,ROM,direct,direct-abs.l,V161,static-abs.l,unknown,,1,jsr,,
dal:V161:005FE4:F8ADAC,$005FE4,OS+0x055E4,mapped-segment1,OS-RAM,$FFF8ADAC,$F8ADAC,,ROM,direct,direct-abs.l,V161,static-abs.l,unknown,,1,jsr,,
dal:V161:006076:F8ADC6,$006076,OS+0x05676,mapped-segment1,OS-RAM,$FFF8ADC6,$F8ADC6,,ROM,direct,direct-abs.l,V161,static-abs.l,unknown,,1,jmp,,
dal:V161:006082:F8B928,$006082,OS+0x05682,mapped-segment1,OS-RAM,$FFF8B928,$F8B928,,ROM,direct,direct-abs.l,V161,static-abs.l,unknown,,1,jmp,,
dal:V161:006330:F8B9C8,$006330,OS+0x05930,mapped-segment1,OS-RAM,$FFF8B9C8,$F8B9C8,,ROM,direct,direct-abs.l,V161,static-abs.l,unknown,,1,jsr,,
dal:V161:0063D8:FB813C,$0063D8,OS+0x059D8,mapped-segment1,OS-RAM,$FFFB813C,$FB813C,,ROM,direct,direct-abs.l,V161,static-abs.l,unknown,,1,jsr,,
dal:V161:00641E:FB9C20,$00641E,OS+0x05A1E,mapped-segment1,OS-RAM,$FFFB9C20,$FB9C20,,ROM,direct,direct-abs.l,V161,static-abs.l,unknown,,1,jsr,,
dal:V161:00648E:F8BD36,$00648E,OS+0x05A8E,mapped-segment1,OS-RAM,$FFF8BD36,$F8BD36,,ROM,direct,direct-abs.l,V161,static-abs.l,unknown,,1,jmp,,
dal:V161:006494:F8BD36,$006494,OS+0x05A94,mapped-segment1,OS-RAM,$FFF8BD36,$F8BD36,,ROM,direct,direct-abs.l,V161,static-abs.l,unknown,,1,jsr,,
dal:V161:0064BC:F8B7A2,$0064BC,OS+0x05ABC,mapped-segment1,OS-RAM,$FFF8B7A2,$F8B7A2,,ROM,direct,direct-abs.l,V161,static-abs.l,unknown,,1,jsr,,
dal:V161:006554:F8A0CC,$006554,OS+0x05B54,mapped-segment1,OS-RAM,$FFF8A0CC,$F8A0CC,,ROM,direct,direct-abs.l,V161,static-abs.l,unknown,,1,jsr,,
dal:V161:00655C:F8C07C,$00655C,OS+0x05B5C,mapped-segment1,OS-RAM,$FFF8C07C,$F8C07C,,ROM,direct,direct-abs.l,V161,static-abs.l,unknown,,1,jmp,,
dal:V161:006562:F8C16C,$006562,OS+0x05B62,mapped-segment1,OS-RAM,$FFF8C16C,$F8C16C,,ROM,direct,direct-abs.l,V161,static-abs.l,unknown,,1,jmp,,
dal:V161:006568:F8C188,$006568,OS+0x05B68,mapped-segment1,OS-RAM,$FFF8C188,$F8C188,,ROM,direct,direct-abs.l,V161,static-abs.l,unknown,,1,jmp,,
dal:V161:00657E:F8C0E6,$00657E,OS+0x05B7E,mapped-segment1,OS-RAM,$FFF8C0E6,$F8C0E6,,ROM,direct,direct-abs.l,V161,static-abs.l,unknown,,1,jsr,,
dal:V161:0065E8:F87FD2,$0065E8,OS+0x05BE8,mapped-segment1,OS-RAM,$FFF87FD2,$F87FD2,,ROM,direct,direct-abs.l,V161,static-abs.l,unknown,,1,jsr,,
dal:V161:00683C:F8DC2E,$00683C,OS+0x05E3C,mapped-segment1,OS-RAM,$FFF8DC2E,$F8DC2E,,ROM,direct,direct-abs.l,V161,static-abs.l,unknown,,1,jsr,,
dal:V161:0068A2:F8DCD6,$0068A2,OS+0x05EA2,mapped-segment1,OS-RAM,$FFF8DCD6,$F8DCD6,,ROM,direct,direct-abs.l,V161,static-abs.l,unknown,,1,jmp,,
dal:V161:0068E0:F8DB4C,$0068E0,OS+0x05EE0,mapped-segment1,OS-RAM,$FFF8DB4C,$F8DB4C,,ROM,direct,direct-abs.l,V161,static-abs.l,unknown,,1,jsr,,
dal:V161:0068FE:F8D920,$0068FE,OS+0x05EFE,mapped-segment1,OS-RAM,$FFF8D920,$F8D920,,ROM,direct,direct-abs.l,V161,static-abs.l,unknown,,1,jsr,,
dal:V161:006908:F8D992,$006908,OS+0x05F08,mapped-segment1,OS-RAM,$FFF8D992,$F8D992,,ROM,direct,direct-abs.l,V161,static-abs.l,unknown,,1,jsr,,
dal:V161:006912:F8D9DE,$006912,OS+0x05F12,mapped-segment1,OS-RAM,$FFF8D9DE,$F8D9DE,,ROM,direct,direct-abs.l,V161,static-abs.l,unknown,,1,jsr,,
dal:V161:00691C:F8DA58,$00691C,OS+0x05F1C,mapped-segment1,OS-RAM,$FFF8DA58,$F8DA58,,ROM,direct,direct-abs.l,V161,static-abs.l,unknown,,1,jsr,,
dal:V161:006926:F8DA98,$006926,OS+0x05F26,mapped-segment1,OS-RAM,$FFF8DA98,$F8DA98,,ROM,direct,direct-abs.l,V161,static-abs.l,unknown,,1,jsr,,
dal:V161:0069B2:F97662,$0069B2,OS+0x05FB2,mapped-segment1,OS-RAM,$FFF97662,$F97662,,ROM,direct,direct-abs.l,V161,static-abs.l,unknown,,1,jsr,,
dal:V161:0070F8:F90404,$0070F8,OS+0x066F8,mapped-segment1,OS-RAM,$FFF90404,$F90404,,ROM,direct,direct-abs.l,V161,static-abs.l,unknown,,1,jmp,,
dal:V161:007106:F93120,$007106,OS+0x06706,mapped-segment1,OS-RAM,$FFF93120,$F93120,,ROM,direct,direct-abs.l,V161,static-abs.l,unknown,,1,jsr,,
dal:V161:007118:F94B60,$007118,OS+0x06718,mapped-segment1,OS-RAM,$FFF94B60,$F94B60,,ROM,direct,direct-abs.l,V161,static-abs.l,unknown,,1,jmp,,
dal:V161:00723A:F97718,$00723A,OS+0x0683A,mapped-segment1,OS-RAM,$FFF97718,$F97718,,ROM,direct,direct-abs.l,V161,static-abs.l,unknown,,1,jsr,,
dal:V161:00724E:F97662,$00724E,OS+0x0684E,mapped-segment1,OS-RAM,$FFF97662,$F97662,,ROM,direct,direct-abs.l,V161,static-abs.l,unknown,,1,jmp,,
dal:V161:007258:F9772A,$007258,OS+0x06858,mapped-segment1,OS-RAM,$FFF9772A,$F9772A,,ROM,direct,direct-abs.l,V161,static-abs.l,unknown,,1,jsr,,
dal:V161:00727C:F976CA,$00727C,OS+0x0687C,mapped-segment1,OS-RAM,$FFF976CA,$F976CA,,ROM,direct,direct-abs.l,V161,static-abs.l,unknown,,1,jmp,,
dal:V161:0072E6:F97BD2,$0072E6,OS+0x068E6,mapped-segment1,OS-RAM,$FFF97BD2,$F97BD2,,ROM,direct,direct-abs.l,V161,static-abs.l,unknown,,1,jsr,,
dal:V161:0072F6:F97C2E,$0072F6,OS+0x068F6,mapped-segment1,OS-RAM,$FFF97C2E,$F97C2E,,ROM,direct,direct-abs.l,V161,static-abs.l,unknown,,1,jmp,,
dal:V161:0072FC:F97CA4,$0072FC,OS+0x068FC,mapped-segment1,OS-RAM,$FFF97CA4,$F97CA4,,ROM,direct,direct-abs.l,V161,static-abs.l,unknown,,1,jmp,,
dal:V161:007302:F97CAC,$007302,OS+0x06902,mapped-segment1,OS-RAM,$FFF97CAC,$F97CAC,,ROM,direct,direct-abs.l,V161,static-abs.l,unknown,,1,jmp,,
dal:V161:007308:F8D01A,$007308,OS+0x06908,mapped-segment1,OS-RAM,$FFF8D01A,$F8D01A,,ROM,direct,direct-abs.l,V161,static-abs.l,unknown,,1,jsr,,
dal:V161:007312:F8E570,$007312,OS+0x06912,mapped-segment1,OS-RAM,$FFF8E570,$F8E570,,ROM,direct,direct-abs.l,V161,static-abs.l,unknown,,1,jsr,,
dal:V161:00731C:F8DEB2,$00731C,OS+0x0691C,mapped-segment1,OS-RAM,$FFF8DEB2,$F8DEB2,,ROM,direct,direct-abs.l,V161,static-abs.l,unknown,,1,jsr,,
dal:V161:00732C:F8C8F8,$00732C,OS+0x0692C,mapped-segment1,OS-RAM,$FFF8C8F8,$F8C8F8,,ROM,direct,direct-abs.l,V161,static-abs.l,unknown,,1,jsr,,
dal:V161:0073C0:F8C888,$0073C0,OS+0x069C0,mapped-segment1,OS-RAM,$FFF8C888,$F8C888,,ROM,direct,direct-abs.l,V161,static-abs.l,unknown,,1,jsr,,
dal:V161:007414:F8C55E,$007414,OS+0x06A14,mapped-segment1,OS-RAM,$FFF8C55E,$F8C55E,,ROM,direct,direct-abs.l,V161,static-abs.l,unknown,,1,jsr,,
dal:V161:00748E:F8CAB4,$00748E,OS+0x06A8E,mapped-segment1,OS-RAM,$FFF8CAB4,$F8CAB4,,ROM,direct,direct-abs.l,V161,static-abs.l,unknown,,1,jsr,,
dal:V161:0074A0:F8CAB4,$0074A0,OS+0x06AA0,mapped-segment1,OS-RAM,$FFF8CAB4,$F8CAB4,,ROM,direct,direct-abs.l,V161,static-abs.l,unknown,,1,jsr,,
dal:V161:0074FC:F8C55E,$0074FC,OS+0x06AFC,mapped-segment1,OS-RAM,$FFF8C55E,$F8C55E,,ROM,direct,direct-abs.l,V161,static-abs.l,unknown,,1,jsr,,
dal:V161:007544:F8CAB4,$007544,OS+0x06B44,mapped-segment1,OS-RAM,$FFF8CAB4,$F8CAB4,,ROM,direct,direct-abs.l,V161,static-abs.l,unknown,,1,jsr,,
dal:V161:007580:F8CAB4,$007580,OS+0x06B80,mapped-segment1,OS-RAM,$FFF8CAB4,$F8CAB4,,ROM,direct,direct-abs.l,V161,static-abs.l,unknown,,1,jsr,,
dal:V161:0075C2:F8CAB4,$0075C2,OS+0x06BC2,mapped-segment1,OS-RAM,$FFF8CAB4,$F8CAB4,,ROM,direct,direct-abs.l,V161,static-abs.l,unknown,,1,jsr,,
dal:V161:0075F6:F8C854,$0075F6,OS+0x06BF6,mapped-segment1,OS-RAM,$FFF8C854,$F8C854,,ROM,direct,direct-abs.l,V161,static-abs.l,unknown,,1,jsr,,
dal:V161:007648:F8C55E,$007648,OS+0x06C48,mapped-segment1,OS-RAM,$FFF8C55E,$F8C55E,,ROM,direct,direct-abs.l,V161,static-abs.l,unknown,,1,jsr,,
dal:V161:007664:F8CAB4,$007664,OS+0x06C64,mapped-segment1,OS-RAM,$FFF8CAB4,$F8CAB4,,ROM,direct,direct-abs.l,V161,static-abs.l,unknown,,1,jsr,,
dal:V161:007692:F8CA38,$007692,OS+0x06C92,mapped-segment1,OS-RAM,$FFF8CA38,$F8CA38,,ROM,direct,direct-abs.l,V161,static-abs.l,unknown,,1,jsr,,
dal:V161:00770A:F8C492,$00770A,OS+0x06D0A,mapped-segment1,OS-RAM,$FFF8C492,$F8C492,,ROM,direct,direct-abs.l,V161,static-abs.l,unknown,,1,jsr,,
dal:V161:007732:F8C888,$007732,OS+0x06D32,mapped-segment1,OS-RAM,$FFF8C888,$F8C888,,ROM,direct,direct-abs.l,V161,static-abs.l,unknown,,1,jsr,,
dal:V161:007746:F8C55E,$007746,OS+0x06D46,mapped-segment1,OS-RAM,$FFF8C55E,$F8C55E,,ROM,direct,direct-abs.l,V161,static-abs.l,unknown,,1,jsr,,
dal:V161:007772:F8C59C,$007772,OS+0x06D72,mapped-segment1,OS-RAM,$FFF8C59C,$F8C59C,,ROM,direct,direct-abs.l,V161,static-abs.l,unknown,,1,jsr,,
dal:V161:007794:F8C5E6,$007794,OS+0x06D94,mapped-segment1,OS-RAM,$FFF8C5E6,$F8C5E6,,ROM,direct,direct-abs.l,V161,static-abs.l,unknown,,1,jmp,,
dal:V161:00792C:F8C854,$00792C,OS+0x06F2C,mapped-segment1,OS-RAM,$FFF8C854,$F8C854,,ROM,direct,direct-abs.l,V161,static-abs.l,unknown,,1,jsr,,
dal:V161:007CBA:F8CAB4,$007CBA,OS+0x072BA,mapped-segment1,OS-RAM,$FFF8CAB4,$F8CAB4,,ROM,direct,direct-abs.l,V161,static-abs.l,unknown,,1,jsr,,
dal:V161:007CD8:F8E0CA,$007CD8,OS+0x072D8,mapped-segment1,OS-RAM,$FFF8E0CA,$F8E0CA,,ROM,direct,direct-abs.l,V161,static-abs.l,unknown,,1,jmp,,
dal:V161:007D32:F8D142,$007D32,OS+0x07332,mapped-segment1,OS-RAM,$FFF8D142,$F8D142,,ROM,direct,direct-abs.l,V161,static-abs.l,unknown,,1,jsr,,
dal:V161:007D40:F8D19E,$007D40,OS+0x07340,mapped-segment1,OS-RAM,$FFF8D19E,$F8D19E,,ROM,direct,direct-abs.l,V161,static-abs.l,unknown,,1,jsr,,
dal:V161:007D52:F8D274,$007D52,OS+0x07352,mapped-segment1,OS-RAM,$FFF8D274,$F8D274,,ROM,direct,direct-abs.l,V161,static-abs.l,unknown,,1,jsr,,
dal:V161:007D58:F8D4E8,$007D58,OS+0x07358,mapped-segment1,OS-RAM,$FFF8D4E8,$F8D4E8,,ROM,direct,direct-abs.l,V161,static-abs.l,unknown,,1,jsr,,
dal:V161:007DA6:F8D490,$007DA6,OS+0x073A6,mapped-segment1,OS-RAM,$FFF8D490,$F8D490,,ROM,direct,direct-abs.l,V161,static-abs.l,unknown,,1,jsr,,
dal:V161:007DF6:F8D3C6,$007DF6,OS+0x073F6,mapped-segment1,OS-RAM,$FFF8D3C6,$F8D3C6,,ROM,direct,direct-abs.l,V161,static-abs.l,unknown,,1,jsr,,
dal:V161:007E00:F8D4E8,$007E00,OS+0x07400,mapped-segment1,OS-RAM,$FFF8D4E8,$F8D4E8,,ROM,direct,direct-abs.l,V161,static-abs.l,unknown,,1,jsr,,
dal:V161:007E8C:F8D626,$007E8C,OS+0x0748C,mapped-segment1,OS-RAM,$FFF8D626,$F8D626,,ROM,direct,direct-abs.l,V161,static-abs.l,unknown,,1,jsr,,
dal:V161:007E9A:F8D68A,$007E9A,OS+0x0749A,mapped-segment1,OS-RAM,$FFF8D68A,$F8D68A,,ROM,direct,direct-abs.l,V161,static-abs.l,unknown,,1,jsr,,
dal:V161:007EAA:F8D68A,$007EAA,OS+0x074AA,mapped-segment1,OS-RAM,$FFF8D68A,$F8D68A,,ROM,direct,direct-abs.l,V161,static-abs.l,unknown,,1,jsr,,
dal:V161:007EBA:F8D78C,$007EBA,OS+0x074BA,mapped-segment1,OS-RAM,$FFF8D78C,$F8D78C,,ROM,direct,direct-abs.l,V161,static-abs.l,unknown,,1,jsr,,
dal:V161:007ECA:F8D7B0,$007ECA,OS+0x074CA,mapped-segment1,OS-RAM,$FFF8D7B0,$F8D7B0,,ROM,direct,direct-abs.l,V161,static-abs.l,unknown,,1,jsr,,
dal:V161:007ED8:F8D750,$007ED8,OS+0x074D8,mapped-segment1,OS-RAM,$FFF8D750,$F8D750,,ROM,direct,direct-abs.l,V161,static-abs.l,unknown,,1,jsr,,
dal:V161:007EE6:F8D660,$007EE6,OS+0x074E6,mapped-segment1,OS-RAM,$FFF8D660,$F8D660,,ROM,direct,direct-abs.l,V161,static-abs.l,unknown,,1,jsr,,
dal:V161:007EF6:F8D802,$007EF6,OS+0x074F6,mapped-segment1,OS-RAM,$FFF8D802,$F8D802,,ROM,direct,direct-abs.l,V161,static-abs.l,unknown,,1,jsr,,
dal:V161:007F04:F8D826,$007F04,OS+0x07504,mapped-segment1,OS-RAM,$FFF8D826,$F8D826,,ROM,direct,direct-abs.l,V161,static-abs.l,unknown,,1,jsr,,
dal:V161:008024:F97718,$008024,OS+0x07624,mapped-segment1,OS-RAM,$FFF97718,$F97718,,ROM,direct,direct-abs.l,V161,static-abs.l,unknown,,1,jmp,,
dal:V161:00802A:F9772A,$00802A,OS+0x0762A,mapped-segment1,OS-RAM,$FFF9772A,$F9772A,,ROM,direct,direct-abs.l,V161,static-abs.l,unknown,,1,jmp,,
dal:V161:008030:F97662,$008030,OS+0x07630,mapped-segment1,OS-RAM,$FFF97662,$F97662,,ROM,direct,direct-abs.l,V161,static-abs.l,unknown,,1,jmp,,
dal:V161:008036:F976CA,$008036,OS+0x07636,mapped-segment1,OS-RAM,$FFF976CA,$F976CA,,ROM,direct,direct-abs.l,V161,static-abs.l,unknown,,1,jmp,,
dal:V161:00803C:F977DC,$00803C,OS+0x0763C,mapped-segment1,OS-RAM,$FFF977DC,$F977DC,,ROM,direct,direct-abs.l,V161,static-abs.l,unknown,,1,jmp,,
dal:V161:008042:FB7788,$008042,OS+0x07642,mapped-segment1,OS-RAM,$FFFB7788,$FB7788,,ROM,direct,direct-abs.l,V161,static-abs.l,unknown,,1,jmp,,
dal:V161:008638:F88300,$008638,OS+0x07C38,mapped-segment1,OS-RAM,$FFF88300,$F88300,,ROM,direct,direct-abs.l,V161,static-abs.l,unknown,,1,jmp,,
dal:V161:00863E:F88438,$00863E,OS+0x07C3E,mapped-segment1,OS-RAM,$FFF88438,$F88438,,ROM,direct,direct-abs.l,V161,static-abs.l,unknown,,1,jmp,,
dal:V161:0086D0:F885C6,$0086D0,OS+0x07CD0,mapped-segment1,OS-RAM,$FFF885C6,$F885C6,,ROM,direct,direct-abs.l,V161,static-abs.l,unknown,,1,jmp,,
dal:V161:0086D6:F88784,$0086D6,OS+0x07CD6,mapped-segment1,OS-RAM,$FFF88784,$F88784,,ROM,direct,direct-abs.l,V161,static-abs.l,unknown,,1,jmp,,
dal:V161:0086DC:F8855E,$0086DC,OS+0x07CDC,mapped-segment1,OS-RAM,$FFF8855E,$F8855E,,ROM,direct,direct-abs.l,V161,static-abs.l,unknown,,1,jmp,,
dal:V161:0086E2:F88512,$0086E2,OS+0x07CE2,mapped-segment1,OS-RAM,$FFF88512,$F88512,,ROM,direct,direct-abs.l,V161,static-abs.l,unknown,,1,jmp,,
dal:V161:0086E8:F8854A,$0086E8,OS+0x07CE8,mapped-segment1,OS-RAM,$FFF8854A,$F8854A,,ROM,direct,direct-abs.l,V161,static-abs.l,unknown,,1,jmp,,
dal:V161:0086EE:F88818,$0086EE,OS+0x07CEE,mapped-segment1,OS-RAM,$FFF88818,$F88818,,ROM,direct,direct-abs.l,V161,static-abs.l,unknown,,1,jmp,,
dal:V161:00877E:F889B2,$00877E,OS+0x07D7E,mapped-segment1,OS-RAM,$FFF889B2,$F889B2,,ROM,direct,direct-abs.l,V161,static-abs.l,unknown,,1,jmp,,
dal:V161:008798:F88458,$008798,OS+0x07D98,mapped-segment1,OS-RAM,$FFF88458,$F88458,,ROM,direct,direct-abs.l,V161,static-abs.l,unknown,,1,jmp,,
dal:V161:00879E:F8892A,$00879E,OS+0x07D9E,mapped-segment1,OS-RAM,$FFF8892A,$F8892A,,ROM,direct,direct-abs.l,V161,static-abs.l,unknown,,1,jmp,,
dal:V161:0087A4:F8891C,$0087A4,OS+0x07DA4,mapped-segment1,OS-RAM,$FFF8891C,$F8891C,,ROM,direct,direct-abs.l,V161,static-abs.l,unknown,,1,jmp,,
dal:V161:0087AA:F88934,$0087AA,OS+0x07DAA,mapped-segment1,OS-RAM,$FFF88934,$F88934,,ROM,direct,direct-abs.l,V161,static-abs.l,unknown,,1,jmp,,
dal:V161:008822:F891E4,$008822,OS+0x07E22,mapped-segment1,OS-RAM,$FFF891E4,$F891E4,,ROM,direct,direct-abs.l,V161,static-abs.l,unknown,,1,jmp,,
dal:V161:008828:F8920A,$008828,OS+0x07E28,mapped-segment1,OS-RAM,$FFF8920A,$F8920A,,ROM,direct,direct-abs.l,V161,static-abs.l,unknown,,1,jmp,,
dal:V161:00885E:F89354,$00885E,OS+0x07E5E,mapped-segment1,OS-RAM,$FFF89354,$F89354,,ROM,direct,direct-abs.l,V161,static-abs.l,unknown,,1,jmp,,
dal:V161:008886:F8938E,$008886,OS+0x07E86,mapped-segment1,OS-RAM,$FFF8938E,$F8938E,,ROM,direct,direct-abs.l,V161,static-abs.l,unknown,,1,jmp,,
dal:V161:0088D6:F8974C,$0088D6,OS+0x07ED6,mapped-segment1,OS-RAM,$FFF8974C,$F8974C,,ROM,direct,direct-abs.l,V161,static-abs.l,unknown,,1,jmp,,
dal:V161:0088E2:F89A34,$0088E2,OS+0x07EE2,mapped-segment1,OS-RAM,$FFF89A34,$F89A34,,ROM,direct,direct-abs.l,V161,static-abs.l,unknown,,1,jmp,,
dal:V161:0088E8:F89A5A,$0088E8,OS+0x07EE8,mapped-segment1,OS-RAM,$FFF89A5A,$F89A5A,,ROM,direct,direct-abs.l,V161,static-abs.l,unknown,,1,jmp,,
dal:V161:008934:F89AD4,$008934,OS+0x07F34,mapped-segment1,OS-RAM,$FFF89AD4,$F89AD4,,ROM,direct,direct-abs.l,V161,static-abs.l,unknown,,1,jmp,,
dal:V161:008946:F89B9A,$008946,OS+0x07F46,mapped-segment1,OS-RAM,$FFF89B9A,$F89B9A,,ROM,direct,direct-abs.l,V161,static-abs.l,unknown,,1,jmp,,
dal:V161:008950:F8A002,$008950,OS+0x07F50,mapped-segment1,OS-RAM,$FFF8A002,$F8A002,,ROM,direct,direct-abs.l,V161,static-abs.l,unknown,,1,jsr,,
dal:V161:00895A:F8A0B0,$00895A,OS+0x07F5A,mapped-segment1,OS-RAM,$FFF8A0B0,$F8A0B0,,ROM,direct,direct-abs.l,V161,static-abs.l,unknown,,1,jmp,,
dal:V161:008960:F8A0F6,$008960,OS+0x07F60,mapped-segment1,OS-RAM,$FFF8A0F6,$F8A0F6,,ROM,direct,direct-abs.l,V161,static-abs.l,unknown,,1,jmp,,
dal:V161:008966:F8A11C,$008966,OS+0x07F66,mapped-segment1,OS-RAM,$FFF8A11C,$F8A11C,,ROM,direct,direct-abs.l,V161,static-abs.l,unknown,,1,jmp,,
dal:V161:00896C:F8A246,$00896C,OS+0x07F6C,mapped-segment1,OS-RAM,$FFF8A246,$F8A246,,ROM,direct,direct-abs.l,V161,static-abs.l,unknown,,1,jmp,,
dal:V161:008972:F8A44E,$008972,OS+0x07F72,mapped-segment1,OS-RAM,$FFF8A44E,$F8A44E,,ROM,direct,direct-abs.l,V161,static-abs.l,unknown,,1,jmp,,
dal:V161:008978:F8A564,$008978,OS+0x07F78,mapped-segment1,OS-RAM,$FFF8A564,$F8A564,,ROM,direct,direct-abs.l,V161,static-abs.l,unknown,,1,jmp,,
dal:V161:00897E:F8A69E,$00897E,OS+0x07F7E,mapped-segment1,OS-RAM,$FFF8A69E,$F8A69E,,ROM,direct,direct-abs.l,V161,static-abs.l,unknown,,1,jmp,,
dal:V161:008984:F8A6F4,$008984,OS+0x07F84,mapped-segment1,OS-RAM,$FFF8A6F4,$F8A6F4,,ROM,direct,direct-abs.l,V161,static-abs.l,unknown,,1,jmp,,
dal:V161:00898A:F8A71A,$00898A,OS+0x07F8A,mapped-segment1,OS-RAM,$FFF8A71A,$F8A71A,,ROM,direct,direct-abs.l,V161,static-abs.l,unknown,,1,jmp,,
dal:V161:008990:F8A6FE,$008990,OS+0x07F90,mapped-segment1,OS-RAM,$FFF8A6FE,$F8A6FE,,ROM,direct,direct-abs.l,V161,static-abs.l,unknown,,1,jmp,,
dal:V161:008996:F8A72C,$008996,OS+0x07F96,mapped-segment1,OS-RAM,$FFF8A72C,$F8A72C,,ROM,direct,direct-abs.l,V161,static-abs.l,unknown,,1,jmp,,
dal:V161:0089BA:F8A7DC,$0089BA,OS+0x07FBA,mapped-segment1,OS-RAM,$FFF8A7DC,$F8A7DC,,ROM,direct,direct-abs.l,V161,static-abs.l,unknown,,1,jmp,,
dal:V161:008BCA:F8B152,$008BCA,OS+0x081CA,mapped-segment1,OS-RAM,$FFF8B152,$F8B152,,ROM,direct,direct-abs.l,V161,static-abs.l,unknown,,1,jmp,,
dal:V161:008BD0:F8B6FC,$008BD0,OS+0x081D0,mapped-segment1,OS-RAM,$FFF8B6FC,$F8B6FC,,ROM,direct,direct-abs.l,V161,static-abs.l,unknown,,1,jmp,,
dal:V161:008BD6:F8B0EA,$008BD6,OS+0x081D6,mapped-segment1,OS-RAM,$FFF8B0EA,$F8B0EA,,ROM,direct,direct-abs.l,V161,static-abs.l,unknown,,1,jmp,,
dal:V161:008BDC:F8B11E,$008BDC,OS+0x081DC,mapped-segment1,OS-RAM,$FFF8B11E,$F8B11E,,ROM,direct,direct-abs.l,V161,static-abs.l,unknown,,1,jmp,,
dal:V161:008BE2:F8B188,$008BE2,OS+0x081E2,mapped-segment1,OS-RAM,$FFF8B188,$F8B188,,ROM,direct,direct-abs.l,V161,static-abs.l,unknown,,1,jmp,,
dal:V161:008BE8:F8B198,$008BE8,OS+0x081E8,mapped-segment1,OS-RAM,$FFF8B198,$F8B198,,ROM,direct,direct-abs.l,V161,static-abs.l,unknown,,1,jmp,,
dal:V161:008BEE:F8B1C0,$008BEE,OS+0x081EE,mapped-segment1,OS-RAM,$FFF8B1C0,$F8B1C0,,ROM,direct,direct-abs.l,V161,static-abs.l,unknown,,1,jmp,,
dal:V161:008BF4:F8B1F0,$008BF4,OS+0x081F4,mapped-segment1,OS-RAM,$FFF8B1F0,$F8B1F0,,ROM,direct,direct-abs.l,V161,static-abs.l,unknown,,1,jmp,,
dal:V161:008BFA:F8B262,$008BFA,OS+0x081FA,mapped-segment1,OS-RAM,$FFF8B262,$F8B262,,ROM,direct,direct-abs.l,V161,static-abs.l,unknown,,1,jmp,,
dal:V161:008C00:F8B28E,$008C00,OS+0x08200,mapped-segment1,OS-RAM,$FFF8B28E,$F8B28E,,ROM,direct,direct-abs.l,V161,static-abs.l,unknown,,1,jmp,,
dal:V161:008C06:F8B2BA,$008C06,OS+0x08206,mapped-segment1,OS-RAM,$FFF8B2BA,$F8B2BA,,ROM,direct,direct-abs.l,V161,static-abs.l,unknown,,1,jmp,,
dal:V161:008C0C:F8B2E2,$008C0C,OS+0x0820C,mapped-segment1,OS-RAM,$FFF8B2E2,$F8B2E2,,ROM,direct,direct-abs.l,V161,static-abs.l,unknown,,1,jmp,,
dal:V161:008C12:F8B316,$008C12,OS+0x08212,mapped-segment1,OS-RAM,$FFF8B316,$F8B316,,ROM,direct,direct-abs.l,V161,static-abs.l,unknown,,1,jmp,,
dal:V161:008C18:F8B2FC,$008C18,OS+0x08218,mapped-segment1,OS-RAM,$FFF8B2FC,$F8B2FC,,ROM,direct,direct-abs.l,V161,static-abs.l,unknown,,1,jmp,,
dal:V161:008C1E:F8B328,$008C1E,OS+0x0821E,mapped-segment1,OS-RAM,$FFF8B328,$F8B328,,ROM,direct,direct-abs.l,V161,static-abs.l,unknown,,1,jmp,,
dal:V161:008C24:F8B37A,$008C24,OS+0x08224,mapped-segment1,OS-RAM,$FFF8B37A,$F8B37A,,ROM,direct,direct-abs.l,V161,static-abs.l,unknown,,1,jmp,,
dal:V161:008C2A:F8B394,$008C2A,OS+0x0822A,mapped-segment1,OS-RAM,$FFF8B394,$F8B394,,ROM,direct,direct-abs.l,V161,static-abs.l,unknown,,1,jmp,,
dal:V161:008C30:F8B3F0,$008C30,OS+0x08230,mapped-segment1,OS-RAM,$FFF8B3F0,$F8B3F0,,ROM,direct,direct-abs.l,V161,static-abs.l,unknown,,1,jmp,,
dal:V161:008C36:F8B3D0,$008C36,OS+0x08236,mapped-segment1,OS-RAM,$FFF8B3D0,$F8B3D0,,ROM,direct,direct-abs.l,V161,static-abs.l,unknown,,1,jmp,,
dal:V161:008C3C:F8B504,$008C3C,OS+0x0823C,mapped-segment1,OS-RAM,$FFF8B504,$F8B504,,ROM,direct,direct-abs.l,V161,static-abs.l,unknown,,1,jmp,,
dal:V161:008C42:F8B418,$008C42,OS+0x08242,mapped-segment1,OS-RAM,$FFF8B418,$F8B418,,ROM,direct,direct-abs.l,V161,static-abs.l,unknown,,1,jmp,,
dal:V161:008C48:F8B44A,$008C48,OS+0x08248,mapped-segment1,OS-RAM,$FFF8B44A,$F8B44A,,ROM,direct,direct-abs.l,V161,static-abs.l,unknown,,1,jmp,,
dal:V161:008C4E:F8B488,$008C4E,OS+0x0824E,mapped-segment1,OS-RAM,$FFF8B488,$F8B488,,ROM,direct,direct-abs.l,V161,static-abs.l,unknown,,1,jmp,,
dal:V161:008C54:F8B470,$008C54,OS+0x08254,mapped-segment1,OS-RAM,$FFF8B470,$F8B470,,ROM,direct,direct-abs.l,V161,static-abs.l,unknown,,1,jmp,,
dal:V161:008C5A:F8B4A0,$008C5A,OS+0x0825A,mapped-segment1,OS-RAM,$FFF8B4A0,$F8B4A0,,ROM,direct,direct-abs.l,V161,static-abs.l,unknown,,1,jmp,,
dal:V161:008C60:F8B568,$008C60,OS+0x08260,mapped-segment1,OS-RAM,$FFF8B568,$F8B568,,ROM,direct,direct-abs.l,V161,static-abs.l,unknown,,1,jmp,,
dal:V161:008C66:F8B594,$008C66,OS+0x08266,mapped-segment1,OS-RAM,$FFF8B594,$F8B594,,ROM,direct,direct-abs.l,V161,static-abs.l,unknown,,1,jmp,,
dal:V161:008C6C:F8B62C,$008C6C,OS+0x0826C,mapped-segment1,OS-RAM,$FFF8B62C,$F8B62C,,ROM,direct,direct-abs.l,V161,static-abs.l,unknown,,1,jmp,,
dal:V161:008C78:F8B674,$008C78,OS+0x08278,mapped-segment1,OS-RAM,$FFF8B674,$F8B674,,ROM,direct,direct-abs.l,V161,static-abs.l,unknown,,1,jmp,,
dal:V161:008C7E:F8B68C,$008C7E,OS+0x0827E,mapped-segment1,OS-RAM,$FFF8B68C,$F8B68C,,ROM,direct,direct-abs.l,V161,static-abs.l,unknown,,1,jmp,,
dal:V161:008CA4:F8B9F0,$008CA4,OS+0x082A4,mapped-segment1,OS-RAM,$FFF8B9F0,$F8B9F0,,ROM,direct,direct-abs.l,V161,static-abs.l,unknown,,1,jmp,,
dal:V161:008D00:F8BAC6,$008D00,OS+0x08300,mapped-segment1,OS-RAM,$FFF8BAC6,$F8BAC6,,ROM,direct,direct-abs.l,V161,static-abs.l,unknown,,1,jmp,,
dal:V161:008D06:F8BCAC,$008D06,OS+0x08306,mapped-segment1,OS-RAM,$FFF8BCAC,$F8BCAC,,ROM,direct,direct-abs.l,V161,static-abs.l,unknown,,1,jmp,,
dal:V161:008D38:F8BE1E,$008D38,OS+0x08338,mapped-segment1,OS-RAM,$FFF8BE1E,$F8BE1E,,ROM,direct,direct-abs.l,V161,static-abs.l,unknown,,1,jmp,,
dal:V161:008D3E:F8BE26,$008D3E,OS+0x0833E,mapped-segment1,OS-RAM,$FFF8BE26,$F8BE26,,ROM,direct,direct-abs.l,V161,static-abs.l,unknown,,1,jmp,,
dal:V161:008D44:F8C0CE,$008D44,OS+0x08344,mapped-segment1,OS-RAM,$FFF8C0CE,$F8C0CE,,ROM,direct,direct-abs.l,V161,static-abs.l,unknown,,1,jmp,,
dal:V161:008D50:F8C1BE,$008D50,OS+0x08350,mapped-segment1,OS-RAM,$FFF8C1BE,$F8C1BE,,ROM,direct,direct-abs.l,V161,static-abs.l,unknown,,1,jmp,,
dal:V161:008DCC:F8C412,$008DCC,OS+0x083CC,mapped-segment1,OS-RAM,$FFF8C412,$F8C412,,ROM,direct,direct-abs.l,V161,static-abs.l,unknown,,1,jmp,,
dal:V161:008DD2:F8C492,$008DD2,OS+0x083D2,mapped-segment1,OS-RAM,$FFF8C492,$F8C492,,ROM,direct,direct-abs.l,V161,static-abs.l,unknown,,1,jmp,,
dal:V161:008E38:F8C994,$008E38,OS+0x08438,mapped-segment1,OS-RAM,$FFF8C994,$F8C994,,ROM,direct,direct-abs.l,V161,static-abs.l,unknown,,1,jmp,,
dal:V161:008E3E:F8C9AA,$008E3E,OS+0x0843E,mapped-segment1,OS-RAM,$FFF8C9AA,$F8C9AA,,ROM,direct,direct-abs.l,V161,static-abs.l,unknown,,1,jmp,,
dal:V161:008E44:F8C9CC,$008E44,OS+0x08444,mapped-segment1,OS-RAM,$FFF8C9CC,$F8C9CC,,ROM,direct,direct-abs.l,V161,static-abs.l,unknown,,1,jmp,,
dal:V161:008E4A:F8C9FE,$008E4A,OS+0x0844A,mapped-segment1,OS-RAM,$FFF8C9FE,$F8C9FE,,ROM,direct,direct-abs.l,V161,static-abs.l,unknown,,1,jmp,,
dal:V161:008E50:F8CAFA,$008E50,OS+0x08450,mapped-segment1,OS-RAM,$FFF8CAFA,$F8CAFA,,ROM,direct,direct-abs.l,V161,static-abs.l,unknown,,1,jmp,,
dal:V161:008E56:F8C0E6,$008E56,OS+0x08456,mapped-segment1,OS-RAM,$FFF8C0E6,$F8C0E6,,ROM,direct,direct-abs.l,V161,static-abs.l,unknown,,1,jsr,,
dal:V161:008E5C:F8CC9A,$008E5C,OS+0x0845C,mapped-segment1,OS-RAM,$FFF8CC9A,$F8CC9A,,ROM,direct,direct-abs.l,V161,static-abs.l,unknown,,1,jsr,,
dal:V161:008E62:F8CCF6,$008E62,OS+0x08462,mapped-segment1,OS-RAM,$FFF8CCF6,$F8CCF6,,ROM,direct,direct-abs.l,V161,static-abs.l,unknown,,1,jsr,,
dal:V161:008E68:F8CDDC,$008E68,OS+0x08468,mapped-segment1,OS-RAM,$FFF8CDDC,$F8CDDC,,ROM,direct,direct-abs.l,V161,static-abs.l,unknown,,1,jmp,,
dal:V161:008E6E:F8CE4A,$008E6E,OS+0x0846E,mapped-segment1,OS-RAM,$FFF8CE4A,$F8CE4A,,ROM,direct,direct-abs.l,V161,static-abs.l,unknown,,1,jmp,,
dal:V161:008E74:F8CF9C,$008E74,OS+0x08474,mapped-segment1,OS-RAM,$FFF8CF9C,$F8CF9C,,ROM,direct,direct-abs.l,V161,static-abs.l,unknown,,1,jmp,,
dal:V161:008EAC:F8DC90,$008EAC,OS+0x084AC,mapped-segment1,OS-RAM,$FFF8DC90,$F8DC90,,ROM,direct,direct-abs.l,V161,static-abs.l,unknown,,1,jmp,,
dal:V161:008EB2:F8DD94,$008EB2,OS+0x084B2,mapped-segment1,OS-RAM,$FFF8DD94,$F8DD94,,ROM,direct,direct-abs.l,V161,static-abs.l,unknown,,1,jmp,,
dal:V161:008EB8:F8DDF4,$008EB8,OS+0x084B8,mapped-segment1,OS-RAM,$FFF8DDF4,$F8DDF4,,ROM,direct,direct-abs.l,V161,static-abs.l,unknown,,1,jmp,,
dal:V161:008EC4:F8E082,$008EC4,OS+0x084C4,mapped-segment1,OS-RAM,$FFF8E082,$F8E082,,ROM,direct,direct-abs.l,V161,static-abs.l,unknown,,1,jmp,,
dal:V161:008ECA:F8E054,$008ECA,OS+0x084CA,mapped-segment1,OS-RAM,$FFF8E054,$F8E054,,ROM,direct,direct-abs.l,V161,static-abs.l,unknown,,1,jmp,,
dal:V161:008ED0:F8E256,$008ED0,OS+0x084D0,mapped-segment1,OS-RAM,$FFF8E256,$F8E256,,ROM,direct,direct-abs.l,V161,static-abs.l,unknown,,1,jmp,,
dal:V161:008ED6:F8E338,$008ED6,OS+0x084D6,mapped-segment1,OS-RAM,$FFF8E338,$F8E338,,ROM,direct,direct-abs.l,V161,static-abs.l,unknown,,1,jmp,,
dal:V161:008EDC:F8E384,$008EDC,OS+0x084DC,mapped-segment1,OS-RAM,$FFF8E384,$F8E384,,ROM,direct,direct-abs.l,V161,static-abs.l,unknown,,1,jmp,,
dal:V161:008EE2:F8E3D2,$008EE2,OS+0x084E2,mapped-segment1,OS-RAM,$FFF8E3D2,$F8E3D2,,ROM,direct,direct-abs.l,V161,static-abs.l,unknown,,1,jmp,,
dal:V161:008EEE:F8E46C,$008EEE,OS+0x084EE,mapped-segment1,OS-RAM,$FFF8E46C,$F8E46C,,ROM,direct,direct-abs.l,V161,static-abs.l,unknown,,1,jmp,,
dal:V161:008EF4:F8E4BA,$008EF4,OS+0x084F4,mapped-segment1,OS-RAM,$FFF8E4BA,$F8E4BA,,ROM,direct,direct-abs.l,V161,static-abs.l,unknown,,1,jmp,,
dal:V161:008EFA:F8E57E,$008EFA,OS+0x084FA,mapped-segment1,OS-RAM,$FFF8E57E,$F8E57E,,ROM,direct,direct-abs.l,V161,static-abs.l,unknown,,1,jmp,,
dal:V161:008F00:F8E5DA,$008F00,OS+0x08500,mapped-segment1,OS-RAM,$FFF8E5DA,$F8E5DA,,ROM,direct,direct-abs.l,V161,static-abs.l,unknown,,1,jmp,,
dal:V161:008F06:F8E63A,$008F06,OS+0x08506,mapped-segment1,OS-RAM,$FFF8E63A,$F8E63A,,ROM,direct,direct-abs.l,V161,static-abs.l,unknown,,1,jmp,,
dal:V161:008F0C:F8E68C,$008F0C,OS+0x0850C,mapped-segment1,OS-RAM,$FFF8E68C,$F8E68C,,ROM,direct,direct-abs.l,V161,static-abs.l,unknown,,1,jmp,,
dal:V161:008F18:F8EC52,$008F18,OS+0x08518,mapped-segment1,OS-RAM,$FFF8EC52,$F8EC52,,ROM,direct,direct-abs.l,V161,static-abs.l,unknown,,1,jmp,,
dal:V161:008F1E:F8EC6A,$008F1E,OS+0x0851E,mapped-segment1,OS-RAM,$FFF8EC6A,$F8EC6A,,ROM,direct,direct-abs.l,V161,static-abs.l,unknown,,1,jmp,,
dal:V161:008F24:F8ECFA,$008F24,OS+0x08524,mapped-segment1,OS-RAM,$FFF8ECFA,$F8ECFA,,ROM,direct,direct-abs.l,V161,static-abs.l,unknown,,1,jmp,,
dal:V161:008F2A:F8ED0E,$008F2A,OS+0x0852A,mapped-segment1,OS-RAM,$FFF8ED0E,$F8ED0E,,ROM,direct,direct-abs.l,V161,static-abs.l,unknown,,1,jmp,,
dal:V161:008F30:F8EDBA,$008F30,OS+0x08530,mapped-segment1,OS-RAM,$FFF8EDBA,$F8EDBA,,ROM,direct,direct-abs.l,V161,static-abs.l,unknown,,1,jmp,,
dal:V161:008F36:F8EDDC,$008F36,OS+0x08536,mapped-segment1,OS-RAM,$FFF8EDDC,$F8EDDC,,ROM,direct,direct-abs.l,V161,static-abs.l,unknown,,1,jmp,,
dal:V161:008F3C:F8EF2A,$008F3C,OS+0x0853C,mapped-segment1,OS-RAM,$FFF8EF2A,$F8EF2A,,ROM,direct,direct-abs.l,V161,static-abs.l,unknown,,1,jmp,,
dal:V161:008F42:F8EFB6,$008F42,OS+0x08542,mapped-segment1,OS-RAM,$FFF8EFB6,$F8EFB6,,ROM,direct,direct-abs.l,V161,static-abs.l,unknown,,1,jmp,,
dal:V161:008F48:F8EFC6,$008F48,OS+0x08548,mapped-segment1,OS-RAM,$FFF8EFC6,$F8EFC6,,ROM,direct,direct-abs.l,V161,static-abs.l,unknown,,1,jmp,,
dal:V161:008F4E:F8EFF6,$008F4E,OS+0x0854E,mapped-segment1,OS-RAM,$FFF8EFF6,$F8EFF6,,ROM,direct,direct-abs.l,V161,static-abs.l,unknown,,1,jmp,,
dal:V161:008F54:F8F008,$008F54,OS+0x08554,mapped-segment1,OS-RAM,$FFF8F008,$F8F008,,ROM,direct,direct-abs.l,V161,static-abs.l,unknown,,1,jmp,,
dal:V161:008F5A:F8F024,$008F5A,OS+0x0855A,mapped-segment1,OS-RAM,$FFF8F024,$F8F024,,ROM,direct,direct-abs.l,V161,static-abs.l,unknown,,1,jmp,,
dal:V161:008F60:F8F040,$008F60,OS+0x08560,mapped-segment1,OS-RAM,$FFF8F040,$F8F040,,ROM,direct,direct-abs.l,V161,static-abs.l,unknown,,1,jmp,,
dal:V161:008F66:F8F054,$008F66,OS+0x08566,mapped-segment1,OS-RAM,$FFF8F054,$F8F054,,ROM,direct,direct-abs.l,V161,static-abs.l,unknown,,1,jmp,,
dal:V161:008F6C:F8F06C,$008F6C,OS+0x0856C,mapped-segment1,OS-RAM,$FFF8F06C,$F8F06C,,ROM,direct,direct-abs.l,V161,static-abs.l,unknown,,1,jmp,,
dal:V161:008F72:F8E862,$008F72,OS+0x08572,mapped-segment1,OS-RAM,$FFF8E862,$F8E862,,ROM,direct,direct-abs.l,V161,static-abs.l,unknown,,1,jmp,,
dal:V161:008F78:F8E87C,$008F78,OS+0x08578,mapped-segment1,OS-RAM,$FFF8E87C,$F8E87C,,ROM,direct,direct-abs.l,V161,static-abs.l,unknown,,1,jmp,,
dal:V161:008F7E:F8E894,$008F7E,OS+0x0857E,mapped-segment1,OS-RAM,$FFF8E894,$F8E894,,ROM,direct,direct-abs.l,V161,static-abs.l,unknown,,1,jmp,,
dal:V161:008F84:F8E89A,$008F84,OS+0x08584,mapped-segment1,OS-RAM,$FFF8E89A,$F8E89A,,ROM,direct,direct-abs.l,V161,static-abs.l,unknown,,1,jmp,,
dal:V161:008F8A:F8E89E,$008F8A,OS+0x0858A,mapped-segment1,OS-RAM,$FFF8E89E,$F8E89E,,ROM,direct,direct-abs.l,V161,static-abs.l,unknown,,1,jmp,,
dal:V161:008F90:F8E8A4,$008F90,OS+0x08590,mapped-segment1,OS-RAM,$FFF8E8A4,$F8E8A4,,ROM,direct,direct-abs.l,V161,static-abs.l,unknown,,1,jmp,,
dal:V161:008F96:F8E8A8,$008F96,OS+0x08596,mapped-segment1,OS-RAM,$FFF8E8A8,$F8E8A8,,ROM,direct,direct-abs.l,V161,static-abs.l,unknown,,1,jmp,,
dal:V161:008F9C:F8E8AE,$008F9C,OS+0x0859C,mapped-segment1,OS-RAM,$FFF8E8AE,$F8E8AE,,ROM,direct,direct-abs.l,V161,static-abs.l,unknown,,1,jmp,,
dal:V161:008FA2:F8E8B2,$008FA2,OS+0x085A2,mapped-segment1,OS-RAM,$FFF8E8B2,$F8E8B2,,ROM,direct,direct-abs.l,V161,static-abs.l,unknown,,1,jmp,,
dal:V161:008FA8:F8E8D0,$008FA8,OS+0x085A8,mapped-segment1,OS-RAM,$FFF8E8D0,$F8E8D0,,ROM,direct,direct-abs.l,V161,static-abs.l,unknown,,1,jmp,,
dal:V161:008FAE:F8E8C2,$008FAE,OS+0x085AE,mapped-segment1,OS-RAM,$FFF8E8C2,$F8E8C2,,ROM,direct,direct-abs.l,V161,static-abs.l,unknown,,1,jmp,,
dal:V161:008FB4:F8E8DC,$008FB4,OS+0x085B4,mapped-segment1,OS-RAM,$FFF8E8DC,$F8E8DC,,ROM,direct,direct-abs.l,V161,static-abs.l,unknown,,1,jmp,,
dal:V161:008FBA:F8E8E6,$008FBA,OS+0x085BA,mapped-segment1,OS-RAM,$FFF8E8E6,$F8E8E6,,ROM,direct,direct-abs.l,V161,static-abs.l,unknown,,1,jmp,,
dal:V161:008FC0:F8E8F0,$008FC0,OS+0x085C0,mapped-segment1,OS-RAM,$FFF8E8F0,$F8E8F0,,ROM,direct,direct-abs.l,V161,static-abs.l,unknown,,1,jmp,,
dal:V161:008FC6:F8E8FA,$008FC6,OS+0x085C6,mapped-segment1,OS-RAM,$FFF8E8FA,$F8E8FA,,ROM,direct,direct-abs.l,V161,static-abs.l,unknown,,1,jmp,,
dal:V161:008FCC:F8E904,$008FCC,OS+0x085CC,mapped-segment1,OS-RAM,$FFF8E904,$F8E904,,ROM,direct,direct-abs.l,V161,static-abs.l,unknown,,1,jmp,,
dal:V161:008FD2:F8E90E,$008FD2,OS+0x085D2,mapped-segment1,OS-RAM,$FFF8E90E,$F8E90E,,ROM,direct,direct-abs.l,V161,static-abs.l,unknown,,1,jmp,,
dal:V161:008FD8:F8E918,$008FD8,OS+0x085D8,mapped-segment1,OS-RAM,$FFF8E918,$F8E918,,ROM,direct,direct-abs.l,V161,static-abs.l,unknown,,1,jmp,,
dal:V161:008FDE:F8E922,$008FDE,OS+0x085DE,mapped-segment1,OS-RAM,$FFF8E922,$F8E922,,ROM,direct,direct-abs.l,V161,static-abs.l,unknown,,1,jmp,,
dal:V161:008FE4:F8E93C,$008FE4,OS+0x085E4,mapped-segment1,OS-RAM,$FFF8E93C,$F8E93C,,ROM,direct,direct-abs.l,V161,static-abs.l,unknown,,1,jmp,,
dal:V161:008FEA:F8E93E,$008FEA,OS+0x085EA,mapped-segment1,OS-RAM,$FFF8E93E,$F8E93E,,ROM,direct,direct-abs.l,V161,static-abs.l,unknown,,1,jmp,,
dal:V161:008FF0:F8E948,$008FF0,OS+0x085F0,mapped-segment1,OS-RAM,$FFF8E948,$F8E948,,ROM,direct,direct-abs.l,V161,static-abs.l,unknown,,1,jmp,,
dal:V161:008FF6:F8E94A,$008FF6,OS+0x085F6,mapped-segment1,OS-RAM,$FFF8E94A,$F8E94A,,ROM,direct,direct-abs.l,V161,static-abs.l,unknown,,1,jmp,,
dal:V161:008FFC:F8E954,$008FFC,OS+0x085FC,mapped-segment1,OS-RAM,$FFF8E954,$F8E954,,ROM,direct,direct-abs.l,V161,static-abs.l,unknown,,1,jmp,,
dal:V161:009002:F8E956,$009002,OS+0x08602,mapped-segment1,OS-RAM,$FFF8E956,$F8E956,,ROM,direct,direct-abs.l,V161,static-abs.l,unknown,,1,jmp,,
dal:V161:009008:F8E960,$009008,OS+0x08608,mapped-segment1,OS-RAM,$FFF8E960,$F8E960,,ROM,direct,direct-abs.l,V161,static-abs.l,unknown,,1,jmp,,
dal:V161:00900E:F8E962,$00900E,OS+0x0860E,mapped-segment1,OS-RAM,$FFF8E962,$F8E962,,ROM,direct,direct-abs.l,V161,static-abs.l,unknown,,1,jmp,,
dal:V161:009014:F8E96A,$009014,OS+0x08614,mapped-segment1,OS-RAM,$FFF8E96A,$F8E96A,,ROM,direct,direct-abs.l,V161,static-abs.l,unknown,,1,jmp,,
dal:V161:00901A:F8E992,$00901A,OS+0x0861A,mapped-segment1,OS-RAM,$FFF8E992,$F8E992,,ROM,direct,direct-abs.l,V161,static-abs.l,unknown,,1,jmp,,
dal:V161:009020:F8E9A0,$009020,OS+0x08620,mapped-segment1,OS-RAM,$FFF8E9A0,$F8E9A0,,ROM,direct,direct-abs.l,V161,static-abs.l,unknown,,1,jmp,,
dal:V161:009026:F8E9A6,$009026,OS+0x08626,mapped-segment1,OS-RAM,$FFF8E9A6,$F8E9A6,,ROM,direct,direct-abs.l,V161,static-abs.l,unknown,,1,jmp,,
dal:V161:00902C:F8E9C0,$00902C,OS+0x0862C,mapped-segment1,OS-RAM,$FFF8E9C0,$F8E9C0,,ROM,direct,direct-abs.l,V161,static-abs.l,unknown,,1,jmp,,
dal:V161:009032:F8E9CA,$009032,OS+0x08632,mapped-segment1,OS-RAM,$FFF8E9CA,$F8E9CA,,ROM,direct,direct-abs.l,V161,static-abs.l,unknown,,1,jmp,,
dal:V161:009038:F8E6BE,$009038,OS+0x08638,mapped-segment1,OS-RAM,$FFF8E6BE,$F8E6BE,,ROM,direct,direct-abs.l,V161,static-abs.l,unknown,,1,jmp,,
dal:V161:00903E:F8E7A6,$00903E,OS+0x0863E,mapped-segment1,OS-RAM,$FFF8E7A6,$F8E7A6,,ROM,direct,direct-abs.l,V161,static-abs.l,unknown,,1,jmp,,
dal:V161:009044:F8E7DC,$009044,OS+0x08644,mapped-segment1,OS-RAM,$FFF8E7DC,$F8E7DC,,ROM,direct,direct-abs.l,V161,static-abs.l,unknown,,1,jmp,,
dal:V161:00904A:F8E80C,$00904A,OS+0x0864A,mapped-segment1,OS-RAM,$FFF8E80C,$F8E80C,,ROM,direct,direct-abs.l,V161,static-abs.l,unknown,,1,jmp,,
dal:V161:009050:F9807A,$009050,OS+0x08650,mapped-segment1,OS-RAM,$FFF9807A,$F9807A,,ROM,direct,direct-abs.l,V161,static-abs.l,unknown,,1,jmp,,
dal:V161:009056:F980BC,$009056,OS+0x08656,mapped-segment1,OS-RAM,$FFF980BC,$F980BC,,ROM,direct,direct-abs.l,V161,static-abs.l,unknown,,1,jmp,,
dal:V161:00905C:F98120,$00905C,OS+0x0865C,mapped-segment1,OS-RAM,$FFF98120,$F98120,,ROM,direct,direct-abs.l,V161,static-abs.l,unknown,,1,jmp,,
dal:V161:009062:F98148,$009062,OS+0x08662,mapped-segment1,OS-RAM,$FFF98148,$F98148,,ROM,direct,direct-abs.l,V161,static-abs.l,unknown,,1,jmp,,
dal:V161:009068:F97F98,$009068,OS+0x08668,mapped-segment1,OS-RAM,$FFF97F98,$F97F98,,ROM,direct,direct-abs.l,V161,static-abs.l,unknown,,1,jmp,,
dal:V161:00906E:F98194,$00906E,OS+0x0866E,mapped-segment1,OS-RAM,$FFF98194,$F98194,,ROM,direct,direct-abs.l,V161,static-abs.l,unknown,,1,jmp,,
dal:V161:009074:F8F258,$009074,OS+0x08674,mapped-segment1,OS-RAM,$FFF8F258,$F8F258,,ROM,direct,direct-abs.l,V161,static-abs.l,unknown,,1,jmp,,
dal:V161:00907A:F8F284,$00907A,OS+0x0867A,mapped-segment1,OS-RAM,$FFF8F284,$F8F284,,ROM,direct,direct-abs.l,V161,static-abs.l,unknown,,1,jmp,,
dal:V161:009080:F8E6D0,$009080,OS+0x08680,mapped-segment1,OS-RAM,$FFF8E6D0,$F8E6D0,,ROM,direct,direct-abs.l,V161,static-abs.l,unknown,,1,jmp,,
dal:V161:009086:F8E720,$009086,OS+0x08686,mapped-segment1,OS-RAM,$FFF8E720,$F8E720,,ROM,direct,direct-abs.l,V161,static-abs.l,unknown,,1,jmp,,
dal:V161:00908C:F8F142,$00908C,OS+0x0868C,mapped-segment1,OS-RAM,$FFF8F142,$F8F142,,ROM,direct,direct-abs.l,V161,static-abs.l,unknown,,1,jmp,,
dal:V161:009092:F8F158,$009092,OS+0x08692,mapped-segment1,OS-RAM,$FFF8F158,$F8F158,,ROM,direct,direct-abs.l,V161,static-abs.l,unknown,,1,jmp,,
dal:V161:009098:F8F16E,$009098,OS+0x08698,mapped-segment1,OS-RAM,$FFF8F16E,$F8F16E,,ROM,direct,direct-abs.l,V161,static-abs.l,unknown,,1,jmp,,
dal:V161:00909E:F8F18E,$00909E,OS+0x0869E,mapped-segment1,OS-RAM,$FFF8F18E,$F8F18E,,ROM,direct,direct-abs.l,V161,static-abs.l,unknown,,1,jmp,,
dal:V161:0090A4:F8F1B6,$0090A4,OS+0x086A4,mapped-segment1,OS-RAM,$FFF8F1B6,$F8F1B6,,ROM,direct,direct-abs.l,V161,static-abs.l,unknown,,1,jmp,,
dal:V161:0090AA:F8E9F4,$0090AA,OS+0x086AA,mapped-segment1,OS-RAM,$FFF8E9F4,$F8E9F4,,ROM,direct,direct-abs.l,V161,static-abs.l,unknown,,1,jmp,,
dal:V161:0090B0:F8EE4C,$0090B0,OS+0x086B0,mapped-segment1,OS-RAM,$FFF8EE4C,$F8EE4C,,ROM,direct,direct-abs.l,V161,static-abs.l,unknown,,1,jmp,,
dal:V161:0090B6:F8F09E,$0090B6,OS+0x086B6,mapped-segment1,OS-RAM,$FFF8F09E,$F8F09E,,ROM,direct,direct-abs.l,V161,static-abs.l,unknown,,1,jmp,,
dal:V161:0090BC:F8EEBC,$0090BC,OS+0x086BC,mapped-segment1,OS-RAM,$FFF8EEBC,$F8EEBC,,ROM,direct,direct-abs.l,V161,static-abs.l,unknown,,1,jmp,,
dal:V161:0090F4:F8F2D2,$0090F4,OS+0x086F4,mapped-segment1,OS-RAM,$FFF8F2D2,$F8F2D2,,ROM,direct,direct-abs.l,V161,static-abs.l,unknown,,1,jmp,,
dal:V161:0090FA:F8F2DA,$0090FA,OS+0x086FA,mapped-segment1,OS-RAM,$FFF8F2DA,$F8F2DA,,ROM,direct,direct-abs.l,V161,static-abs.l,unknown,,1,jmp,,
dal:V161:009100:F8F388,$009100,OS+0x08700,mapped-segment1,OS-RAM,$FFF8F388,$F8F388,,ROM,direct,direct-abs.l,V161,static-abs.l,unknown,,1,jmp,,
dal:V161:009106:F8F38C,$009106,OS+0x08706,mapped-segment1,OS-RAM,$FFF8F38C,$F8F38C,,ROM,direct,direct-abs.l,V161,static-abs.l,unknown,,1,jmp,,
dal:V161:00910C:F8F460,$00910C,OS+0x0870C,mapped-segment1,OS-RAM,$FFF8F460,$F8F460,,ROM,direct,direct-abs.l,V161,static-abs.l,unknown,,1,jmp,,
dal:V161:009112:F8F3D6,$009112,OS+0x08712,mapped-segment1,OS-RAM,$FFF8F3D6,$F8F3D6,,ROM,direct,direct-abs.l,V161,static-abs.l,unknown,,1,jmp,,
dal:V161:009118:F8F476,$009118,OS+0x08718,mapped-segment1,OS-RAM,$FFF8F476,$F8F476,,ROM,direct,direct-abs.l,V161,static-abs.l,unknown,,1,jmp,,
dal:V161:009368:F8F4D8,$009368,OS+0x08968,mapped-segment1,OS-RAM,$FFF8F4D8,$F8F4D8,,ROM,direct,direct-abs.l,V161,static-abs.l,unknown,,1,jmp,,
dal:V161:00936E:F8FB1A,$00936E,OS+0x0896E,mapped-segment1,OS-RAM,$FFF8FB1A,$F8FB1A,,ROM,direct,direct-abs.l,V161,static-abs.l,unknown,,1,jmp,,
dal:V161:009374:F8F50A,$009374,OS+0x08974,mapped-segment1,OS-RAM,$FFF8F50A,$F8F50A,,ROM,direct,direct-abs.l,V161,static-abs.l,unknown,,1,jmp,,
dal:V161:00937A:F8FAD2,$00937A,OS+0x0897A,mapped-segment1,OS-RAM,$FFF8FAD2,$F8FAD2,,ROM,direct,direct-abs.l,V161,static-abs.l,unknown,,1,jmp,,
dal:V161:009380:F8FAC6,$009380,OS+0x08980,mapped-segment1,OS-RAM,$FFF8FAC6,$F8FAC6,,ROM,direct,direct-abs.l,V161,static-abs.l,unknown,,1,jmp,,
dal:V161:009386:F8FB0A,$009386,OS+0x08986,mapped-segment1,OS-RAM,$FFF8FB0A,$F8FB0A,,ROM,direct,direct-abs.l,V161,static-abs.l,unknown,,1,jmp,,
dal:V161:00938C:F8F9F6,$00938C,OS+0x0898C,mapped-segment1,OS-RAM,$FFF8F9F6,$F8F9F6,,ROM,direct,direct-abs.l,V161,static-abs.l,unknown,,1,jmp,,
dal:V161:009392:F8FA58,$009392,OS+0x08992,mapped-segment1,OS-RAM,$FFF8FA58,$F8FA58,,ROM,direct,direct-abs.l,V161,static-abs.l,unknown,,1,jmp,,
dal:V161:009398:F8FBFC,$009398,OS+0x08998,mapped-segment1,OS-RAM,$FFF8FBFC,$F8FBFC,,ROM,direct,direct-abs.l,V161,static-abs.l,unknown,,1,jmp,,
dal:V161:00939E:F8F89C,$00939E,OS+0x0899E,mapped-segment1,OS-RAM,$FFF8F89C,$F8F89C,,ROM,direct,direct-abs.l,V161,static-abs.l,unknown,,1,jmp,,
dal:V161:0093A4:F8F8BA,$0093A4,OS+0x089A4,mapped-segment1,OS-RAM,$FFF8F8BA,$F8F8BA,,ROM,direct,direct-abs.l,V161,static-abs.l,unknown,,1,jmp,,
dal:V161:0093AA:F8F8E0,$0093AA,OS+0x089AA,mapped-segment1,OS-RAM,$FFF8F8E0,$F8F8E0,,ROM,direct,direct-abs.l,V161,static-abs.l,unknown,,1,jmp,,
dal:V161:0093B0:F8F974,$0093B0,OS+0x089B0,mapped-segment1,OS-RAM,$FFF8F974,$F8F974,,ROM,direct,direct-abs.l,V161,static-abs.l,unknown,,1,jmp,,
dal:V161:0093B6:F8F9B6,$0093B6,OS+0x089B6,mapped-segment1,OS-RAM,$FFF8F9B6,$F8F9B6,,ROM,direct,direct-abs.l,V161,static-abs.l,unknown,,1,jmp,,
dal:V161:0093BC:F8F9D4,$0093BC,OS+0x089BC,mapped-segment1,OS-RAM,$FFF8F9D4,$F8F9D4,,ROM,direct,direct-abs.l,V161,static-abs.l,unknown,,1,jmp,,
dal:V161:0093C2:F8FA0C,$0093C2,OS+0x089C2,mapped-segment1,OS-RAM,$FFF8FA0C,$F8FA0C,,ROM,direct,direct-abs.l,V161,static-abs.l,unknown,,1,jmp,,
dal:V161:0093C8:F8FA24,$0093C8,OS+0x089C8,mapped-segment1,OS-RAM,$FFF8FA24,$F8FA24,,ROM,direct,direct-abs.l,V161,static-abs.l,unknown,,1,jmp,,
dal:V161:0093CE:F8FA60,$0093CE,OS+0x089CE,mapped-segment1,OS-RAM,$FFF8FA60,$F8FA60,,ROM,direct,direct-abs.l,V161,static-abs.l,unknown,,1,jmp,,
dal:V161:0093D4:F8FA68,$0093D4,OS+0x089D4,mapped-segment1,OS-RAM,$FFF8FA68,$F8FA68,,ROM,direct,direct-abs.l,V161,static-abs.l,unknown,,1,jmp,,
dal:V161:0093DA:F8FB36,$0093DA,OS+0x089DA,mapped-segment1,OS-RAM,$FFF8FB36,$F8FB36,,ROM,direct,direct-abs.l,V161,static-abs.l,unknown,,1,jmp,,
dal:V161:0093E0:F8FC98,$0093E0,OS+0x089E0,mapped-segment1,OS-RAM,$FFF8FC98,$F8FC98,,ROM,direct,direct-abs.l,V161,static-abs.l,unknown,,1,jmp,,
dal:V161:0093E6:F8FCC4,$0093E6,OS+0x089E6,mapped-segment1,OS-RAM,$FFF8FCC4,$F8FCC4,,ROM,direct,direct-abs.l,V161,static-abs.l,unknown,,1,jmp,,
dal:V161:0093EC:F8FCC6,$0093EC,OS+0x089EC,mapped-segment1,OS-RAM,$FFF8FCC6,$F8FCC6,,ROM,direct,direct-abs.l,V161,static-abs.l,unknown,,1,jmp,,
dal:V161:0093F2:F8FCCE,$0093F2,OS+0x089F2,mapped-segment1,OS-RAM,$FFF8FCCE,$F8FCCE,,ROM,direct,direct-abs.l,V161,static-abs.l,unknown,,1,jmp,,
dal:V161:0093F8:F8FCE8,$0093F8,OS+0x089F8,mapped-segment1,OS-RAM,$FFF8FCE8,$F8FCE8,,ROM,direct,direct-abs.l,V161,static-abs.l,unknown,,1,jmp,,
dal:V161:0093FE:F8FD0A,$0093FE,OS+0x089FE,mapped-segment1,OS-RAM,$FFF8FD0A,$F8FD0A,,ROM,direct,direct-abs.l,V161,static-abs.l,unknown,,1,jmp,,
dal:V161:009404:F8FD3E,$009404,OS+0x08A04,mapped-segment1,OS-RAM,$FFF8FD3E,$F8FD3E,,ROM,direct,direct-abs.l,V161,static-abs.l,unknown,,1,jmp,,
dal:V161:00940A:F8F6B4,$00940A,OS+0x08A0A,mapped-segment1,OS-RAM,$FFF8F6B4,$F8F6B4,,ROM,direct,direct-abs.l,V161,static-abs.l,unknown,,1,jmp,,
dal:V161:009410:F8F780,$009410,OS+0x08A10,mapped-segment1,OS-RAM,$FFF8F780,$F8F780,,ROM,direct,direct-abs.l,V161,static-abs.l,unknown,,1,jmp,,
dal:V161:009416:F8F862,$009416,OS+0x08A16,mapped-segment1,OS-RAM,$FFF8F862,$F8F862,,ROM,direct,direct-abs.l,V161,static-abs.l,unknown,,1,jmp,,
dal:V161:009448:F8FD46,$009448,OS+0x08A48,mapped-segment1,OS-RAM,$FFF8FD46,$F8FD46,,ROM,direct,direct-abs.l,V161,static-abs.l,unknown,,1,jmp,,
dal:V161:00944E:F8FD6C,$00944E,OS+0x08A4E,mapped-segment1,OS-RAM,$FFF8FD6C,$F8FD6C,,ROM,direct,direct-abs.l,V161,static-abs.l,unknown,,1,jmp,,
dal:V161:009454:F8FE24,$009454,OS+0x08A54,mapped-segment1,OS-RAM,$FFF8FE24,$F8FE24,,ROM,direct,direct-abs.l,V161,static-abs.l,unknown,,1,jmp,,
dal:V161:00945A:F8FDC4,$00945A,OS+0x08A5A,mapped-segment1,OS-RAM,$FFF8FDC4,$F8FDC4,,ROM,direct,direct-abs.l,V161,static-abs.l,unknown,,1,jmp,,
dal:V161:009460:F8FD96,$009460,OS+0x08A60,mapped-segment1,OS-RAM,$FFF8FD96,$F8FD96,,ROM,direct,direct-abs.l,V161,static-abs.l,unknown,,1,jmp,,
dal:V161:009466:F8FFAE,$009466,OS+0x08A66,mapped-segment1,OS-RAM,$FFF8FFAE,$F8FFAE,,ROM,direct,direct-abs.l,V161,static-abs.l,unknown,,1,jmp,,
dal:V161:00946C:F8FF08,$00946C,OS+0x08A6C,mapped-segment1,OS-RAM,$FFF8FF08,$F8FF08,,ROM,direct,direct-abs.l,V161,static-abs.l,unknown,,1,jmp,,
dal:V161:009472:F8FE54,$009472,OS+0x08A72,mapped-segment1,OS-RAM,$FFF8FE54,$F8FE54,,ROM,direct,direct-abs.l,V161,static-abs.l,unknown,,1,jmp,,
dal:V161:009478:F8FF2C,$009478,OS+0x08A78,mapped-segment1,OS-RAM,$FFF8FF2C,$F8FF2C,,ROM,direct,direct-abs.l,V161,static-abs.l,unknown,,1,jmp,,
dal:V161:00947E:F90028,$00947E,OS+0x08A7E,mapped-segment1,OS-RAM,$FFF90028,$F90028,,ROM,direct,direct-abs.l,V161,static-abs.l,unknown,,1,jmp,,
dal:V161:009484:F8FFC8,$009484,OS+0x08A84,mapped-segment1,OS-RAM,$FFF8FFC8,$F8FFC8,,ROM,direct,direct-abs.l,V161,static-abs.l,unknown,,1,jmp,,
dal:V161:00948A:F90020,$00948A,OS+0x08A8A,mapped-segment1,OS-RAM,$FFF90020,$F90020,,ROM,direct,direct-abs.l,V161,static-abs.l,unknown,,1,jmp,,
dal:V161:009490:F900E8,$009490,OS+0x08A90,mapped-segment1,OS-RAM,$FFF900E8,$F900E8,,ROM,direct,direct-abs.l,V161,static-abs.l,unknown,,1,jmp,,
dal:V161:009496:F90108,$009496,OS+0x08A96,mapped-segment1,OS-RAM,$FFF90108,$F90108,,ROM,direct,direct-abs.l,V161,static-abs.l,unknown,,1,jmp,,
dal:V161:00949C:F900B0,$00949C,OS+0x08A9C,mapped-segment1,OS-RAM,$FFF900B0,$F900B0,,ROM,direct,direct-abs.l,V161,static-abs.l,unknown,,1,jmp,,
dal:V161:0094A2:F8FE82,$0094A2,OS+0x08AA2,mapped-segment1,OS-RAM,$FFF8FE82,$F8FE82,,ROM,direct,direct-abs.l,V161,static-abs.l,unknown,,1,jmp,,
dal:V161:0094A8:F8FE7E,$0094A8,OS+0x08AA8,mapped-segment1,OS-RAM,$FFF8FE7E,$F8FE7E,,ROM,direct,direct-abs.l,V161,static-abs.l,unknown,,1,jmp,,
dal:V161:0094AE:F8FEA8,$0094AE,OS+0x08AAE,mapped-segment1,OS-RAM,$FFF8FEA8,$F8FEA8,,ROM,direct,direct-abs.l,V161,static-abs.l,unknown,,1,jmp,,
dal:V161:0094B4:F8FEA4,$0094B4,OS+0x08AB4,mapped-segment1,OS-RAM,$FFF8FEA4,$F8FEA4,,ROM,direct,direct-abs.l,V161,static-abs.l,unknown,,1,jmp,,
dal:V161:0094BA:F8FEDE,$0094BA,OS+0x08ABA,mapped-segment1,OS-RAM,$FFF8FEDE,$F8FEDE,,ROM,direct,direct-abs.l,V161,static-abs.l,unknown,,1,jmp,,
dal:V161:0094C0:F8FF74,$0094C0,OS+0x08AC0,mapped-segment1,OS-RAM,$FFF8FF74,$F8FF74,,ROM,direct,direct-abs.l,V161,static-abs.l,unknown,,1,jmp,,
dal:V161:0094C6:F90016,$0094C6,OS+0x08AC6,mapped-segment1,OS-RAM,$FFF90016,$F90016,,ROM,direct,direct-abs.l,V161,static-abs.l,unknown,,1,jmp,,
dal:V161:0094CC:F8FEEE,$0094CC,OS+0x08ACC,mapped-segment1,OS-RAM,$FFF8FEEE,$F8FEEE,,ROM,direct,direct-abs.l,V161,static-abs.l,unknown,,1,jmp,,
dal:V161:0094D2:F8FE2E,$0094D2,OS+0x08AD2,mapped-segment1,OS-RAM,$FFF8FE2E,$F8FE2E,,ROM,direct,direct-abs.l,V161,static-abs.l,unknown,,1,jmp,,
dal:V161:0094D8:F8FE02,$0094D8,OS+0x08AD8,mapped-segment1,OS-RAM,$FFF8FE02,$F8FE02,,ROM,direct,direct-abs.l,V161,static-abs.l,unknown,,1,jmp,,
dal:V161:0094DE:F8FE5C,$0094DE,OS+0x08ADE,mapped-segment1,OS-RAM,$FFF8FE5C,$F8FE5C,,ROM,direct,direct-abs.l,V161,static-abs.l,unknown,,1,jmp,,
dal:V161:0094E4:F8FFC0,$0094E4,OS+0x08AE4,mapped-segment1,OS-RAM,$FFF8FFC0,$F8FFC0,,ROM,direct,direct-abs.l,V161,static-abs.l,unknown,,1,jmp,,
dal:V161:0094EA:F8FF2A,$0094EA,OS+0x08AEA,mapped-segment1,OS-RAM,$FFF8FF2A,$F8FF2A,,ROM,direct,direct-abs.l,V161,static-abs.l,unknown,,1,jmp,,
dal:V161:0094F0:F8FF70,$0094F0,OS+0x08AF0,mapped-segment1,OS-RAM,$FFF8FF70,$F8FF70,,ROM,direct,direct-abs.l,V161,static-abs.l,unknown,,1,jmp,,
dal:V161:0094F6:F901C8,$0094F6,OS+0x08AF6,mapped-segment1,OS-RAM,$FFF901C8,$F901C8,,ROM,direct,direct-abs.l,V161,static-abs.l,unknown,,1,jmp,,
dal:V161:0094FC:F9018E,$0094FC,OS+0x08AFC,mapped-segment1,OS-RAM,$FFF9018E,$F9018E,,ROM,direct,direct-abs.l,V161,static-abs.l,unknown,,1,jmp,,
dal:V161:009502:F90318,$009502,OS+0x08B02,mapped-segment1,OS-RAM,$FFF90318,$F90318,,ROM,direct,direct-abs.l,V161,static-abs.l,unknown,,1,jmp,,
dal:V161:009508:F90688,$009508,OS+0x08B08,mapped-segment1,OS-RAM,$FFF90688,$F90688,,ROM,direct,direct-abs.l,V161,static-abs.l,unknown,,1,jmp,,
dal:V161:00950E:F902CC,$00950E,OS+0x08B0E,mapped-segment1,OS-RAM,$FFF902CC,$F902CC,,ROM,direct,direct-abs.l,V161,static-abs.l,unknown,,1,jmp,,
dal:V161:00951A:F90144,$00951A,OS+0x08B1A,mapped-segment1,OS-RAM,$FFF90144,$F90144,,ROM,direct,direct-abs.l,V161,static-abs.l,unknown,,1,jmp,,
dal:V161:009520:F90226,$009520,OS+0x08B20,mapped-segment1,OS-RAM,$FFF90226,$F90226,,ROM,direct,direct-abs.l,V161,static-abs.l,unknown,,1,jmp,,
dal:V161:009526:F9042A,$009526,OS+0x08B26,mapped-segment1,OS-RAM,$FFF9042A,$F9042A,,ROM,direct,direct-abs.l,V161,static-abs.l,unknown,,1,jmp,,
dal:V161:00952C:F902A6,$00952C,OS+0x08B2C,mapped-segment1,OS-RAM,$FFF902A6,$F902A6,,ROM,direct,direct-abs.l,V161,static-abs.l,unknown,,1,jmp,,
dal:V161:009532:F90352,$009532,OS+0x08B32,mapped-segment1,OS-RAM,$FFF90352,$F90352,,ROM,direct,direct-abs.l,V161,static-abs.l,unknown,,1,jmp,,
dal:V161:009538:F903D0,$009538,OS+0x08B38,mapped-segment1,OS-RAM,$FFF903D0,$F903D0,,ROM,direct,direct-abs.l,V161,static-abs.l,unknown,,1,jmp,,
dal:V161:00953E:F9047C,$00953E,OS+0x08B3E,mapped-segment1,OS-RAM,$FFF9047C,$F9047C,,ROM,direct,direct-abs.l,V161,static-abs.l,unknown,,1,jmp,,
dal:V161:009544:F904E2,$009544,OS+0x08B44,mapped-segment1,OS-RAM,$FFF904E2,$F904E2,,ROM,direct,direct-abs.l,V161,static-abs.l,unknown,,1,jmp,,
dal:V161:00954A:F9051C,$00954A,OS+0x08B4A,mapped-segment1,OS-RAM,$FFF9051C,$F9051C,,ROM,direct,direct-abs.l,V161,static-abs.l,unknown,,1,jmp,,
dal:V161:009550:F90566,$009550,OS+0x08B50,mapped-segment1,OS-RAM,$FFF90566,$F90566,,ROM,direct,direct-abs.l,V161,static-abs.l,unknown,,1,jmp,,
dal:V161:009556:F9056E,$009556,OS+0x08B56,mapped-segment1,OS-RAM,$FFF9056E,$F9056E,,ROM,direct,direct-abs.l,V161,static-abs.l,unknown,,1,jmp,,
dal:V161:00955C:F9062C,$00955C,OS+0x08B5C,mapped-segment1,OS-RAM,$FFF9062C,$F9062C,,ROM,direct,direct-abs.l,V161,static-abs.l,unknown,,1,jmp,,
dal:V161:009562:F901D8,$009562,OS+0x08B62,mapped-segment1,OS-RAM,$FFF901D8,$F901D8,,ROM,direct,direct-abs.l,V161,static-abs.l,unknown,,1,jmp,,
dal:V161:00957E:F906A8,$00957E,OS+0x08B7E,mapped-segment1,OS-RAM,$FFF906A8,$F906A8,,ROM,direct,direct-abs.l,V161,static-abs.l,unknown,,1,jmp,,
dal:V161:009584:F906A0,$009584,OS+0x08B84,mapped-segment1,OS-RAM,$FFF906A0,$F906A0,,ROM,direct,direct-abs.l,V161,static-abs.l,unknown,,1,jmp,,
dal:V161:00958A:F906A6,$00958A,OS+0x08B8A,mapped-segment1,OS-RAM,$FFF906A6,$F906A6,,ROM,direct,direct-abs.l,V161,static-abs.l,unknown,,1,jmp,,
dal:V161:009590:F906D4,$009590,OS+0x08B90,mapped-segment1,OS-RAM,$FFF906D4,$F906D4,,ROM,direct,direct-abs.l,V161,static-abs.l,unknown,,1,jmp,,
dal:V161:009596:F90868,$009596,OS+0x08B96,mapped-segment1,OS-RAM,$FFF90868,$F90868,,ROM,direct,direct-abs.l,V161,static-abs.l,unknown,,1,jmp,,
dal:V161:00959C:F90854,$00959C,OS+0x08B9C,mapped-segment1,OS-RAM,$FFF90854,$F90854,,ROM,direct,direct-abs.l,V161,static-abs.l,unknown,,1,jmp,,
dal:V161:0095A2:F916D0,$0095A2,OS+0x08BA2,mapped-segment1,OS-RAM,$FFF916D0,$F916D0,,ROM,direct,direct-abs.l,V161,static-abs.l,unknown,,1,jmp,,
dal:V161:0095A8:F916C6,$0095A8,OS+0x08BA8,mapped-segment1,OS-RAM,$FFF916C6,$F916C6,,ROM,direct,direct-abs.l,V161,static-abs.l,unknown,,1,jmp,,
dal:V161:0095AE:F9174A,$0095AE,OS+0x08BAE,mapped-segment1,OS-RAM,$FFF9174A,$F9174A,,ROM,direct,direct-abs.l,V161,static-abs.l,unknown,,1,jmp,,
dal:V161:0095B4:F908A0,$0095B4,OS+0x08BB4,mapped-segment1,OS-RAM,$FFF908A0,$F908A0,,ROM,direct,direct-abs.l,V161,static-abs.l,unknown,,1,jmp,,
dal:V161:0095BA:F909EC,$0095BA,OS+0x08BBA,mapped-segment1,OS-RAM,$FFF909EC,$F909EC,,ROM,direct,direct-abs.l,V161,static-abs.l,unknown,,1,jmp,,
dal:V161:0095C0:F90BF0,$0095C0,OS+0x08BC0,mapped-segment1,OS-RAM,$FFF90BF0,$F90BF0,,ROM,direct,direct-abs.l,V161,static-abs.l,unknown,,1,jmp,,
dal:V161:0095C6:F90B7E,$0095C6,OS+0x08BC6,mapped-segment1,OS-RAM,$FFF90B7E,$F90B7E,,ROM,direct,direct-abs.l,V161,static-abs.l,unknown,,1,jmp,,
dal:V161:0095CC:F90AA2,$0095CC,OS+0x08BCC,mapped-segment1,OS-RAM,$FFF90AA2,$F90AA2,,ROM,direct,direct-abs.l,V161,static-abs.l,unknown,,1,jmp,,
dal:V161:0095D2:F913CA,$0095D2,OS+0x08BD2,mapped-segment1,OS-RAM,$FFF913CA,$F913CA,,ROM,direct,direct-abs.l,V161,static-abs.l,unknown,,1,jmp,,
dal:V161:0095D8:F91670,$0095D8,OS+0x08BD8,mapped-segment1,OS-RAM,$FFF91670,$F91670,,ROM,direct,direct-abs.l,V161,static-abs.l,unknown,,1,jmp,,
dal:V161:0095DE:F911B6,$0095DE,OS+0x08BDE,mapped-segment1,OS-RAM,$FFF911B6,$F911B6,,ROM,direct,direct-abs.l,V161,static-abs.l,unknown,,1,jmp,,
dal:V161:0095E4:F912B0,$0095E4,OS+0x08BE4,mapped-segment1,OS-RAM,$FFF912B0,$F912B0,,ROM,direct,direct-abs.l,V161,static-abs.l,unknown,,1,jmp,,
dal:V161:0095EA:F90BA0,$0095EA,OS+0x08BEA,mapped-segment1,OS-RAM,$FFF90BA0,$F90BA0,,ROM,direct,direct-abs.l,V161,static-abs.l,unknown,,1,jmp,,
dal:V161:0095F0:F90A88,$0095F0,OS+0x08BF0,mapped-segment1,OS-RAM,$FFF90A88,$F90A88,,ROM,direct,direct-abs.l,V161,static-abs.l,unknown,,1,jmp,,
dal:V161:0095F6:F913DE,$0095F6,OS+0x08BF6,mapped-segment1,OS-RAM,$FFF913DE,$F913DE,,ROM,direct,direct-abs.l,V161,static-abs.l,unknown,,1,jmp,,
dal:V161:0095FC:F9165C,$0095FC,OS+0x08BFC,mapped-segment1,OS-RAM,$FFF9165C,$F9165C,,ROM,direct,direct-abs.l,V161,static-abs.l,unknown,,1,jmp,,
dal:V161:009602:F91418,$009602,OS+0x08C02,mapped-segment1,OS-RAM,$FFF91418,$F91418,,ROM,direct,direct-abs.l,V161,static-abs.l,unknown,,1,jmp,,
dal:V161:009608:F9131A,$009608,OS+0x08C08,mapped-segment1,OS-RAM,$FFF9131A,$F9131A,,ROM,direct,direct-abs.l,V161,static-abs.l,unknown,,1,jmp,,
dal:V161:00960E:F914BC,$00960E,OS+0x08C0E,mapped-segment1,OS-RAM,$FFF914BC,$F914BC,,ROM,direct,direct-abs.l,V161,static-abs.l,unknown,,1,jmp,,
dal:V161:009614:F90910,$009614,OS+0x08C14,mapped-segment1,OS-RAM,$FFF90910,$F90910,,ROM,direct,direct-abs.l,V161,static-abs.l,unknown,,1,jmp,,
dal:V161:00961A:F90976,$00961A,OS+0x08C1A,mapped-segment1,OS-RAM,$FFF90976,$F90976,,ROM,direct,direct-abs.l,V161,static-abs.l,unknown,,1,jmp,,
dal:V161:009620:F90BF6,$009620,OS+0x08C20,mapped-segment1,OS-RAM,$FFF90BF6,$F90BF6,,ROM,direct,direct-abs.l,V161,static-abs.l,unknown,,1,jmp,,
dal:V161:009626:F9116C,$009626,OS+0x08C26,mapped-segment1,OS-RAM,$FFF9116C,$F9116C,,ROM,direct,direct-abs.l,V161,static-abs.l,unknown,,1,jmp,,
dal:V161:00962C:F90BBE,$00962C,OS+0x08C2C,mapped-segment1,OS-RAM,$FFF90BBE,$F90BBE,,ROM,direct,direct-abs.l,V161,static-abs.l,unknown,,1,jmp,,
dal:V161:009632:F909B6,$009632,OS+0x08C32,mapped-segment1,OS-RAM,$FFF909B6,$F909B6,,ROM,direct,direct-abs.l,V161,static-abs.l,unknown,,1,jmp,,
dal:V161:009638:F916F6,$009638,OS+0x08C38,mapped-segment1,OS-RAM,$FFF916F6,$F916F6,,ROM,direct,direct-abs.l,V161,static-abs.l,unknown,,1,jmp,,
dal:V161:00963E:F91390,$00963E,OS+0x08C3E,mapped-segment1,OS-RAM,$FFF91390,$F91390,,ROM,direct,direct-abs.l,V161,static-abs.l,unknown,,1,jmp,,
dal:V161:009644:F91394,$009644,OS+0x08C44,mapped-segment1,OS-RAM,$FFF91394,$F91394,,ROM,direct,direct-abs.l,V161,static-abs.l,unknown,,1,jmp,,
dal:V161:00964A:F91432,$00964A,OS+0x08C4A,mapped-segment1,OS-RAM,$FFF91432,$F91432,,ROM,direct,direct-abs.l,V161,static-abs.l,unknown,,1,jmp,,
dal:V161:009650:F90890,$009650,OS+0x08C50,mapped-segment1,OS-RAM,$FFF90890,$F90890,,ROM,direct,direct-abs.l,V161,static-abs.l,unknown,,1,jmp,,
dal:V161:009656:F914B6,$009656,OS+0x08C56,mapped-segment1,OS-RAM,$FFF914B6,$F914B6,,ROM,direct,direct-abs.l,V161,static-abs.l,unknown,,1,jmp,,
dal:V161:00965C:F915AC,$00965C,OS+0x08C5C,mapped-segment1,OS-RAM,$FFF915AC,$F915AC,,ROM,direct,direct-abs.l,V161,static-abs.l,unknown,,1,jmp,,
dal:V161:009662:F90C14,$009662,OS+0x08C62,mapped-segment1,OS-RAM,$FFF90C14,$F90C14,,ROM,direct,direct-abs.l,V161,static-abs.l,unknown,,1,jmp,,
dal:V161:009668:F9161C,$009668,OS+0x08C68,mapped-segment1,OS-RAM,$FFF9161C,$F9161C,,ROM,direct,direct-abs.l,V161,static-abs.l,unknown,,1,jmp,,
dal:V161:009674:F91068,$009674,OS+0x08C74,mapped-segment1,OS-RAM,$FFF91068,$F91068,,ROM,direct,direct-abs.l,V161,static-abs.l,unknown,,1,jmp,,
dal:V161:00967A:F91760,$00967A,OS+0x08C7A,mapped-segment1,OS-RAM,$FFF91760,$F91760,,ROM,direct,direct-abs.l,V161,static-abs.l,unknown,,1,jmp,,
dal:V161:009680:F90D5C,$009680,OS+0x08C80,mapped-segment1,OS-RAM,$FFF90D5C,$F90D5C,,ROM,direct,direct-abs.l,V161,static-abs.l,unknown,,1,jmp,,
dal:V161:00968C:F910B6,$00968C,OS+0x08C8C,mapped-segment1,OS-RAM,$FFF910B6,$F910B6,,ROM,direct,direct-abs.l,V161,static-abs.l,unknown,,1,jmp,,
dal:V161:009692:F910DE,$009692,OS+0x08C92,mapped-segment1,OS-RAM,$FFF910DE,$F910DE,,ROM,direct,direct-abs.l,V161,static-abs.l,unknown,,1,jmp,,
dal:V161:009698:F90DEC,$009698,OS+0x08C98,mapped-segment1,OS-RAM,$FFF90DEC,$F90DEC,,ROM,direct,direct-abs.l,V161,static-abs.l,unknown,,1,jmp,,
dal:V161:00969E:F90F0A,$00969E,OS+0x08C9E,mapped-segment1,OS-RAM,$FFF90F0A,$F90F0A,,ROM,direct,direct-abs.l,V161,static-abs.l,unknown,,1,jmp,,
dal:V161:0096A4:F908F4,$0096A4,OS+0x08CA4,mapped-segment1,OS-RAM,$FFF908F4,$F908F4,,ROM,direct,direct-abs.l,V161,static-abs.l,unknown,,1,jmp,,
dal:V161:0096AA:F9114A,$0096AA,OS+0x08CAA,mapped-segment1,OS-RAM,$FFF9114A,$F9114A,,ROM,direct,direct-abs.l,V161,static-abs.l,unknown,,1,jmp,,
dal:V161:0096B0:F917D0,$0096B0,OS+0x08CB0,mapped-segment1,OS-RAM,$FFF917D0,$F917D0,,ROM,direct,direct-abs.l,V161,static-abs.l,unknown,,1,jmp,,
dal:V161:0096B6:F91802,$0096B6,OS+0x08CB6,mapped-segment1,OS-RAM,$FFF91802,$F91802,,ROM,direct,direct-abs.l,V161,static-abs.l,unknown,,1,jmp,,
dal:V161:0096BC:F917B8,$0096BC,OS+0x08CBC,mapped-segment1,OS-RAM,$FFF917B8,$F917B8,,ROM,direct,direct-abs.l,V161,static-abs.l,unknown,,1,jmp,,
dal:V161:0096C2:F917C4,$0096C2,OS+0x08CC2,mapped-segment1,OS-RAM,$FFF917C4,$F917C4,,ROM,direct,direct-abs.l,V161,static-abs.l,unknown,,1,jmp,,
dal:V161:0096C8:F91892,$0096C8,OS+0x08CC8,mapped-segment1,OS-RAM,$FFF91892,$F91892,,ROM,direct,direct-abs.l,V161,static-abs.l,unknown,,1,jmp,,
dal:V161:0096CE:F91AA6,$0096CE,OS+0x08CCE,mapped-segment1,OS-RAM,$FFF91AA6,$F91AA6,,ROM,direct,direct-abs.l,V161,static-abs.l,unknown,,1,jmp,,
dal:V161:0096D4:F91ADE,$0096D4,OS+0x08CD4,mapped-segment1,OS-RAM,$FFF91ADE,$F91ADE,,ROM,direct,direct-abs.l,V161,static-abs.l,unknown,,1,jmp,,
dal:V161:0096DA:F91AF8,$0096DA,OS+0x08CDA,mapped-segment1,OS-RAM,$FFF91AF8,$F91AF8,,ROM,direct,direct-abs.l,V161,static-abs.l,unknown,,1,jmp,,
dal:V161:0096E0:F91B06,$0096E0,OS+0x08CE0,mapped-segment1,OS-RAM,$FFF91B06,$F91B06,,ROM,direct,direct-abs.l,V161,static-abs.l,unknown,,1,jmp,,
dal:V161:0096E6:F91BE0,$0096E6,OS+0x08CE6,mapped-segment1,OS-RAM,$FFF91BE0,$F91BE0,,ROM,direct,direct-abs.l,V161,static-abs.l,unknown,,1,jmp,,
dal:V161:0096EC:F91CA8,$0096EC,OS+0x08CEC,mapped-segment1,OS-RAM,$FFF91CA8,$F91CA8,,ROM,direct,direct-abs.l,V161,static-abs.l,unknown,,1,jmp,,
dal:V161:0096F2:F91C18,$0096F2,OS+0x08CF2,mapped-segment1,OS-RAM,$FFF91C18,$F91C18,,ROM,direct,direct-abs.l,V161,static-abs.l,unknown,,1,jmp,,
dal:V161:0096F8:F91C2A,$0096F8,OS+0x08CF8,mapped-segment1,OS-RAM,$FFF91C2A,$F91C2A,,ROM,direct,direct-abs.l,V161,static-abs.l,unknown,,1,jmp,,
dal:V161:0096FE:F91C78,$0096FE,OS+0x08CFE,mapped-segment1,OS-RAM,$FFF91C78,$F91C78,,ROM,direct,direct-abs.l,V161,static-abs.l,unknown,,1,jmp,,
dal:V161:009704:F91FD4,$009704,OS+0x08D04,mapped-segment1,OS-RAM,$FFF91FD4,$F91FD4,,ROM,direct,direct-abs.l,V161,static-abs.l,unknown,,1,jmp,,
dal:V161:00970A:F91EFE,$00970A,OS+0x08D0A,mapped-segment1,OS-RAM,$FFF91EFE,$F91EFE,,ROM,direct,direct-abs.l,V161,static-abs.l,unknown,,1,jmp,,
dal:V161:009710:F91DAC,$009710,OS+0x08D10,mapped-segment1,OS-RAM,$FFF91DAC,$F91DAC,,ROM,direct,direct-abs.l,V161,static-abs.l,unknown,,1,jmp,,
dal:V161:009716:F91D9C,$009716,OS+0x08D16,mapped-segment1,OS-RAM,$FFF91D9C,$F91D9C,,ROM,direct,direct-abs.l,V161,static-abs.l,unknown,,1,jmp,,
dal:V161:00971C:F9207A,$00971C,OS+0x08D1C,mapped-segment1,OS-RAM,$FFF9207A,$F9207A,,ROM,direct,direct-abs.l,V161,static-abs.l,unknown,,1,jmp,,
dal:V161:009722:F91FF2,$009722,OS+0x08D22,mapped-segment1,OS-RAM,$FFF91FF2,$F91FF2,,ROM,direct,direct-abs.l,V161,static-abs.l,unknown,,1,jmp,,
dal:V161:009728:F91D46,$009728,OS+0x08D28,mapped-segment1,OS-RAM,$FFF91D46,$F91D46,,ROM,direct,direct-abs.l,V161,static-abs.l,unknown,,1,jmp,,
dal:V161:00972E:F9189C,$00972E,OS+0x08D2E,mapped-segment1,OS-RAM,$FFF9189C,$F9189C,,ROM,direct,direct-abs.l,V161,static-abs.l,unknown,,1,jmp,,
dal:V161:009734:F92038,$009734,OS+0x08D34,mapped-segment1,OS-RAM,$FFF92038,$F92038,,ROM,direct,direct-abs.l,V161,static-abs.l,unknown,,1,jmp,,
dal:V161:00973A:F91AC8,$00973A,OS+0x08D3A,mapped-segment1,OS-RAM,$FFF91AC8,$F91AC8,,ROM,direct,direct-abs.l,V161,static-abs.l,unknown,,1,jmp,,
dal:V161:009740:F9190E,$009740,OS+0x08D40,mapped-segment1,OS-RAM,$FFF9190E,$F9190E,,ROM,direct,direct-abs.l,V161,static-abs.l,unknown,,1,jmp,,
dal:V161:009746:F91E34,$009746,OS+0x08D46,mapped-segment1,OS-RAM,$FFF91E34,$F91E34,,ROM,direct,direct-abs.l,V161,static-abs.l,unknown,,1,jmp,,
dal:V161:00974C:F9177A,$00974C,OS+0x08D4C,mapped-segment1,OS-RAM,$FFF9177A,$F9177A,,ROM,direct,direct-abs.l,V161,static-abs.l,unknown,,1,jmp,,
dal:V161:009752:F917F6,$009752,OS+0x08D52,mapped-segment1,OS-RAM,$FFF917F6,$F917F6,,ROM,direct,direct-abs.l,V161,static-abs.l,unknown,,1,jmp,,
dal:V161:009758:F918B4,$009758,OS+0x08D58,mapped-segment1,OS-RAM,$FFF918B4,$F918B4,,ROM,direct,direct-abs.l,V161,static-abs.l,unknown,,1,jmp,,
dal:V161:00975E:F9191A,$00975E,OS+0x08D5E,mapped-segment1,OS-RAM,$FFF9191A,$F9191A,,ROM,direct,direct-abs.l,V161,static-abs.l,unknown,,1,jmp,,
dal:V161:009764:F919D2,$009764,OS+0x08D64,mapped-segment1,OS-RAM,$FFF919D2,$F919D2,,ROM,direct,direct-abs.l,V161,static-abs.l,unknown,,1,jmp,,
dal:V161:00976A:F91CC6,$00976A,OS+0x08D6A,mapped-segment1,OS-RAM,$FFF91CC6,$F91CC6,,ROM,direct,direct-abs.l,V161,static-abs.l,unknown,,1,jmp,,
dal:V161:009770:F91EAA,$009770,OS+0x08D70,mapped-segment1,OS-RAM,$FFF91EAA,$F91EAA,,ROM,direct,direct-abs.l,V161,static-abs.l,unknown,,1,jmp,,
dal:V161:009776:F91F38,$009776,OS+0x08D76,mapped-segment1,OS-RAM,$FFF91F38,$F91F38,,ROM,direct,direct-abs.l,V161,static-abs.l,unknown,,1,jmp,,
dal:V161:00977C:F91FB6,$00977C,OS+0x08D7C,mapped-segment1,OS-RAM,$FFF91FB6,$F91FB6,,ROM,direct,direct-abs.l,V161,static-abs.l,unknown,,1,jmp,,
dal:V161:009782:F9200A,$009782,OS+0x08D82,mapped-segment1,OS-RAM,$FFF9200A,$F9200A,,ROM,direct,direct-abs.l,V161,static-abs.l,unknown,,1,jmp,,
dal:V161:009788:F91B10,$009788,OS+0x08D88,mapped-segment1,OS-RAM,$FFF91B10,$F91B10,,ROM,direct,direct-abs.l,V161,static-abs.l,unknown,,1,jmp,,
dal:V161:00978E:F91954,$00978E,OS+0x08D8E,mapped-segment1,OS-RAM,$FFF91954,$F91954,,ROM,direct,direct-abs.l,V161,static-abs.l,unknown,,1,jmp,,
dal:V161:009794:F91B8A,$009794,OS+0x08D94,mapped-segment1,OS-RAM,$FFF91B8A,$F91B8A,,ROM,direct,direct-abs.l,V161,static-abs.l,unknown,,1,jmp,,
dal:V161:00979A:F92122,$00979A,OS+0x08D9A,mapped-segment1,OS-RAM,$FFF92122,$F92122,,ROM,direct,direct-abs.l,V161,static-abs.l,unknown,,1,jmp,,
dal:V161:0097A0:F920F6,$0097A0,OS+0x08DA0,mapped-segment1,OS-RAM,$FFF920F6,$F920F6,,ROM,direct,direct-abs.l,V161,static-abs.l,unknown,,1,jmp,,
dal:V161:0097A6:F920E8,$0097A6,OS+0x08DA6,mapped-segment1,OS-RAM,$FFF920E8,$F920E8,,ROM,direct,direct-abs.l,V161,static-abs.l,unknown,,1,jmp,,
dal:V161:0097AC:F920D6,$0097AC,OS+0x08DAC,mapped-segment1,OS-RAM,$FFF920D6,$F920D6,,ROM,direct,direct-abs.l,V161,static-abs.l,unknown,,1,jmp,,
dal:V161:0097B2:F920B2,$0097B2,OS+0x08DB2,mapped-segment1,OS-RAM,$FFF920B2,$F920B2,,ROM,direct,direct-abs.l,V161,static-abs.l,unknown,,1,jmp,,
dal:V161:0097B8:F92186,$0097B8,OS+0x08DB8,mapped-segment1,OS-RAM,$FFF92186,$F92186,,ROM,direct,direct-abs.l,V161,static-abs.l,unknown,,1,jmp,,
dal:V161:0097BE:F92106,$0097BE,OS+0x08DBE,mapped-segment1,OS-RAM,$FFF92106,$F92106,,ROM,direct,direct-abs.l,V161,static-abs.l,unknown,,1,jmp,,
dal:V161:0097C4:F921B8,$0097C4,OS+0x08DC4,mapped-segment1,OS-RAM,$FFF921B8,$F921B8,,ROM,direct,direct-abs.l,V161,static-abs.l,unknown,,1,jmp,,
dal:V161:0097CA:F92192,$0097CA,OS+0x08DCA,mapped-segment1,OS-RAM,$FFF92192,$F92192,,ROM,direct,direct-abs.l,V161,static-abs.l,unknown,,1,jmp,,
dal:V161:0097D0:F92180,$0097D0,OS+0x08DD0,mapped-segment1,OS-RAM,$FFF92180,$F92180,,ROM,direct,direct-abs.l,V161,static-abs.l,unknown,,1,jmp,,
dal:V161:0097D6:F9215E,$0097D6,OS+0x08DD6,mapped-segment1,OS-RAM,$FFF9215E,$F9215E,,ROM,direct,direct-abs.l,V161,static-abs.l,unknown,,1,jmp,,
dal:V161:0097DC:F9220A,$0097DC,OS+0x08DDC,mapped-segment1,OS-RAM,$FFF9220A,$F9220A,,ROM,direct,direct-abs.l,V161,static-abs.l,unknown,,1,jmp,,
dal:V161:0097E2:F9223A,$0097E2,OS+0x08DE2,mapped-segment1,OS-RAM,$FFF9223A,$F9223A,,ROM,direct,direct-abs.l,V161,static-abs.l,unknown,,1,jmp,,
dal:V161:0097E8:F9224A,$0097E8,OS+0x08DE8,mapped-segment1,OS-RAM,$FFF9224A,$F9224A,,ROM,direct,direct-abs.l,V161,static-abs.l,unknown,,1,jmp,,
dal:V161:0097EE:F9237C,$0097EE,OS+0x08DEE,mapped-segment1,OS-RAM,$FFF9237C,$F9237C,,ROM,direct,direct-abs.l,V161,static-abs.l,unknown,,1,jmp,,
dal:V161:0097F4:F92262,$0097F4,OS+0x08DF4,mapped-segment1,OS-RAM,$FFF92262,$F92262,,ROM,direct,direct-abs.l,V161,static-abs.l,unknown,,1,jmp,,
dal:V161:0097FA:F92342,$0097FA,OS+0x08DFA,mapped-segment1,OS-RAM,$FFF92342,$F92342,,ROM,direct,direct-abs.l,V161,static-abs.l,unknown,,1,jmp,,
dal:V161:009800:F921D4,$009800,OS+0x08E00,mapped-segment1,OS-RAM,$FFF921D4,$F921D4,,ROM,direct,direct-abs.l,V161,static-abs.l,unknown,,1,jmp,,
dal:V161:009806:F921D8,$009806,OS+0x08E06,mapped-segment1,OS-RAM,$FFF921D8,$F921D8,,ROM,direct,direct-abs.l,V161,static-abs.l,unknown,,1,jmp,,
dal:V161:00980C:F92458,$00980C,OS+0x08E0C,mapped-segment1,OS-RAM,$FFF92458,$F92458,,ROM,direct,direct-abs.l,V161,static-abs.l,unknown,,1,jmp,,
dal:V161:009812:F9246E,$009812,OS+0x08E12,mapped-segment1,OS-RAM,$FFF9246E,$F9246E,,ROM,direct,direct-abs.l,V161,static-abs.l,unknown,,1,jmp,,
dal:V161:009818:F92478,$009818,OS+0x08E18,mapped-segment1,OS-RAM,$FFF92478,$F92478,,ROM,direct,direct-abs.l,V161,static-abs.l,unknown,,1,jmp,,
dal:V161:00981E:F9248A,$00981E,OS+0x08E1E,mapped-segment1,OS-RAM,$FFF9248A,$F9248A,,ROM,direct,direct-abs.l,V161,static-abs.l,unknown,,1,jmp,,
dal:V161:009824:F9248E,$009824,OS+0x08E24,mapped-segment1,OS-RAM,$FFF9248E,$F9248E,,ROM,direct,direct-abs.l,V161,static-abs.l,unknown,,1,jmp,,
dal:V161:00982A:F9249A,$00982A,OS+0x08E2A,mapped-segment1,OS-RAM,$FFF9249A,$F9249A,,ROM,direct,direct-abs.l,V161,static-abs.l,unknown,,1,jmp,,
dal:V161:009830:F924AC,$009830,OS+0x08E30,mapped-segment1,OS-RAM,$FFF924AC,$F924AC,,ROM,direct,direct-abs.l,V161,static-abs.l,unknown,,1,jmp,,
dal:V161:009836:F924BC,$009836,OS+0x08E36,mapped-segment1,OS-RAM,$FFF924BC,$F924BC,,ROM,direct,direct-abs.l,V161,static-abs.l,unknown,,1,jmp,,
dal:V161:00983C:F924C6,$00983C,OS+0x08E3C,mapped-segment1,OS-RAM,$FFF924C6,$F924C6,,ROM,direct,direct-abs.l,V161,static-abs.l,unknown,,1,jmp,,
dal:V161:009842:F9250E,$009842,OS+0x08E42,mapped-segment1,OS-RAM,$FFF9250E,$F9250E,,ROM,direct,direct-abs.l,V161,static-abs.l,unknown,,1,jmp,,
dal:V161:009848:F9257A,$009848,OS+0x08E48,mapped-segment1,OS-RAM,$FFF9257A,$F9257A,,ROM,direct,direct-abs.l,V161,static-abs.l,unknown,,1,jsr,,
dal:V161:00984E:F92596,$00984E,OS+0x08E4E,mapped-segment1,OS-RAM,$FFF92596,$F92596,,ROM,direct,direct-abs.l,V161,static-abs.l,unknown,,1,jmp,,
dal:V161:009854:F925C4,$009854,OS+0x08E54,mapped-segment1,OS-RAM,$FFF925C4,$F925C4,,ROM,direct,direct-abs.l,V161,static-abs.l,unknown,,1,jmp,,
dal:V161:00985A:F925F0,$00985A,OS+0x08E5A,mapped-segment1,OS-RAM,$FFF925F0,$F925F0,,ROM,direct,direct-abs.l,V161,static-abs.l,unknown,,1,jmp,,
dal:V161:009860:F9261C,$009860,OS+0x08E60,mapped-segment1,OS-RAM,$FFF9261C,$F9261C,,ROM,direct,direct-abs.l,V161,static-abs.l,unknown,,1,jmp,,
dal:V161:009866:F926CE,$009866,OS+0x08E66,mapped-segment1,OS-RAM,$FFF926CE,$F926CE,,ROM,direct,direct-abs.l,V161,static-abs.l,unknown,,1,jmp,,
dal:V161:00986C:F926E6,$00986C,OS+0x08E6C,mapped-segment1,OS-RAM,$FFF926E6,$F926E6,,ROM,direct,direct-abs.l,V161,static-abs.l,unknown,,1,jmp,,
dal:V161:009872:F926F8,$009872,OS+0x08E72,mapped-segment1,OS-RAM,$FFF926F8,$F926F8,,ROM,direct,direct-abs.l,V161,static-abs.l,unknown,,1,jmp,,
dal:V161:009878:F926FC,$009878,OS+0x08E78,mapped-segment1,OS-RAM,$FFF926FC,$F926FC,,ROM,direct,direct-abs.l,V161,static-abs.l,unknown,,1,jmp,,
dal:V161:00987E:F9270C,$00987E,OS+0x08E7E,mapped-segment1,OS-RAM,$FFF9270C,$F9270C,,ROM,direct,direct-abs.l,V161,static-abs.l,unknown,,1,jmp,,
dal:V161:009884:F92718,$009884,OS+0x08E84,mapped-segment1,OS-RAM,$FFF92718,$F92718,,ROM,direct,direct-abs.l,V161,static-abs.l,unknown,,1,jmp,,
dal:V161:00988A:F92724,$00988A,OS+0x08E8A,mapped-segment1,OS-RAM,$FFF92724,$F92724,,ROM,direct,direct-abs.l,V161,static-abs.l,unknown,,1,jmp,,
dal:V161:009890:F9275A,$009890,OS+0x08E90,mapped-segment1,OS-RAM,$FFF9275A,$F9275A,,ROM,direct,direct-abs.l,V161,static-abs.l,unknown,,1,jmp,,
dal:V161:009896:F92760,$009896,OS+0x08E96,mapped-segment1,OS-RAM,$FFF92760,$F92760,,ROM,direct,direct-abs.l,V161,static-abs.l,unknown,,1,jmp,,
dal:V161:00989C:F927F6,$00989C,OS+0x08E9C,mapped-segment1,OS-RAM,$FFF927F6,$F927F6,,ROM,direct,direct-abs.l,V161,static-abs.l,unknown,,1,jmp,,
dal:V161:0098A2:F9298C,$0098A2,OS+0x08EA2,mapped-segment1,OS-RAM,$FFF9298C,$F9298C,,ROM,direct,direct-abs.l,V161,static-abs.l,unknown,,1,jmp,,
dal:V161:0098A8:F929D2,$0098A8,OS+0x08EA8,mapped-segment1,OS-RAM,$FFF929D2,$F929D2,,ROM,direct,direct-abs.l,V161,static-abs.l,unknown,,1,jmp,,
dal:V161:0098AE:F92A04,$0098AE,OS+0x08EAE,mapped-segment1,OS-RAM,$FFF92A04,$F92A04,,ROM,direct,direct-abs.l,V161,static-abs.l,unknown,,1,jmp,,
dal:V161:0098B4:F92A4A,$0098B4,OS+0x08EB4,mapped-segment1,OS-RAM,$FFF92A4A,$F92A4A,,ROM,direct,direct-abs.l,V161,static-abs.l,unknown,,1,jmp,,
dal:V161:0098C0:F92B0A,$0098C0,OS+0x08EC0,mapped-segment1,OS-RAM,$FFF92B0A,$F92B0A,,ROM,direct,direct-abs.l,V161,static-abs.l,unknown,,1,jmp,,
dal:V161:0098CC:F92CE2,$0098CC,OS+0x08ECC,mapped-segment1,OS-RAM,$FFF92CE2,$F92CE2,,ROM,direct,direct-abs.l,V161,static-abs.l,unknown,,1,jmp,,
dal:V161:0098D2:F92D22,$0098D2,OS+0x08ED2,mapped-segment1,OS-RAM,$FFF92D22,$F92D22,,ROM,direct,direct-abs.l,V161,static-abs.l,unknown,,1,jmp,,
dal:V161:0098D8:F92D48,$0098D8,OS+0x08ED8,mapped-segment1,OS-RAM,$FFF92D48,$F92D48,,ROM,direct,direct-abs.l,V161,static-abs.l,unknown,,1,jmp,,
dal:V161:0098DE:F92D66,$0098DE,OS+0x08EDE,mapped-segment1,OS-RAM,$FFF92D66,$F92D66,,ROM,direct,direct-abs.l,V161,static-abs.l,unknown,,1,jmp,,
dal:V161:0098E4:F92DD6,$0098E4,OS+0x08EE4,mapped-segment1,OS-RAM,$FFF92DD6,$F92DD6,,ROM,direct,direct-abs.l,V161,static-abs.l,unknown,,1,jmp,,
dal:V161:0098EA:F92DE0,$0098EA,OS+0x08EEA,mapped-segment1,OS-RAM,$FFF92DE0,$F92DE0,,ROM,direct,direct-abs.l,V161,static-abs.l,unknown,,1,jmp,,
dal:V161:0098F0:F92E2A,$0098F0,OS+0x08EF0,mapped-segment1,OS-RAM,$FFF92E2A,$F92E2A,,ROM,direct,direct-abs.l,V161,static-abs.l,unknown,,1,jmp,,
dal:V161:0098F6:F92E8A,$0098F6,OS+0x08EF6,mapped-segment1,OS-RAM,$FFF92E8A,$F92E8A,,ROM,direct,direct-abs.l,V161,static-abs.l,unknown,,1,jmp,,
dal:V161:0098FC:F92E94,$0098FC,OS+0x08EFC,mapped-segment1,OS-RAM,$FFF92E94,$F92E94,,ROM,direct,direct-abs.l,V161,static-abs.l,unknown,,1,jmp,,
dal:V161:009902:F92EB0,$009902,OS+0x08F02,mapped-segment1,OS-RAM,$FFF92EB0,$F92EB0,,ROM,direct,direct-abs.l,V161,static-abs.l,unknown,,1,jmp,,
dal:V161:009908:F92EB4,$009908,OS+0x08F08,mapped-segment1,OS-RAM,$FFF92EB4,$F92EB4,,ROM,direct,direct-abs.l,V161,static-abs.l,unknown,,1,jmp,,
dal:V161:00990E:F92ED2,$00990E,OS+0x08F0E,mapped-segment1,OS-RAM,$FFF92ED2,$F92ED2,,ROM,direct,direct-abs.l,V161,static-abs.l,unknown,,1,jmp,,
dal:V161:009914:F92EA8,$009914,OS+0x08F14,mapped-segment1,OS-RAM,$FFF92EA8,$F92EA8,,ROM,direct,direct-abs.l,V161,static-abs.l,unknown,,1,jmp,,
dal:V161:00991A:F92F08,$00991A,OS+0x08F1A,mapped-segment1,OS-RAM,$FFF92F08,$F92F08,,ROM,direct,direct-abs.l,V161,static-abs.l,unknown,,1,jmp,,
dal:V161:009920:F92F34,$009920,OS+0x08F20,mapped-segment1,OS-RAM,$FFF92F34,$F92F34,,ROM,direct,direct-abs.l,V161,static-abs.l,unknown,,1,jmp,,
dal:V161:009926:F92F82,$009926,OS+0x08F26,mapped-segment1,OS-RAM,$FFF92F82,$F92F82,,ROM,direct,direct-abs.l,V161,static-abs.l,unknown,,1,jmp,,
dal:V161:00992C:F923D4,$00992C,OS+0x08F2C,mapped-segment1,OS-RAM,$FFF923D4,$F923D4,,ROM,direct,direct-abs.l,V161,static-abs.l,unknown,,1,jmp,,
dal:V161:009932:F923D8,$009932,OS+0x08F32,mapped-segment1,OS-RAM,$FFF923D8,$F923D8,,ROM,direct,direct-abs.l,V161,static-abs.l,unknown,,1,jmp,,
dal:V161:009938:F924EC,$009938,OS+0x08F38,mapped-segment1,OS-RAM,$FFF924EC,$F924EC,,ROM,direct,direct-abs.l,V161,static-abs.l,unknown,,1,jmp,,
dal:V161:00993E:F924D8,$00993E,OS+0x08F3E,mapped-segment1,OS-RAM,$FFF924D8,$F924D8,,ROM,direct,direct-abs.l,V161,static-abs.l,unknown,,1,jmp,,
dal:V161:009944:F924F2,$009944,OS+0x08F44,mapped-segment1,OS-RAM,$FFF924F2,$F924F2,,ROM,direct,direct-abs.l,V161,static-abs.l,unknown,,1,jmp,,
dal:V161:00994A:F925FC,$00994A,OS+0x08F4A,mapped-segment1,OS-RAM,$FFF925FC,$F925FC,,ROM,direct,direct-abs.l,V161,static-abs.l,unknown,,1,jmp,,
dal:V161:009950:F92616,$009950,OS+0x08F50,mapped-segment1,OS-RAM,$FFF92616,$F92616,,ROM,direct,direct-abs.l,V161,static-abs.l,unknown,,1,jmp,,
dal:V161:009956:F9260E,$009956,OS+0x08F56,mapped-segment1,OS-RAM,$FFF9260E,$F9260E,,ROM,direct,direct-abs.l,V161,static-abs.l,unknown,,1,jmp,,
dal:V161:00995C:F9264E,$00995C,OS+0x08F5C,mapped-segment1,OS-RAM,$FFF9264E,$F9264E,,ROM,direct,direct-abs.l,V161,static-abs.l,unknown,,1,jmp,,
dal:V161:009962:F92652,$009962,OS+0x08F62,mapped-segment1,OS-RAM,$FFF92652,$F92652,,ROM,direct,direct-abs.l,V161,static-abs.l,unknown,,1,jmp,,
dal:V161:009968:F92A42,$009968,OS+0x08F68,mapped-segment1,OS-RAM,$FFF92A42,$F92A42,,ROM,direct,direct-abs.l,V161,static-abs.l,unknown,,1,jmp,,
dal:V161:00996E:F92CB2,$00996E,OS+0x08F6E,mapped-segment1,OS-RAM,$FFF92CB2,$F92CB2,,ROM,direct,direct-abs.l,V161,static-abs.l,unknown,,1,jmp,,
dal:V161:00997A:F92FB0,$00997A,OS+0x08F7A,mapped-segment1,OS-RAM,$FFF92FB0,$F92FB0,,ROM,direct,direct-abs.l,V161,static-abs.l,unknown,,1,jmp,,
dal:V161:009980:F931DE,$009980,OS+0x08F80,mapped-segment1,OS-RAM,$FFF931DE,$F931DE,,ROM,direct,direct-abs.l,V161,static-abs.l,unknown,,1,jmp,,
dal:V161:009986:F93298,$009986,OS+0x08F86,mapped-segment1,OS-RAM,$FFF93298,$F93298,,ROM,direct,direct-abs.l,V161,static-abs.l,unknown,,1,jmp,,
dal:V161:00998C:F932B8,$00998C,OS+0x08F8C,mapped-segment1,OS-RAM,$FFF932B8,$F932B8,,ROM,direct,direct-abs.l,V161,static-abs.l,unknown,,1,jmp,,
dal:V161:009992:F932D6,$009992,OS+0x08F92,mapped-segment1,OS-RAM,$FFF932D6,$F932D6,,ROM,direct,direct-abs.l,V161,static-abs.l,unknown,,1,jmp,,
dal:V161:009998:F932FA,$009998,OS+0x08F98,mapped-segment1,OS-RAM,$FFF932FA,$F932FA,,ROM,direct,direct-abs.l,V161,static-abs.l,unknown,,1,jmp,,
dal:V161:00999E:F9331A,$00999E,OS+0x08F9E,mapped-segment1,OS-RAM,$FFF9331A,$F9331A,,ROM,direct,direct-abs.l,V161,static-abs.l,unknown,,1,jmp,,
dal:V161:0099A4:F93346,$0099A4,OS+0x08FA4,mapped-segment1,OS-RAM,$FFF93346,$F93346,,ROM,direct,direct-abs.l,V161,static-abs.l,unknown,,1,jmp,,
dal:V161:0099AA:F93348,$0099AA,OS+0x08FAA,mapped-segment1,OS-RAM,$FFF93348,$F93348,,ROM,direct,direct-abs.l,V161,static-abs.l,unknown,,1,jmp,,
dal:V161:0099B0:F9334C,$0099B0,OS+0x08FB0,mapped-segment1,OS-RAM,$FFF9334C,$F9334C,,ROM,direct,direct-abs.l,V161,static-abs.l,unknown,,1,jmp,,
dal:V161:0099B6:F9337E,$0099B6,OS+0x08FB6,mapped-segment1,OS-RAM,$FFF9337E,$F9337E,,ROM,direct,direct-abs.l,V161,static-abs.l,unknown,,1,jmp,,
dal:V161:0099BC:F93392,$0099BC,OS+0x08FBC,mapped-segment1,OS-RAM,$FFF93392,$F93392,,ROM,direct,direct-abs.l,V161,static-abs.l,unknown,,1,jmp,,
dal:V161:0099C2:F93398,$0099C2,OS+0x08FC2,mapped-segment1,OS-RAM,$FFF93398,$F93398,,ROM,direct,direct-abs.l,V161,static-abs.l,unknown,,1,jmp,,
dal:V161:0099C8:F93194,$0099C8,OS+0x08FC8,mapped-segment1,OS-RAM,$FFF93194,$F93194,,ROM,direct,direct-abs.l,V161,static-abs.l,unknown,,1,jmp,,
dal:V161:0099CE:F931B2,$0099CE,OS+0x08FCE,mapped-segment1,OS-RAM,$FFF931B2,$F931B2,,ROM,direct,direct-abs.l,V161,static-abs.l,unknown,,1,jmp,,
dal:V161:0099D4:F9316E,$0099D4,OS+0x08FD4,mapped-segment1,OS-RAM,$FFF9316E,$F9316E,,ROM,direct,direct-abs.l,V161,static-abs.l,unknown,,1,jmp,,
dal:V161:0099DA:F93148,$0099DA,OS+0x08FDA,mapped-segment1,OS-RAM,$FFF93148,$F93148,,ROM,direct,direct-abs.l,V161,static-abs.l,unknown,,1,jmp,,
dal:V161:0099E0:F93180,$0099E0,OS+0x08FE0,mapped-segment1,OS-RAM,$FFF93180,$F93180,,ROM,direct,direct-abs.l,V161,static-abs.l,unknown,,1,jmp,,
dal:V161:0099E6:F93496,$0099E6,OS+0x08FE6,mapped-segment1,OS-RAM,$FFF93496,$F93496,,ROM,direct,direct-abs.l,V161,static-abs.l,unknown,,1,jmp,,
dal:V161:0099EC:F9348E,$0099EC,OS+0x08FEC,mapped-segment1,OS-RAM,$FFF9348E,$F9348E,,ROM,direct,direct-abs.l,V161,static-abs.l,unknown,,1,jmp,,
dal:V161:0099F2:F934AA,$0099F2,OS+0x08FF2,mapped-segment1,OS-RAM,$FFF934AA,$F934AA,,ROM,direct,direct-abs.l,V161,static-abs.l,unknown,,1,jmp,,
dal:V161:0099F8:F934D4,$0099F8,OS+0x08FF8,mapped-segment1,OS-RAM,$FFF934D4,$F934D4,,ROM,direct,direct-abs.l,V161,static-abs.l,unknown,,1,jmp,,
dal:V161:0099FE:F936B0,$0099FE,OS+0x08FFE,mapped-segment1,OS-RAM,$FFF936B0,$F936B0,,ROM,direct,direct-abs.l,V161,static-abs.l,unknown,,1,jmp,,
dal:V161:009A04:F935C4,$009A04,OS+0x09004,mapped-segment1,OS-RAM,$FFF935C4,$F935C4,,ROM,direct,direct-abs.l,V161,static-abs.l,unknown,,1,jmp,,
dal:V161:009A0A:F9366E,$009A0A,OS+0x0900A,mapped-segment1,OS-RAM,$FFF9366E,$F9366E,,ROM,direct,direct-abs.l,V161,static-abs.l,unknown,,1,jmp,,
dal:V161:009A10:F935D4,$009A10,OS+0x09010,mapped-segment1,OS-RAM,$FFF935D4,$F935D4,,ROM,direct,direct-abs.l,V161,static-abs.l,unknown,,1,jmp,,
dal:V161:009A16:F9368C,$009A16,OS+0x09016,mapped-segment1,OS-RAM,$FFF9368C,$F9368C,,ROM,direct,direct-abs.l,V161,static-abs.l,unknown,,1,jmp,,
dal:V161:009A1C:F936A2,$009A1C,OS+0x0901C,mapped-segment1,OS-RAM,$FFF936A2,$F936A2,,ROM,direct,direct-abs.l,V161,static-abs.l,unknown,,1,jmp,,
dal:V161:009A22:F93698,$009A22,OS+0x09022,mapped-segment1,OS-RAM,$FFF93698,$F93698,,ROM,direct,direct-abs.l,V161,static-abs.l,unknown,,1,jmp,,
dal:V161:009A28:F9350E,$009A28,OS+0x09028,mapped-segment1,OS-RAM,$FFF9350E,$F9350E,,ROM,direct,direct-abs.l,V161,static-abs.l,unknown,,1,jmp,,
dal:V161:009A2E:F935FC,$009A2E,OS+0x0902E,mapped-segment1,OS-RAM,$FFF935FC,$F935FC,,ROM,direct,direct-abs.l,V161,static-abs.l,unknown,,1,jmp,,
dal:V161:009A34:F93608,$009A34,OS+0x09034,mapped-segment1,OS-RAM,$FFF93608,$F93608,,ROM,direct,direct-abs.l,V161,static-abs.l,unknown,,1,jmp,,
dal:V161:009A3A:F93624,$009A3A,OS+0x0903A,mapped-segment1,OS-RAM,$FFF93624,$F93624,,ROM,direct,direct-abs.l,V161,static-abs.l,unknown,,1,jmp,,
dal:V161:009A40:F936CA,$009A40,OS+0x09040,mapped-segment1,OS-RAM,$FFF936CA,$F936CA,,ROM,direct,direct-abs.l,V161,static-abs.l,unknown,,1,jmp,,
dal:V161:009A5C:F936DE,$009A5C,OS+0x0905C,mapped-segment1,OS-RAM,$FFF936DE,$F936DE,,ROM,direct,direct-abs.l,V161,static-abs.l,unknown,,1,jmp,,
dal:V161:009A62:F9375C,$009A62,OS+0x09062,mapped-segment1,OS-RAM,$FFF9375C,$F9375C,,ROM,direct,direct-abs.l,V161,static-abs.l,unknown,,1,jmp,,
dal:V161:009A68:F93770,$009A68,OS+0x09068,mapped-segment1,OS-RAM,$FFF93770,$F93770,,ROM,direct,direct-abs.l,V161,static-abs.l,unknown,,1,jmp,,
dal:V161:009A6E:F9378C,$009A6E,OS+0x0906E,mapped-segment1,OS-RAM,$FFF9378C,$F9378C,,ROM,direct,direct-abs.l,V161,static-abs.l,unknown,,1,jmp,,
dal:V161:009A74:F93798,$009A74,OS+0x09074,mapped-segment1,OS-RAM,$FFF93798,$F93798,,ROM,direct,direct-abs.l,V161,static-abs.l,unknown,,1,jmp,,
dal:V161:009A7A:F9381C,$009A7A,OS+0x0907A,mapped-segment1,OS-RAM,$FFF9381C,$F9381C,,ROM,direct,direct-abs.l,V161,static-abs.l,unknown,,1,jmp,,
dal:V161:009A80:F938E0,$009A80,OS+0x09080,mapped-segment1,OS-RAM,$FFF938E0,$F938E0,,ROM,direct,direct-abs.l,V161,static-abs.l,unknown,,1,jmp,,
dal:V161:009A86:F938E4,$009A86,OS+0x09086,mapped-segment1,OS-RAM,$FFF938E4,$F938E4,,ROM,direct,direct-abs.l,V161,static-abs.l,unknown,,1,jmp,,
dal:V161:009A8C:F938EE,$009A8C,OS+0x0908C,mapped-segment1,OS-RAM,$FFF938EE,$F938EE,,ROM,direct,direct-abs.l,V161,static-abs.l,unknown,,1,jmp,,
dal:V161:009A92:F938F8,$009A92,OS+0x09092,mapped-segment1,OS-RAM,$FFF938F8,$F938F8,,ROM,direct,direct-abs.l,V161,static-abs.l,unknown,,1,jmp,,
dal:V161:009A98:F93908,$009A98,OS+0x09098,mapped-segment1,OS-RAM,$FFF93908,$F93908,,ROM,direct,direct-abs.l,V161,static-abs.l,unknown,,1,jmp,,
dal:V161:009A9E:F9393A,$009A9E,OS+0x0909E,mapped-segment1,OS-RAM,$FFF9393A,$F9393A,,ROM,direct,direct-abs.l,V161,static-abs.l,unknown,,1,jmp,,
dal:V161:009AA4:F93924,$009AA4,OS+0x090A4,mapped-segment1,OS-RAM,$FFF93924,$F93924,,ROM,direct,direct-abs.l,V161,static-abs.l,unknown,,1,jmp,,
dal:V161:009AAA:F93954,$009AAA,OS+0x090AA,mapped-segment1,OS-RAM,$FFF93954,$F93954,,ROM,direct,direct-abs.l,V161,static-abs.l,unknown,,1,jmp,,
dal:V161:009AB0:F9399A,$009AB0,OS+0x090B0,mapped-segment1,OS-RAM,$FFF9399A,$F9399A,,ROM,direct,direct-abs.l,V161,static-abs.l,unknown,,1,jmp,,
dal:V161:009AB6:F93958,$009AB6,OS+0x090B6,mapped-segment1,OS-RAM,$FFF93958,$F93958,,ROM,direct,direct-abs.l,V161,static-abs.l,unknown,,1,jmp,,
dal:V161:009ABC:F93964,$009ABC,OS+0x090BC,mapped-segment1,OS-RAM,$FFF93964,$F93964,,ROM,direct,direct-abs.l,V161,static-abs.l,unknown,,1,jmp,,
dal:V161:009AC2:F93968,$009AC2,OS+0x090C2,mapped-segment1,OS-RAM,$FFF93968,$F93968,,ROM,direct,direct-abs.l,V161,static-abs.l,unknown,,1,jmp,,
dal:V161:009AC8:F93974,$009AC8,OS+0x090C8,mapped-segment1,OS-RAM,$FFF93974,$F93974,,ROM,direct,direct-abs.l,V161,static-abs.l,unknown,,1,jmp,,
dal:V161:009ACE:F93978,$009ACE,OS+0x090CE,mapped-segment1,OS-RAM,$FFF93978,$F93978,,ROM,direct,direct-abs.l,V161,static-abs.l,unknown,,1,jmp,,
dal:V161:009AD4:F93984,$009AD4,OS+0x090D4,mapped-segment1,OS-RAM,$FFF93984,$F93984,,ROM,direct,direct-abs.l,V161,static-abs.l,unknown,,1,jmp,,
dal:V161:009ADA:F9398E,$009ADA,OS+0x090DA,mapped-segment1,OS-RAM,$FFF9398E,$F9398E,,ROM,direct,direct-abs.l,V161,static-abs.l,unknown,,1,jmp,,
dal:V161:009AE0:F93A24,$009AE0,OS+0x090E0,mapped-segment1,OS-RAM,$FFF93A24,$F93A24,,ROM,direct,direct-abs.l,V161,static-abs.l,unknown,,1,jmp,,
dal:V161:009AE6:F93A2E,$009AE6,OS+0x090E6,mapped-segment1,OS-RAM,$FFF93A2E,$F93A2E,,ROM,direct,direct-abs.l,V161,static-abs.l,unknown,,1,jmp,,
dal:V161:009AEC:F93A38,$009AEC,OS+0x090EC,mapped-segment1,OS-RAM,$FFF93A38,$F93A38,,ROM,direct,direct-abs.l,V161,static-abs.l,unknown,,1,jmp,,
dal:V161:009AF2:F93A3E,$009AF2,OS+0x090F2,mapped-segment1,OS-RAM,$FFF93A3E,$F93A3E,,ROM,direct,direct-abs.l,V161,static-abs.l,unknown,,1,jmp,,
dal:V161:009AF8:F93A48,$009AF8,OS+0x090F8,mapped-segment1,OS-RAM,$FFF93A48,$F93A48,,ROM,direct,direct-abs.l,V161,static-abs.l,unknown,,1,jmp,,
dal:V161:009AFE:F93ABC,$009AFE,OS+0x090FE,mapped-segment1,OS-RAM,$FFF93ABC,$F93ABC,,ROM,direct,direct-abs.l,V161,static-abs.l,unknown,,1,jmp,,
dal:V161:009B04:F93AC8,$009B04,OS+0x09104,mapped-segment1,OS-RAM,$FFF93AC8,$F93AC8,,ROM,direct,direct-abs.l,V161,static-abs.l,unknown,,1,jmp,,
dal:V161:009B0A:F93AEC,$009B0A,OS+0x0910A,mapped-segment1,OS-RAM,$FFF93AEC,$F93AEC,,ROM,direct,direct-abs.l,V161,static-abs.l,unknown,,1,jmp,,
dal:V161:009B10:F93B38,$009B10,OS+0x09110,mapped-segment1,OS-RAM,$FFF93B38,$F93B38,,ROM,direct,direct-abs.l,V161,static-abs.l,unknown,,1,jmp,,
dal:V161:009B16:F93B44,$009B16,OS+0x09116,mapped-segment1,OS-RAM,$FFF93B44,$F93B44,,ROM,direct,direct-abs.l,V161,static-abs.l,unknown,,1,jmp,,
dal:V161:009B1C:F93B70,$009B1C,OS+0x0911C,mapped-segment1,OS-RAM,$FFF93B70,$F93B70,,ROM,direct,direct-abs.l,V161,static-abs.l,unknown,,1,jmp,,
dal:V161:009B22:F93C04,$009B22,OS+0x09122,mapped-segment1,OS-RAM,$FFF93C04,$F93C04,,ROM,direct,direct-abs.l,V161,static-abs.l,unknown,,1,jmp,,
dal:V161:009B28:F93C46,$009B28,OS+0x09128,mapped-segment1,OS-RAM,$FFF93C46,$F93C46,,ROM,direct,direct-abs.l,V161,static-abs.l,unknown,,1,jmp,,
dal:V161:009B2E:F93C6C,$009B2E,OS+0x0912E,mapped-segment1,OS-RAM,$FFF93C6C,$F93C6C,,ROM,direct,direct-abs.l,V161,static-abs.l,unknown,,1,jmp,,
dal:V161:009B34:F93C7C,$009B34,OS+0x09134,mapped-segment1,OS-RAM,$FFF93C7C,$F93C7C,,ROM,direct,direct-abs.l,V161,static-abs.l,unknown,,1,jmp,,
dal:V161:009B3A:F93C90,$009B3A,OS+0x0913A,mapped-segment1,OS-RAM,$FFF93C90,$F93C90,,ROM,direct,direct-abs.l,V161,static-abs.l,unknown,,1,jmp,,
dal:V161:009B40:F93CA8,$009B40,OS+0x09140,mapped-segment1,OS-RAM,$FFF93CA8,$F93CA8,,ROM,direct,direct-abs.l,V161,static-abs.l,unknown,,1,jmp,,
dal:V161:009B46:F93CB6,$009B46,OS+0x09146,mapped-segment1,OS-RAM,$FFF93CB6,$F93CB6,,ROM,direct,direct-abs.l,V161,static-abs.l,unknown,,1,jmp,,
dal:V161:009B4C:F93CF2,$009B4C,OS+0x0914C,mapped-segment1,OS-RAM,$FFF93CF2,$F93CF2,,ROM,direct,direct-abs.l,V161,static-abs.l,unknown,,1,jmp,,
dal:V161:009B52:F93D0A,$009B52,OS+0x09152,mapped-segment1,OS-RAM,$FFF93D0A,$F93D0A,,ROM,direct,direct-abs.l,V161,static-abs.l,unknown,,1,jmp,,
dal:V161:009B58:F93D2C,$009B58,OS+0x09158,mapped-segment1,OS-RAM,$FFF93D2C,$F93D2C,,ROM,direct,direct-abs.l,V161,static-abs.l,unknown,,1,jmp,,
dal:V161:009B5E:F93DD6,$009B5E,OS+0x0915E,mapped-segment1,OS-RAM,$FFF93DD6,$F93DD6,,ROM,direct,direct-abs.l,V161,static-abs.l,unknown,,1,jmp,,
dal:V161:009B64:F93DDC,$009B64,OS+0x09164,mapped-segment1,OS-RAM,$FFF93DDC,$F93DDC,,ROM,direct,direct-abs.l,V161,static-abs.l,unknown,,1,jmp,,
dal:V161:009B6A:F93E1A,$009B6A,OS+0x0916A,mapped-segment1,OS-RAM,$FFF93E1A,$F93E1A,,ROM,direct,direct-abs.l,V161,static-abs.l,unknown,,1,jmp,,
dal:V161:009B70:F93EC4,$009B70,OS+0x09170,mapped-segment1,OS-RAM,$FFF93EC4,$F93EC4,,ROM,direct,direct-abs.l,V161,static-abs.l,unknown,,1,jmp,,
dal:V161:009B76:F93ED0,$009B76,OS+0x09176,mapped-segment1,OS-RAM,$FFF93ED0,$F93ED0,,ROM,direct,direct-abs.l,V161,static-abs.l,unknown,,1,jmp,,
dal:V161:009B7C:F93EFA,$009B7C,OS+0x0917C,mapped-segment1,OS-RAM,$FFF93EFA,$F93EFA,,ROM,direct,direct-abs.l,V161,static-abs.l,unknown,,1,jmp,,
dal:V161:009B82:F93F20,$009B82,OS+0x09182,mapped-segment1,OS-RAM,$FFF93F20,$F93F20,,ROM,direct,direct-abs.l,V161,static-abs.l,unknown,,1,jmp,,
dal:V161:009B88:F93F4C,$009B88,OS+0x09188,mapped-segment1,OS-RAM,$FFF93F4C,$F93F4C,,ROM,direct,direct-abs.l,V161,static-abs.l,unknown,,1,jmp,,
dal:V161:009B8E:F93F82,$009B8E,OS+0x0918E,mapped-segment1,OS-RAM,$FFF93F82,$F93F82,,ROM,direct,direct-abs.l,V161,static-abs.l,unknown,,1,jmp,,
dal:V161:009B94:F93FC0,$009B94,OS+0x09194,mapped-segment1,OS-RAM,$FFF93FC0,$F93FC0,,ROM,direct,direct-abs.l,V161,static-abs.l,unknown,,1,jmp,,
dal:V161:009B9A:F93FAE,$009B9A,OS+0x0919A,mapped-segment1,OS-RAM,$FFF93FAE,$F93FAE,,ROM,direct,direct-abs.l,V161,static-abs.l,unknown,,1,jmp,,
dal:V161:009BA0:F93FF4,$009BA0,OS+0x091A0,mapped-segment1,OS-RAM,$FFF93FF4,$F93FF4,,ROM,direct,direct-abs.l,V161,static-abs.l,unknown,,1,jmp,,
dal:V161:009BA6:F94000,$009BA6,OS+0x091A6,mapped-segment1,OS-RAM,$FFF94000,$F94000,,ROM,direct,direct-abs.l,V161,static-abs.l,unknown,,1,jmp,,
dal:V161:009BAC:F9402E,$009BAC,OS+0x091AC,mapped-segment1,OS-RAM,$FFF9402E,$F9402E,,ROM,direct,direct-abs.l,V161,static-abs.l,unknown,,1,jmp,,
dal:V161:009BB2:F94064,$009BB2,OS+0x091B2,mapped-segment1,OS-RAM,$FFF94064,$F94064,,ROM,direct,direct-abs.l,V161,static-abs.l,unknown,,1,jmp,,
dal:V161:009BB8:F94084,$009BB8,OS+0x091B8,mapped-segment1,OS-RAM,$FFF94084,$F94084,,ROM,direct,direct-abs.l,V161,static-abs.l,unknown,,1,jmp,,
dal:V161:009BBE:F940A6,$009BBE,OS+0x091BE,mapped-segment1,OS-RAM,$FFF940A6,$F940A6,,ROM,direct,direct-abs.l,V161,static-abs.l,unknown,,1,jmp,,
dal:V161:009BC4:F940EC,$009BC4,OS+0x091C4,mapped-segment1,OS-RAM,$FFF940EC,$F940EC,,ROM,direct,direct-abs.l,V161,static-abs.l,unknown,,1,jmp,,
dal:V161:009BCA:F9411E,$009BCA,OS+0x091CA,mapped-segment1,OS-RAM,$FFF9411E,$F9411E,,ROM,direct,direct-abs.l,V161,static-abs.l,unknown,,1,jmp,,
dal:V161:009BD0:F9418C,$009BD0,OS+0x091D0,mapped-segment1,OS-RAM,$FFF9418C,$F9418C,,ROM,direct,direct-abs.l,V161,static-abs.l,unknown,,1,jmp,,
dal:V161:009BD6:F941AE,$009BD6,OS+0x091D6,mapped-segment1,OS-RAM,$FFF941AE,$F941AE,,ROM,direct,direct-abs.l,V161,static-abs.l,unknown,,1,jmp,,
dal:V161:009BDC:F941CA,$009BDC,OS+0x091DC,mapped-segment1,OS-RAM,$FFF941CA,$F941CA,,ROM,direct,direct-abs.l,V161,static-abs.l,unknown,,1,jmp,,
dal:V161:009BE2:F941DA,$009BE2,OS+0x091E2,mapped-segment1,OS-RAM,$FFF941DA,$F941DA,,ROM,direct,direct-abs.l,V161,static-abs.l,unknown,,1,jmp,,
dal:V161:009BE8:F942D2,$009BE8,OS+0x091E8,mapped-segment1,OS-RAM,$FFF942D2,$F942D2,,ROM,direct,direct-abs.l,V161,static-abs.l,unknown,,1,jmp,,
dal:V161:009BEE:F942E4,$009BEE,OS+0x091EE,mapped-segment1,OS-RAM,$FFF942E4,$F942E4,,ROM,direct,direct-abs.l,V161,static-abs.l,unknown,,1,jmp,,
dal:V161:009BF4:F942F0,$009BF4,OS+0x091F4,mapped-segment1,OS-RAM,$FFF942F0,$F942F0,,ROM,direct,direct-abs.l,V161,static-abs.l,unknown,,1,jmp,,
dal:V161:009BFA:F941F4,$009BFA,OS+0x091FA,mapped-segment1,OS-RAM,$FFF941F4,$F941F4,,ROM,direct,direct-abs.l,V161,static-abs.l,unknown,,1,jmp,,
dal:V161:009C00:F940C4,$009C00,OS+0x09200,mapped-segment1,OS-RAM,$FFF940C4,$F940C4,,ROM,direct,direct-abs.l,V161,static-abs.l,unknown,,1,jmp,,
dal:V161:009C06:F940DE,$009C06,OS+0x09206,mapped-segment1,OS-RAM,$FFF940DE,$F940DE,,ROM,direct,direct-abs.l,V161,static-abs.l,unknown,,1,jmp,,
dal:V161:009C38:F9430C,$009C38,OS+0x09238,mapped-segment1,OS-RAM,$FFF9430C,$F9430C,,ROM,direct,direct-abs.l,V161,static-abs.l,unknown,,1,jmp,,
dal:V161:009C3E:F94482,$009C3E,OS+0x0923E,mapped-segment1,OS-RAM,$FFF94482,$F94482,,ROM,direct,direct-abs.l,V161,static-abs.l,unknown,,1,jmp,,
dal:V161:009C44:F9448E,$009C44,OS+0x09244,mapped-segment1,OS-RAM,$FFF9448E,$F9448E,,ROM,direct,direct-abs.l,V161,static-abs.l,unknown,,1,jmp,,
dal:V161:009C4A:F944A8,$009C4A,OS+0x0924A,mapped-segment1,OS-RAM,$FFF944A8,$F944A8,,ROM,direct,direct-abs.l,V161,static-abs.l,unknown,,1,jmp,,
dal:V161:009C50:F94520,$009C50,OS+0x09250,mapped-segment1,OS-RAM,$FFF94520,$F94520,,ROM,direct,direct-abs.l,V161,static-abs.l,unknown,,1,jmp,,
dal:V161:009C56:F9453A,$009C56,OS+0x09256,mapped-segment1,OS-RAM,$FFF9453A,$F9453A,,ROM,direct,direct-abs.l,V161,static-abs.l,unknown,,1,jmp,,
dal:V161:009C5C:F94546,$009C5C,OS+0x0925C,mapped-segment1,OS-RAM,$FFF94546,$F94546,,ROM,direct,direct-abs.l,V161,static-abs.l,unknown,,1,jmp,,
dal:V161:009C62:F94552,$009C62,OS+0x09262,mapped-segment1,OS-RAM,$FFF94552,$F94552,,ROM,direct,direct-abs.l,V161,static-abs.l,unknown,,1,jmp,,
dal:V161:009C68:F9456C,$009C68,OS+0x09268,mapped-segment1,OS-RAM,$FFF9456C,$F9456C,,ROM,direct,direct-abs.l,V161,static-abs.l,unknown,,1,jmp,,
dal:V161:009C6E:F945AA,$009C6E,OS+0x0926E,mapped-segment1,OS-RAM,$FFF945AA,$F945AA,,ROM,direct,direct-abs.l,V161,static-abs.l,unknown,,1,jmp,,
dal:V161:009C74:F945C2,$009C74,OS+0x09274,mapped-segment1,OS-RAM,$FFF945C2,$F945C2,,ROM,direct,direct-abs.l,V161,static-abs.l,unknown,,1,jmp,,
dal:V161:009C7A:F945CE,$009C7A,OS+0x0927A,mapped-segment1,OS-RAM,$FFF945CE,$F945CE,,ROM,direct,direct-abs.l,V161,static-abs.l,unknown,,1,jmp,,
dal:V161:009C80:F945DA,$009C80,OS+0x09280,mapped-segment1,OS-RAM,$FFF945DA,$F945DA,,ROM,direct,direct-abs.l,V161,static-abs.l,unknown,,1,jmp,,
dal:V161:009C86:F945F6,$009C86,OS+0x09286,mapped-segment1,OS-RAM,$FFF945F6,$F945F6,,ROM,direct,direct-abs.l,V161,static-abs.l,unknown,,1,jmp,,
dal:V161:009C8C:F9469A,$009C8C,OS+0x0928C,mapped-segment1,OS-RAM,$FFF9469A,$F9469A,,ROM,direct,direct-abs.l,V161,static-abs.l,unknown,,1,jmp,,
dal:V161:009C92:F946A2,$009C92,OS+0x09292,mapped-segment1,OS-RAM,$FFF946A2,$F946A2,,ROM,direct,direct-abs.l,V161,static-abs.l,unknown,,1,jmp,,
dal:V161:009C98:F94702,$009C98,OS+0x09298,mapped-segment1,OS-RAM,$FFF94702,$F94702,,ROM,direct,direct-abs.l,V161,static-abs.l,unknown,,1,jmp,,
dal:V161:009C9E:F9474E,$009C9E,OS+0x0929E,mapped-segment1,OS-RAM,$FFF9474E,$F9474E,,ROM,direct,direct-abs.l,V161,static-abs.l,unknown,,1,jmp,,
dal:V161:009CA4:F9475A,$009CA4,OS+0x092A4,mapped-segment1,OS-RAM,$FFF9475A,$F9475A,,ROM,direct,direct-abs.l,V161,static-abs.l,unknown,,1,jmp,,
dal:V161:009CAA:F94766,$009CAA,OS+0x092AA,mapped-segment1,OS-RAM,$FFF94766,$F94766,,ROM,direct,direct-abs.l,V161,static-abs.l,unknown,,1,jmp,,
dal:V161:009CB0:F9477A,$009CB0,OS+0x092B0,mapped-segment1,OS-RAM,$FFF9477A,$F9477A,,ROM,direct,direct-abs.l,V161,static-abs.l,unknown,,1,jmp,,
dal:V161:009CB6:F9478C,$009CB6,OS+0x092B6,mapped-segment1,OS-RAM,$FFF9478C,$F9478C,,ROM,direct,direct-abs.l,V161,static-abs.l,unknown,,1,jmp,,
dal:V161:009CBC:F94792,$009CBC,OS+0x092BC,mapped-segment1,OS-RAM,$FFF94792,$F94792,,ROM,direct,direct-abs.l,V161,static-abs.l,unknown,,1,jmp,,
dal:V161:009CC2:F947E8,$009CC2,OS+0x092C2,mapped-segment1,OS-RAM,$FFF947E8,$F947E8,,ROM,direct,direct-abs.l,V161,static-abs.l,unknown,,1,jmp,,
dal:V161:009CC8:F9480A,$009CC8,OS+0x092C8,mapped-segment1,OS-RAM,$FFF9480A,$F9480A,,ROM,direct,direct-abs.l,V161,static-abs.l,unknown,,1,jmp,,
dal:V161:009CCE:F94856,$009CCE,OS+0x092CE,mapped-segment1,OS-RAM,$FFF94856,$F94856,,ROM,direct,direct-abs.l,V161,static-abs.l,unknown,,1,jmp,,
dal:V161:009CD4:F94872,$009CD4,OS+0x092D4,mapped-segment1,OS-RAM,$FFF94872,$F94872,,ROM,direct,direct-abs.l,V161,static-abs.l,unknown,,1,jmp,,
dal:V161:009CDA:F94896,$009CDA,OS+0x092DA,mapped-segment1,OS-RAM,$FFF94896,$F94896,,ROM,direct,direct-abs.l,V161,static-abs.l,unknown,,1,jmp,,
dal:V161:009CE0:F948D4,$009CE0,OS+0x092E0,mapped-segment1,OS-RAM,$FFF948D4,$F948D4,,ROM,direct,direct-abs.l,V161,static-abs.l,unknown,,1,jmp,,
dal:V161:009CE6:F949AC,$009CE6,OS+0x092E6,mapped-segment1,OS-RAM,$FFF949AC,$F949AC,,ROM,direct,direct-abs.l,V161,static-abs.l,unknown,,1,jmp,,
dal:V161:009CEC:F94AD0,$009CEC,OS+0x092EC,mapped-segment1,OS-RAM,$FFF94AD0,$F94AD0,,ROM,direct,direct-abs.l,V161,static-abs.l,unknown,,1,jmp,,
dal:V161:009CF8:F94C8E,$009CF8,OS+0x092F8,mapped-segment1,OS-RAM,$FFF94C8E,$F94C8E,,ROM,direct,direct-abs.l,V161,static-abs.l,unknown,,1,jmp,,
dal:V161:009CFE:F94C94,$009CFE,OS+0x092FE,mapped-segment1,OS-RAM,$FFF94C94,$F94C94,,ROM,direct,direct-abs.l,V161,static-abs.l,unknown,,1,jmp,,
dal:V161:009D04:F94CC4,$009D04,OS+0x09304,mapped-segment1,OS-RAM,$FFF94CC4,$F94CC4,,ROM,direct,direct-abs.l,V161,static-abs.l,unknown,,1,jmp,,
dal:V161:009D0A:F94CC4,$009D0A,OS+0x0930A,mapped-segment1,OS-RAM,$FFF94CC4,$F94CC4,,ROM,direct,direct-abs.l,V161,static-abs.l,unknown,,1,jmp,,
dal:V161:009D10:F94CFE,$009D10,OS+0x09310,mapped-segment1,OS-RAM,$FFF94CFE,$F94CFE,,ROM,direct,direct-abs.l,V161,static-abs.l,unknown,,1,jmp,,
dal:V161:009D16:F94D08,$009D16,OS+0x09316,mapped-segment1,OS-RAM,$FFF94D08,$F94D08,,ROM,direct,direct-abs.l,V161,static-abs.l,unknown,,1,jmp,,
dal:V161:009D1C:F94D54,$009D1C,OS+0x0931C,mapped-segment1,OS-RAM,$FFF94D54,$F94D54,,ROM,direct,direct-abs.l,V161,static-abs.l,unknown,,1,jmp,,
dal:V161:009D22:F94D5C,$009D22,OS+0x09322,mapped-segment1,OS-RAM,$FFF94D5C,$F94D5C,,ROM,direct,direct-abs.l,V161,static-abs.l,unknown,,1,jmp,,
dal:V161:009D28:F94DA0,$009D28,OS+0x09328,mapped-segment1,OS-RAM,$FFF94DA0,$F94DA0,,ROM,direct,direct-abs.l,V161,static-abs.l,unknown,,1,jmp,,
dal:V161:009D2E:F94DB0,$009D2E,OS+0x0932E,mapped-segment1,OS-RAM,$FFF94DB0,$F94DB0,,ROM,direct,direct-abs.l,V161,static-abs.l,unknown,,1,jmp,,
dal:V161:009D34:F94DB0,$009D34,OS+0x09334,mapped-segment1,OS-RAM,$FFF94DB0,$F94DB0,,ROM,direct,direct-abs.l,V161,static-abs.l,unknown,,1,jmp,,
dal:V161:009D3A:F94DD2,$009D3A,OS+0x0933A,mapped-segment1,OS-RAM,$FFF94DD2,$F94DD2,,ROM,direct,direct-abs.l,V161,static-abs.l,unknown,,1,jmp,,
dal:V161:009D40:F94E28,$009D40,OS+0x09340,mapped-segment1,OS-RAM,$FFF94E28,$F94E28,,ROM,direct,direct-abs.l,V161,static-abs.l,unknown,,1,jmp,,
dal:V161:009D46:F94F3A,$009D46,OS+0x09346,mapped-segment1,OS-RAM,$FFF94F3A,$F94F3A,,ROM,direct,direct-abs.l,V161,static-abs.l,unknown,,1,jmp,,
dal:V161:009D4C:F94F26,$009D4C,OS+0x0934C,mapped-segment1,OS-RAM,$FFF94F26,$F94F26,,ROM,direct,direct-abs.l,V161,static-abs.l,unknown,,1,jmp,,
dal:V161:009D52:F94E4E,$009D52,OS+0x09352,mapped-segment1,OS-RAM,$FFF94E4E,$F94E4E,,ROM,direct,direct-abs.l,V161,static-abs.l,unknown,,1,jmp,,
dal:V161:009D58:F94E66,$009D58,OS+0x09358,mapped-segment1,OS-RAM,$FFF94E66,$F94E66,,ROM,direct,direct-abs.l,V161,static-abs.l,unknown,,1,jmp,,
dal:V161:009D5E:F94D28,$009D5E,OS+0x0935E,mapped-segment1,OS-RAM,$FFF94D28,$F94D28,,ROM,direct,direct-abs.l,V161,static-abs.l,unknown,,1,jmp,,
dal:V161:009D64:F94E7C,$009D64,OS+0x09364,mapped-segment1,OS-RAM,$FFF94E7C,$F94E7C,,ROM,direct,direct-abs.l,V161,static-abs.l,unknown,,1,jmp,,
dal:V161:009ECC:F94F9A,$009ECC,OS+0x094CC,mapped-segment1,OS-RAM,$FFF94F9A,$F94F9A,,ROM,direct,direct-abs.l,V161,static-abs.l,unknown,,1,jmp,,
dal:V161:009ED2:F95238,$009ED2,OS+0x094D2,mapped-segment1,OS-RAM,$FFF95238,$F95238,,ROM,direct,direct-abs.l,V161,static-abs.l,unknown,,1,jmp,,
dal:V161:009ED8:F95058,$009ED8,OS+0x094D8,mapped-segment1,OS-RAM,$FFF95058,$F95058,,ROM,direct,direct-abs.l,V161,static-abs.l,unknown,,1,jmp,,
dal:V161:009EDE:F950D2,$009EDE,OS+0x094DE,mapped-segment1,OS-RAM,$FFF950D2,$F950D2,,ROM,direct,direct-abs.l,V161,static-abs.l,unknown,,1,jmp,,
dal:V161:009EE4:F95186,$009EE4,OS+0x094E4,mapped-segment1,OS-RAM,$FFF95186,$F95186,,ROM,direct,direct-abs.l,V161,static-abs.l,unknown,,1,jmp,,
dal:V161:009EEA:F951F4,$009EEA,OS+0x094EA,mapped-segment1,OS-RAM,$FFF951F4,$F951F4,,ROM,direct,direct-abs.l,V161,static-abs.l,unknown,,1,jmp,,
dal:V161:009EF0:F95076,$009EF0,OS+0x094F0,mapped-segment1,OS-RAM,$FFF95076,$F95076,,ROM,direct,direct-abs.l,V161,static-abs.l,unknown,,1,jmp,,
dal:V161:009EF6:F950A0,$009EF6,OS+0x094F6,mapped-segment1,OS-RAM,$FFF950A0,$F950A0,,ROM,direct,direct-abs.l,V161,static-abs.l,unknown,,1,jmp,,
dal:V161:009EFC:F951FE,$009EFC,OS+0x094FC,mapped-segment1,OS-RAM,$FFF951FE,$F951FE,,ROM,direct,direct-abs.l,V161,static-abs.l,unknown,,1,jmp,,
dal:V161:009F02:F95250,$009F02,OS+0x09502,mapped-segment1,OS-RAM,$FFF95250,$F95250,,ROM,direct,direct-abs.l,V161,static-abs.l,unknown,,1,jmp,,
dal:V161:009F08:F95288,$009F08,OS+0x09508,mapped-segment1,OS-RAM,$FFF95288,$F95288,,ROM,direct,direct-abs.l,V161,static-abs.l,unknown,,1,jmp,,
dal:V161:009F0E:F95318,$009F0E,OS+0x0950E,mapped-segment1,OS-RAM,$FFF95318,$F95318,,ROM,direct,direct-abs.l,V161,static-abs.l,unknown,,1,jmp,,
dal:V161:009F14:F9532C,$009F14,OS+0x09514,mapped-segment1,OS-RAM,$FFF9532C,$F9532C,,ROM,direct,direct-abs.l,V161,static-abs.l,unknown,,1,jmp,,
dal:V161:009F1A:F951EA,$009F1A,OS+0x0951A,mapped-segment1,OS-RAM,$FFF951EA,$F951EA,,ROM,direct,direct-abs.l,V161,static-abs.l,unknown,,1,jmp,,
dal:V161:009F2A:F95382,$009F2A,OS+0x0952A,mapped-segment1,OS-RAM,$FFF95382,$F95382,,ROM,direct,direct-abs.l,V161,static-abs.l,unknown,,1,jmp,,
dal:V161:009F36:F954F2,$009F36,OS+0x09536,mapped-segment1,OS-RAM,$FFF954F2,$F954F2,,ROM,direct,direct-abs.l,V161,static-abs.l,unknown,,1,jmp,,
dal:V161:009F3C:F9547C,$009F3C,OS+0x0953C,mapped-segment1,OS-RAM,$FFF9547C,$F9547C,,ROM,direct,direct-abs.l,V161,static-abs.l,unknown,,1,jmp,,
dal:V161:009F42:F955E4,$009F42,OS+0x09542,mapped-segment1,OS-RAM,$FFF955E4,$F955E4,,ROM,direct,direct-abs.l,V161,static-abs.l,unknown,,1,jmp,,
dal:V161:009F48:F954E0,$009F48,OS+0x09548,mapped-segment1,OS-RAM,$FFF954E0,$F954E0,,ROM,direct,direct-abs.l,V161,static-abs.l,unknown,,1,jmp,,
dal:V161:009F4E:F95466,$009F4E,OS+0x0954E,mapped-segment1,OS-RAM,$FFF95466,$F95466,,ROM,direct,direct-abs.l,V161,static-abs.l,unknown,,1,jmp,,
dal:V161:009F54:F95432,$009F54,OS+0x09554,mapped-segment1,OS-RAM,$FFF95432,$F95432,,ROM,direct,direct-abs.l,V161,static-abs.l,unknown,,1,jmp,,
dal:V161:009F5A:F95414,$009F5A,OS+0x0955A,mapped-segment1,OS-RAM,$FFF95414,$F95414,,ROM,direct,direct-abs.l,V161,static-abs.l,unknown,,1,jmp,,
dal:V161:009F66:F955F0,$009F66,OS+0x09566,mapped-segment1,OS-RAM,$FFF955F0,$F955F0,,ROM,direct,direct-abs.l,V161,static-abs.l,unknown,,1,jmp,,
dal:V161:009F6C:F95730,$009F6C,OS+0x0956C,mapped-segment1,OS-RAM,$FFF95730,$F95730,,ROM,direct,direct-abs.l,V161,static-abs.l,unknown,,1,jmp,,
dal:V161:009F72:F95800,$009F72,OS+0x09572,mapped-segment1,OS-RAM,$FFF95800,$F95800,,ROM,direct,direct-abs.l,V161,static-abs.l,unknown,,1,jmp,,
dal:V161:009F78:F9579C,$009F78,OS+0x09578,mapped-segment1,OS-RAM,$FFF9579C,$F9579C,,ROM,direct,direct-abs.l,V161,static-abs.l,unknown,,1,jmp,,
dal:V161:009F7E:F957C0,$009F7E,OS+0x0957E,mapped-segment1,OS-RAM,$FFF957C0,$F957C0,,ROM,direct,direct-abs.l,V161,static-abs.l,unknown,,1,jmp,,
dal:V161:009F84:F957DE,$009F84,OS+0x09584,mapped-segment1,OS-RAM,$FFF957DE,$F957DE,,ROM,direct,direct-abs.l,V161,static-abs.l,unknown,,1,jmp,,
dal:V161:009F8A:F95810,$009F8A,OS+0x0958A,mapped-segment1,OS-RAM,$FFF95810,$F95810,,ROM,direct,direct-abs.l,V161,static-abs.l,unknown,,1,jmp,,
dal:V161:009F90:F9584A,$009F90,OS+0x09590,mapped-segment1,OS-RAM,$FFF9584A,$F9584A,,ROM,direct,direct-abs.l,V161,static-abs.l,unknown,,1,jmp,,
dal:V161:009F96:F95992,$009F96,OS+0x09596,mapped-segment1,OS-RAM,$FFF95992,$F95992,,ROM,direct,direct-abs.l,V161,static-abs.l,unknown,,1,jmp,,
dal:V161:009F9C:F957D0,$009F9C,OS+0x0959C,mapped-segment1,OS-RAM,$FFF957D0,$F957D0,,ROM,direct,direct-abs.l,V161,static-abs.l,unknown,,1,jmp,,
dal:V161:009FA2:F956F6,$009FA2,OS+0x095A2,mapped-segment1,OS-RAM,$FFF956F6,$F956F6,,ROM,direct,direct-abs.l,V161,static-abs.l,unknown,,1,jmp,,
dal:V161:009FA8:F959CC,$009FA8,OS+0x095A8,mapped-segment1,OS-RAM,$FFF959CC,$F959CC,,ROM,direct,direct-abs.l,V161,static-abs.l,unknown,,1,jmp,,
dal:V161:009FAE:F95A9E,$009FAE,OS+0x095AE,mapped-segment1,OS-RAM,$FFF95A9E,$F95A9E,,ROM,direct,direct-abs.l,V161,static-abs.l,unknown,,1,jmp,,
dal:V161:009FB4:F95AF0,$009FB4,OS+0x095B4,mapped-segment1,OS-RAM,$FFF95AF0,$F95AF0,,ROM,direct,direct-abs.l,V161,static-abs.l,unknown,,1,jmp,,
dal:V161:009FBA:F95A2A,$009FBA,OS+0x095BA,mapped-segment1,OS-RAM,$FFF95A2A,$F95A2A,,ROM,direct,direct-abs.l,V161,static-abs.l,unknown,,1,jmp,,
dal:V161:009FC0:F95B3C,$009FC0,OS+0x095C0,mapped-segment1,OS-RAM,$FFF95B3C,$F95B3C,,ROM,direct,direct-abs.l,V161,static-abs.l,unknown,,1,jmp,,
dal:V161:009FC6:F95B48,$009FC6,OS+0x095C6,mapped-segment1,OS-RAM,$FFF95B48,$F95B48,,ROM,direct,direct-abs.l,V161,static-abs.l,unknown,,1,jmp,,
dal:V161:009FCC:F95B8C,$009FCC,OS+0x095CC,mapped-segment1,OS-RAM,$FFF95B8C,$F95B8C,,ROM,direct,direct-abs.l,V161,static-abs.l,unknown,,1,jmp,,
dal:V161:009FD2:F95AD0,$009FD2,OS+0x095D2,mapped-segment1,OS-RAM,$FFF95AD0,$F95AD0,,ROM,direct,direct-abs.l,V161,static-abs.l,unknown,,1,jmp,,
dal:V161:009FD8:F95BD6,$009FD8,OS+0x095D8,mapped-segment1,OS-RAM,$FFF95BD6,$F95BD6,,ROM,direct,direct-abs.l,V161,static-abs.l,unknown,,1,jmp,,
dal:V161:009FDE:F95BFA,$009FDE,OS+0x095DE,mapped-segment1,OS-RAM,$FFF95BFA,$F95BFA,,ROM,direct,direct-abs.l,V161,static-abs.l,unknown,,1,jmp,,
dal:V161:009FE4:F95B02,$009FE4,OS+0x095E4,mapped-segment1,OS-RAM,$FFF95B02,$F95B02,,ROM,direct,direct-abs.l,V161,static-abs.l,unknown,,1,jmp,,
dal:V161:009FEA:F95C24,$009FEA,OS+0x095EA,mapped-segment1,OS-RAM,$FFF95C24,$F95C24,,ROM,direct,direct-abs.l,V161,static-abs.l,unknown,,1,jmp,,
dal:V161:009FF0:F95A0A,$009FF0,OS+0x095F0,mapped-segment1,OS-RAM,$FFF95A0A,$F95A0A,,ROM,direct,direct-abs.l,V161,static-abs.l,unknown,,1,jmp,,
dal:V161:009FF6:F959E0,$009FF6,OS+0x095F6,mapped-segment1,OS-RAM,$FFF959E0,$F959E0,,ROM,direct,direct-abs.l,V161,static-abs.l,unknown,,1,jmp,,
dal:V161:F09602:F95A8A,,OS+0x09602,unmapped-segment,OS-RAM,$FFF95A8A,$F95A8A,,ROM,direct,direct-abs.l,V161,static-abs.l,unknown,,1,jmp,,
dal:V161:F09608:F95C3E,,OS+0x09608,unmapped-segment,OS-RAM,$FFF95C3E,$F95C3E,,ROM,direct,direct-abs.l,V161,static-abs.l,unknown,,1,jmp,,
dal:V161:F0960E:F95C90,,OS+0x0960E,unmapped-segment,OS-RAM,$FFF95C90,$F95C90,,ROM,direct,direct-abs.l,V161,static-abs.l,unknown,,1,jmp,,
dal:V161:F09614:F95E24,,OS+0x09614,unmapped-segment,OS-RAM,$FFF95E24,$F95E24,,ROM,direct,direct-abs.l,V161,static-abs.l,unknown,,1,jmp,,
dal:V161:F0961A:F95CAC,,OS+0x0961A,unmapped-segment,OS-RAM,$FFF95CAC,$F95CAC,,ROM,direct,direct-abs.l,V161,static-abs.l,unknown,,1,jmp,,
dal:V161:F09620:F95D82,,OS+0x09620,unmapped-segment,OS-RAM,$FFF95D82,$F95D82,,ROM,direct,direct-abs.l,V161,static-abs.l,unknown,,1,jmp,,
dal:V161:F09626:F95EB2,,OS+0x09626,unmapped-segment,OS-RAM,$FFF95EB2,$F95EB2,,ROM,direct,direct-abs.l,V161,static-abs.l,unknown,,1,jmp,,
dal:V161:F0962C:F95F1C,,OS+0x0962C,unmapped-segment,OS-RAM,$FFF95F1C,$F95F1C,,ROM,direct,direct-abs.l,V161,static-abs.l,unknown,,1,jmp,,
dal:V161:F09632:F95F1E,,OS+0x09632,unmapped-segment,OS-RAM,$FFF95F1E,$F95F1E,,ROM,direct,direct-abs.l,V161,static-abs.l,unknown,,1,jmp,,
dal:V161:F09638:F95F92,,OS+0x09638,unmapped-segment,OS-RAM,$FFF95F92,$F95F92,,ROM,direct,direct-abs.l,V161,static-abs.l,unknown,,1,jmp,,
dal:V161:F09644:F95FFA,,OS+0x09644,unmapped-segment,OS-RAM,$FFF95FFA,$F95FFA,,ROM,direct,direct-abs.l,V161,static-abs.l,unknown,,1,jmp,,
dal:V161:F0964A:F96022,,OS+0x0964A,unmapped-segment,OS-RAM,$FFF96022,$F96022,,ROM,direct,direct-abs.l,V161,static-abs.l,unknown,,1,jmp,,
dal:V161:F09650:F9604C,,OS+0x09650,unmapped-segment,OS-RAM,$FFF9604C,$F9604C,,ROM,direct,direct-abs.l,V161,static-abs.l,unknown,,1,jmp,,
dal:V161:F09656:F960E0,,OS+0x09656,unmapped-segment,OS-RAM,$FFF960E0,$F960E0,,ROM,direct,direct-abs.l,V161,static-abs.l,unknown,,1,jmp,,
dal:V161:F0965C:F9615A,,OS+0x0965C,unmapped-segment,OS-RAM,$FFF9615A,$F9615A,,ROM,direct,direct-abs.l,V161,static-abs.l,unknown,,1,jmp,,
dal:V161:F09662:F95C52,,OS+0x09662,unmapped-segment,OS-RAM,$FFF95C52,$F95C52,,ROM,direct,direct-abs.l,V161,static-abs.l,unknown,,1,jmp,,
dal:V161:F09668:F95E6E,,OS+0x09668,unmapped-segment,OS-RAM,$FFF95E6E,$F95E6E,,ROM,direct,direct-abs.l,V161,static-abs.l,unknown,,1,jmp,,
dal:V161:F0969E:F962DE,,OS+0x0969E,unmapped-segment,OS-RAM,$FFF962DE,$F962DE,,ROM,direct,direct-abs.l,V161,static-abs.l,unknown,,1,jmp,,
dal:V161:F096A4:F96328,,OS+0x096A4,unmapped-segment,OS-RAM,$FFF96328,$F96328,,ROM,direct,direct-abs.l,V161,static-abs.l,unknown,,1,jmp,,
dal:V161:F096AA:F9638A,,OS+0x096AA,unmapped-segment,OS-RAM,$FFF9638A,$F9638A,,ROM,direct,direct-abs.l,V161,static-abs.l,unknown,,1,jmp,,
dal:V161:F096B0:F96414,,OS+0x096B0,unmapped-segment,OS-RAM,$FFF96414,$F96414,,ROM,direct,direct-abs.l,V161,static-abs.l,unknown,,1,jmp,,
dal:V161:F096C2:F9640C,,OS+0x096C2,unmapped-segment,OS-RAM,$FFF9640C,$F9640C,,ROM,direct,direct-abs.l,V161,static-abs.l,unknown,,1,jmp,,
dal:V161:F096C8:F9646A,,OS+0x096C8,unmapped-segment,OS-RAM,$FFF9646A,$F9646A,,ROM,direct,direct-abs.l,V161,static-abs.l,unknown,,1,jmp,,
dal:V161:F096CE:F964AC,,OS+0x096CE,unmapped-segment,OS-RAM,$FFF964AC,$F964AC,,ROM,direct,direct-abs.l,V161,static-abs.l,unknown,,1,jmp,,
dal:V161:F096D4:F964FA,,OS+0x096D4,unmapped-segment,OS-RAM,$FFF964FA,$F964FA,,ROM,direct,direct-abs.l,V161,static-abs.l,unknown,,1,jmp,,
dal:V161:F096DA:F96256,,OS+0x096DA,unmapped-segment,OS-RAM,$FFF96256,$F96256,,ROM,direct,direct-abs.l,V161,static-abs.l,unknown,,1,jmp,,
dal:V161:F096E0:F9651A,,OS+0x096E0,unmapped-segment,OS-RAM,$FFF9651A,$F9651A,,ROM,direct,direct-abs.l,V161,static-abs.l,unknown,,1,jmp,,
dal:V161:F096F8:F96232,,OS+0x096F8,unmapped-segment,OS-RAM,$FFF96232,$F96232,,ROM,direct,direct-abs.l,V161,static-abs.l,unknown,,1,jmp,,
dal:V161:F09712:F9653E,,OS+0x09712,unmapped-segment,OS-RAM,$FFF9653E,$F9653E,,ROM,direct,direct-abs.l,V161,static-abs.l,unknown,,1,jmp,,
dal:V161:F09718:F96556,,OS+0x09718,unmapped-segment,OS-RAM,$FFF96556,$F96556,,ROM,direct,direct-abs.l,V161,static-abs.l,unknown,,1,jmp,,
dal:V161:F0971E:F9658A,,OS+0x0971E,unmapped-segment,OS-RAM,$FFF9658A,$F9658A,,ROM,direct,direct-abs.l,V161,static-abs.l,unknown,,1,jmp,,
dal:V161:F09724:F965A2,,OS+0x09724,unmapped-segment,OS-RAM,$FFF965A2,$F965A2,,ROM,direct,direct-abs.l,V161,static-abs.l,unknown,,1,jmp,,
dal:V161:F0972A:F96638,,OS+0x0972A,unmapped-segment,OS-RAM,$FFF96638,$F96638,,ROM,direct,direct-abs.l,V161,static-abs.l,unknown,,1,jmp,,
dal:V161:F09730:F965D8,,OS+0x09730,unmapped-segment,OS-RAM,$FFF965D8,$F965D8,,ROM,direct,direct-abs.l,V161,static-abs.l,unknown,,1,jmp,,
dal:V161:F09736:F9666C,,OS+0x09736,unmapped-segment,OS-RAM,$FFF9666C,$F9666C,,ROM,direct,direct-abs.l,V161,static-abs.l,unknown,,1,jmp,,
dal:V161:F0973C:F9678C,,OS+0x0973C,unmapped-segment,OS-RAM,$FFF9678C,$F9678C,,ROM,direct,direct-abs.l,V161,static-abs.l,unknown,,1,jmp,,
dal:V161:F09742:F96796,,OS+0x09742,unmapped-segment,OS-RAM,$FFF96796,$F96796,,ROM,direct,direct-abs.l,V161,static-abs.l,unknown,,1,jmp,,
dal:V161:F09748:F9683E,,OS+0x09748,unmapped-segment,OS-RAM,$FFF9683E,$F9683E,,ROM,direct,direct-abs.l,V161,static-abs.l,unknown,,1,jmp,,
dal:V161:F0974E:F96934,,OS+0x0974E,unmapped-segment,OS-RAM,$FFF96934,$F96934,,ROM,direct,direct-abs.l,V161,static-abs.l,unknown,,1,jmp,,
dal:V161:F09754:F96958,,OS+0x09754,unmapped-segment,OS-RAM,$FFF96958,$F96958,,ROM,direct,direct-abs.l,V161,static-abs.l,unknown,,1,jmp,,
dal:V161:F0975A:F9699A,,OS+0x0975A,unmapped-segment,OS-RAM,$FFF9699A,$F9699A,,ROM,direct,direct-abs.l,V161,static-abs.l,unknown,,1,jmp,,
dal:V161:F09760:F96A24,,OS+0x09760,unmapped-segment,OS-RAM,$FFF96A24,$F96A24,,ROM,direct,direct-abs.l,V161,static-abs.l,unknown,,1,jmp,,
dal:V161:F09766:F966E8,,OS+0x09766,unmapped-segment,OS-RAM,$FFF966E8,$F966E8,,ROM,direct,direct-abs.l,V161,static-abs.l,unknown,,1,jmp,,
dal:V161:F0976C:F96728,,OS+0x0976C,unmapped-segment,OS-RAM,$FFF96728,$F96728,,ROM,direct,direct-abs.l,V161,static-abs.l,unknown,,1,jmp,,
dal:V161:F09772:F9675C,,OS+0x09772,unmapped-segment,OS-RAM,$FFF9675C,$F9675C,,ROM,direct,direct-abs.l,V161,static-abs.l,unknown,,1,jmp,,
dal:V161:F09778:F9677A,,OS+0x09778,unmapped-segment,OS-RAM,$FFF9677A,$F9677A,,ROM,direct,direct-abs.l,V161,static-abs.l,unknown,,1,jmp,,
dal:V161:F0977E:F9690E,,OS+0x0977E,unmapped-segment,OS-RAM,$FFF9690E,$F9690E,,ROM,direct,direct-abs.l,V161,static-abs.l,unknown,,1,jmp,,
dal:V161:F0979A:F96B52,,OS+0x0979A,unmapped-segment,OS-RAM,$FFF96B52,$F96B52,,ROM,direct,direct-abs.l,V161,static-abs.l,unknown,,1,jmp,,
dal:V161:F097A0:F96B66,,OS+0x097A0,unmapped-segment,OS-RAM,$FFF96B66,$F96B66,,ROM,direct,direct-abs.l,V161,static-abs.l,unknown,,1,jmp,,
dal:V161:F097B8:F96C2A,,OS+0x097B8,unmapped-segment,OS-RAM,$FFF96C2A,$F96C2A,,ROM,direct,direct-abs.l,V161,static-abs.l,unknown,,1,jmp,,
dal:V161:F097BE:F96CE2,,OS+0x097BE,unmapped-segment,OS-RAM,$FFF96CE2,$F96CE2,,ROM,direct,direct-abs.l,V161,static-abs.l,unknown,,1,jmp,,
dal:V161:F097C4:F96CF0,,OS+0x097C4,unmapped-segment,OS-RAM,$FFF96CF0,$F96CF0,,ROM,direct,direct-abs.l,V161,static-abs.l,unknown,,1,jmp,,
dal:V161:F097CA:F96CF8,,OS+0x097CA,unmapped-segment,OS-RAM,$FFF96CF8,$F96CF8,,ROM,direct,direct-abs.l,V161,static-abs.l,unknown,,1,jmp,,
dal:V161:F097D0:F96D06,,OS+0x097D0,unmapped-segment,OS-RAM,$FFF96D06,$F96D06,,ROM,direct,direct-abs.l,V161,static-abs.l,unknown,,1,jmp,,
dal:V161:F097D6:F96E36,,OS+0x097D6,unmapped-segment,OS-RAM,$FFF96E36,$F96E36,,ROM,direct,direct-abs.l,V161,static-abs.l,unknown,,1,jmp,,
dal:V161:F097DC:F9728C,,OS+0x097DC,unmapped-segment,OS-RAM,$FFF9728C,$F9728C,,ROM,direct,direct-abs.l,V161,static-abs.l,unknown,,1,jmp,,
dal:V161:F097E2:F972AA,,OS+0x097E2,unmapped-segment,OS-RAM,$FFF972AA,$F972AA,,ROM,direct,direct-abs.l,V161,static-abs.l,unknown,,1,jmp,,
dal:V161:F097E8:F97052,,OS+0x097E8,unmapped-segment,OS-RAM,$FFF97052,$F97052,,ROM,direct,direct-abs.l,V161,static-abs.l,unknown,,1,jmp,,
dal:V161:F097EE:F97164,,OS+0x097EE,unmapped-segment,OS-RAM,$FFF97164,$F97164,,ROM,direct,direct-abs.l,V161,static-abs.l,unknown,,1,jmp,,
dal:V161:F097F4:F96CAE,,OS+0x097F4,unmapped-segment,OS-RAM,$FFF96CAE,$F96CAE,,ROM,direct,direct-abs.l,V161,static-abs.l,unknown,,1,jmp,,
dal:V161:F097FA:F96EF2,,OS+0x097FA,unmapped-segment,OS-RAM,$FFF96EF2,$F96EF2,,ROM,direct,direct-abs.l,V161,static-abs.l,unknown,,1,jmp,,
dal:V161:F09800:F96FDE,,OS+0x09800,unmapped-segment,OS-RAM,$FFF96FDE,$F96FDE,,ROM,direct,direct-abs.l,V161,static-abs.l,unknown,,1,jmp,,
dal:V161:F0983C:F96C4C,,OS+0x0983C,unmapped-segment,OS-RAM,$FFF96C4C,$F96C4C,,ROM,direct,direct-abs.l,V161,static-abs.l,unknown,,1,jmp,,
dal:V161:F09842:F96C9C,,OS+0x09842,unmapped-segment,OS-RAM,$FFF96C9C,$F96C9C,,ROM,direct,direct-abs.l,V161,static-abs.l,unknown,,1,jmp,,
dal:V161:F0988A:F88838,,OS+0x0988A,unmapped-segment,OS-RAM,$FFF88838,$F88838,,ROM,direct,direct-abs.l,V161,static-abs.l,unknown,,1,jmp,,
dal:V161:F099D6:F8B81C,,OS+0x099D6,unmapped-segment,OS-RAM,$FFF8B81C,$F8B81C,,ROM,direct,direct-abs.l,V161,static-abs.l,unknown,,1,jsr,,
dal:V161:F09AA0:F89442,,OS+0x09AA0,unmapped-segment,OS-RAM,$FFF89442,$F89442,,ROM,direct,direct-abs.l,V161,static-abs.l,unknown,,1,jsr,,
dal:V161:F09ADA:F8947E,,OS+0x09ADA,unmapped-segment,OS-RAM,$FFF8947E,$F8947E,,ROM,direct,direct-abs.l,V161,static-abs.l,unknown,,1,jmp,,
dal:V161:F09AEE:F8948E,,OS+0x09AEE,unmapped-segment,OS-RAM,$FFF8948E,$F8948E,,ROM,direct,direct-abs.l,V161,static-abs.l,unknown,,1,jmp,,
dal:V161:F09AFC:FB813C,,OS+0x09AFC,unmapped-segment,OS-RAM,$FFFB813C,$FB813C,,ROM,direct,direct-abs.l,V161,static-abs.l,unknown,,1,jsr,,
dal:V161:F09BD0:F894FE,,OS+0x09BD0,unmapped-segment,OS-RAM,$FFF894FE,$F894FE,,ROM,direct,direct-abs.l,V161,static-abs.l,unknown,,1,jmp,,
dal:V161:F09C22:F89956,,OS+0x09C22,unmapped-segment,OS-RAM,$FFF89956,$F89956,,ROM,direct,direct-abs.l,V161,static-abs.l,unknown,,1,jmp,,
dal:V161:F09C32:F895EC,,OS+0x09C32,unmapped-segment,OS-RAM,$FFF895EC,$F895EC,,ROM,direct,direct-abs.l,V161,static-abs.l,unknown,,1,jmp,,
dal:V161:F09C42:F8960C,,OS+0x09C42,unmapped-segment,OS-RAM,$FFF8960C,$F8960C,,ROM,direct,direct-abs.l,V161,static-abs.l,unknown,,1,jmp,,
dal:V161:F09CAA:F8964E,,OS+0x09CAA,unmapped-segment,OS-RAM,$FFF8964E,$F8964E,,ROM,direct,direct-abs.l,V161,static-abs.l,unknown,,1,jsr,,
dal:V161:F09CBA:F89694,,OS+0x09CBA,unmapped-segment,OS-RAM,$FFF89694,$F89694,,ROM,direct,direct-abs.l,V161,static-abs.l,unknown,,1,jmp,,
dal:V161:F09CFA:FB813C,,OS+0x09CFA,unmapped-segment,OS-RAM,$FFFB813C,$FB813C,,ROM,direct,direct-abs.l,V161,static-abs.l,unknown,,1,jsr,,
dal:V161:F09D5C:F896B4,,OS+0x09D5C,unmapped-segment,OS-RAM,$FFF896B4,$F896B4,,ROM,direct,direct-abs.l,V161,static-abs.l,unknown,,1,jsr,,
dal:V161:F09D84:FB813C,,OS+0x09D84,unmapped-segment,OS-RAM,$FFFB813C,$FB813C,,ROM,direct,direct-abs.l,V161,static-abs.l,unknown,,1,jsr,,
dal:V161:F09E7C:F89978,,OS+0x09E7C,unmapped-segment,OS-RAM,$FFF89978,$F89978,,ROM,direct,direct-abs.l,V161,static-abs.l,unknown,,1,jsr,,
dal:V161:F09FB6:F8971A,,OS+0x09FB6,unmapped-segment,OS-RAM,$FFF8971A,$F8971A,,ROM,direct,direct-abs.l,V161,static-abs.l,unknown,,1,jmp,,
dal:V161:F0A014:F89978,,OS+0x0A014,unmapped-segment,OS-RAM,$FFF89978,$F89978,,ROM,direct,direct-abs.l,V161,static-abs.l,unknown,,1,jsr,,
dal:V161:F0A03C:F89778,,OS+0x0A03C,unmapped-segment,OS-RAM,$FFF89778,$F89778,,ROM,direct,direct-abs.l,V161,static-abs.l,unknown,,1,jmp,,
dal:V161:F0A070:FB813C,,OS+0x0A070,unmapped-segment,OS-RAM,$FFFB813C,$FB813C,,ROM,direct,direct-abs.l,V161,static-abs.l,unknown,,1,jsr,,
dal:V161:F0A136:F89794,,OS+0x0A136,unmapped-segment,OS-RAM,$FFF89794,$F89794,,ROM,direct,direct-abs.l,V161,static-abs.l,unknown,,1,jsr,,
dal:V161:F0A23C:FB813C,,OS+0x0A23C,unmapped-segment,OS-RAM,$FFFB813C,$FB813C,,ROM,direct,direct-abs.l,V161,static-abs.l,unknown,,1,jsr,,
dal:V161:F0A388:F8983A,,OS+0x0A388,unmapped-segment,OS-RAM,$FFF8983A,$F8983A,,ROM,direct,direct-abs.l,V161,static-abs.l,unknown,,1,jmp,,
dal:V161:F0A456:F8986A,,OS+0x0A456,unmapped-segment,OS-RAM,$FFF8986A,$F8986A,,ROM,direct,direct-abs.l,V161,static-abs.l,unknown,,1,jsr,,
dal:V161:F0A4B4:F8988E,,OS+0x0A4B4,unmapped-segment,OS-RAM,$FFF8988E,$F8988E,,ROM,direct,direct-abs.l,V161,static-abs.l,unknown,,1,jmp,,
dal:V161:F0A6C2:F8B900,,OS+0x0A6C2,unmapped-segment,OS-RAM,$FFF8B900,$F8B900,,ROM,direct,direct-abs.l,V161,static-abs.l,unknown,,1,jsr,,
dal:V161:F0A6FE:F8B900,,OS+0x0A6FE,unmapped-segment,OS-RAM,$FFF8B900,$F8B900,,ROM,direct,direct-abs.l,V161,static-abs.l,unknown,,1,jsr,,
dal:V161:F0A7F2:F89944,,OS+0x0A7F2,unmapped-segment,OS-RAM,$FFF89944,$F89944,,ROM,direct,direct-abs.l,V161,static-abs.l,unknown,,1,jmp,,
dal:V161:F0A808:F898C0,,OS+0x0A808,unmapped-segment,OS-RAM,$FFF898C0,$F898C0,,ROM,direct,direct-abs.l,V161,static-abs.l,unknown,,1,jmp,,
dal:V161:F0A812:F89BDE,,OS+0x0A812,unmapped-segment,OS-RAM,$FFF89BDE,$F89BDE,,ROM,direct,direct-abs.l,V161,static-abs.l,unknown,,1,jsr,,
dal:V161:F0A886:F89AEC,,OS+0x0A886,unmapped-segment,OS-RAM,$FFF89AEC,$F89AEC,,ROM,direct,direct-abs.l,V161,static-abs.l,unknown,,1,jsr,,
dal:V161:F0A92E:F89AEC,,OS+0x0A92E,unmapped-segment,OS-RAM,$FFF89AEC,$F89AEC,,ROM,direct,direct-abs.l,V161,static-abs.l,unknown,,1,jsr,,
dal:V161:F0A9E4:F89A9A,,OS+0x0A9E4,unmapped-segment,OS-RAM,$FFF89A9A,$F89A9A,,ROM,direct,direct-abs.l,V161,static-abs.l,unknown,,1,jsr,,
dal:V161:F0AA24:F89A9A,,OS+0x0AA24,unmapped-segment,OS-RAM,$FFF89A9A,$F89A9A,,ROM,direct,direct-abs.l,V161,static-abs.l,unknown,,1,jsr,,
dal:V161:F0AA6E:F87FD2,,OS+0x0AA6E,unmapped-segment,OS-RAM,$FFF87FD2,$F87FD2,,ROM,direct,direct-abs.l,V161,static-abs.l,unknown,,1,jsr,,
dal:V161:F0AAB0:F87FD2,,OS+0x0AAB0,unmapped-segment,OS-RAM,$FFF87FD2,$F87FD2,,ROM,direct,direct-abs.l,V161,static-abs.l,unknown,,1,jsr,,
dal:V161:F0AAF4:F87FD2,,OS+0x0AAF4,unmapped-segment,OS-RAM,$FFF87FD2,$F87FD2,,ROM,direct,direct-abs.l,V161,static-abs.l,unknown,,1,jsr,,
dal:V161:F0ABF4:F890E6,,OS+0x0ABF4,unmapped-segment,OS-RAM,$FFF890E6,$F890E6,,ROM,direct,direct-abs.l,V161,static-abs.l,unknown,,1,jmp,,
dal:V161:F0ACE2:F89102,,OS+0x0ACE2,unmapped-segment,OS-RAM,$FFF89102,$F89102,,ROM,direct,direct-abs.l,V161,static-abs.l,unknown,,1,jsr,,
dal:V161:F0AD28:F87FD2,,OS+0x0AD28,unmapped-segment,OS-RAM,$FFF87FD2,$F87FD2,,ROM,direct,direct-abs.l,V161,static-abs.l,unknown,,1,jsr,,
dal:V161:F0AD5E:F89E20,,OS+0x0AD5E,unmapped-segment,OS-RAM,$FFF89E20,$F89E20,,ROM,direct,direct-abs.l,V161,static-abs.l,unknown,,1,jmp,,
dal:V161:F0AD80:F89E84,,OS+0x0AD80,unmapped-segment,OS-RAM,$FFF89E84,$F89E84,,ROM,direct,direct-abs.l,V161,static-abs.l,unknown,,1,jmp,,
dal:V161:F0ADC8:F89EB4,,OS+0x0ADC8,unmapped-segment,OS-RAM,$FFF89EB4,$F89EB4,,ROM,direct,direct-abs.l,V161,static-abs.l,unknown,,1,jmp,,
dal:V161:F0ADD0:F89FB0,,OS+0x0ADD0,unmapped-segment,OS-RAM,$FFF89FB0,$F89FB0,,ROM,direct,direct-abs.l,V161,static-abs.l,unknown,,1,jmp,,
dal:V161:F0ADD6:F8A036,,OS+0x0ADD6,unmapped-segment,OS-RAM,$FFF8A036,$F8A036,,ROM,direct,direct-abs.l,V161,static-abs.l,unknown,,1,jmp,,
dal:V161:F0ADDC:F8A048,,OS+0x0ADDC,unmapped-segment,OS-RAM,$FFF8A048,$F8A048,,ROM,direct,direct-abs.l,V161,static-abs.l,unknown,,1,jmp,,
dal:V161:F0ADF0:F8A828,,OS+0x0ADF0,unmapped-segment,OS-RAM,$FFF8A828,$F8A828,,ROM,direct,direct-abs.l,V161,static-abs.l,unknown,,1,jmp,,
dal:V161:F0AEA8:F8AECC,,OS+0x0AEA8,unmapped-segment,OS-RAM,$FFF8AECC,$F8AECC,,ROM,direct,direct-abs.l,V161,static-abs.l,unknown,,1,jsr,,
dal:V161:F0AEB8:F8B6D0,,OS+0x0AEB8,unmapped-segment,OS-RAM,$FFF8B6D0,$F8B6D0,,ROM,direct,direct-abs.l,V161,static-abs.l,unknown,,1,jsr,,
dal:V161:F0AF18:F8B7B4,,OS+0x0AF18,unmapped-segment,OS-RAM,$FFF8B7B4,$F8B7B4,,ROM,direct,direct-abs.l,V161,static-abs.l,unknown,,1,jsr,,
dal:V161:F0AFDE:F8B3B4,,OS+0x0AFDE,unmapped-segment,OS-RAM,$FFF8B3B4,$F8B3B4,,ROM,direct,direct-abs.l,V161,static-abs.l,unknown,,1,jsr,,
dal:V161:F0B0F0:F8AF02,,OS+0x0B0F0,unmapped-segment,OS-RAM,$FFF8AF02,$F8AF02,,ROM,direct,direct-abs.l,V161,static-abs.l,unknown,,1,jsr,,
dal:V161:F0B10E:F8AF52,,OS+0x0B10E,unmapped-segment,OS-RAM,$FFF8AF52,$F8AF52,,ROM,direct,direct-abs.l,V161,static-abs.l,unknown,,1,jmp,,
dal:V161:F0B12E:F8AFCC,,OS+0x0B12E,unmapped-segment,OS-RAM,$FFF8AFCC,$F8AFCC,,ROM,direct,direct-abs.l,V161,static-abs.l,unknown,,1,jsr,,
dal:V161:F0B14C:F8B002,,OS+0x0B14C,unmapped-segment,OS-RAM,$FFF8B002,$F8B002,,ROM,direct,direct-abs.l,V161,static-abs.l,unknown,,1,jmp,,
dal:V161:F0B220:F8B018,,OS+0x0B220,unmapped-segment,OS-RAM,$FFF8B018,$F8B018,,ROM,direct,direct-abs.l,V161,static-abs.l,unknown,,1,jsr,,
dal:V161:F0B2F4:F8B6AE,,OS+0x0B2F4,unmapped-segment,OS-RAM,$FFF8B6AE,$F8B6AE,,ROM,direct,direct-abs.l,V161,static-abs.l,unknown,,1,jsr,,
dal:V161:F0B302:F8B0AA,,OS+0x0B302,unmapped-segment,OS-RAM,$FFF8B0AA,$F8B0AA,,ROM,direct,direct-abs.l,V161,static-abs.l,unknown,,1,jsr,,
dal:V161:F0B366:F8B866,,OS+0x0B366,unmapped-segment,OS-RAM,$FFF8B866,$F8B866,,ROM,direct,direct-abs.l,V161,static-abs.l,unknown,,1,jmp,,
dal:V161:F0B3C4:F8EA96,,OS+0x0B3C4,unmapped-segment,OS-RAM,$FFF8EA96,$F8EA96,,ROM,direct,direct-abs.l,V161,static-abs.l,unknown,,1,jsr,,
dal:V161:F0B3F4:F8EA96,,OS+0x0B3F4,unmapped-segment,OS-RAM,$FFF8EA96,$F8EA96,,ROM,direct,direct-abs.l,V161,static-abs.l,unknown,,1,jmp,,
dal:V161:F0B64A:F8B3B4,,OS+0x0B64A,unmapped-segment,OS-RAM,$FFF8B3B4,$F8B3B4,,ROM,direct,direct-abs.l,V161,static-abs.l,unknown,,1,jsr,,
dal:V161:F0BE5E:F9783A,,OS+0x0BE5E,unmapped-segment,OS-RAM,$FFF9783A,$F9783A,,ROM,direct,direct-abs.l,V161,static-abs.l,unknown,,1,jsr,,
dal:V161:F0BE8E:F973F0,,OS+0x0BE8E,unmapped-segment,OS-RAM,$FFF973F0,$F973F0,,ROM,direct,direct-abs.l,V161,static-abs.l,unknown,,1,jsr,,
dal:V161:F0BF32:F977DC,,OS+0x0BF32,unmapped-segment,OS-RAM,$FFF977DC,$F977DC,,ROM,direct,direct-abs.l,V161,static-abs.l,unknown,,1,jsr,,
dal:V161:F0BF40:F9760C,,OS+0x0BF40,unmapped-segment,OS-RAM,$FFF9760C,$F9760C,,ROM,direct,direct-abs.l,V161,static-abs.l,unknown,,1,jsr,,
dal:V161:F0BF6C:F97854,,OS+0x0BF6C,unmapped-segment,OS-RAM,$FFF97854,$F97854,,ROM,direct,direct-abs.l,V161,static-abs.l,unknown,,1,jsr,,
dal:V161:F0C7D6:F8E50E,,OS+0x0C7D6,unmapped-segment,OS-RAM,$FFF8E50E,$F8E50E,,ROM,direct,direct-abs.l,V161,static-abs.l,unknown,,1,jmp,,
dal:V161:F0C85A:F8B7D6,,OS+0x0C85A,unmapped-segment,OS-RAM,$FFF8B7D6,$F8B7D6,,ROM,direct,direct-abs.l,V161,static-abs.l,unknown,,1,jsr,,
dal:V161:F0C8CC:F97F2E,,OS+0x0C8CC,unmapped-segment,OS-RAM,$FFF97F2E,$F97F2E,,ROM,direct,direct-abs.l,V161,static-abs.l,unknown,,1,jmp,,
dal:V161:F0C8D2:F976CA,,OS+0x0C8D2,unmapped-segment,OS-RAM,$FFF976CA,$F976CA,,ROM,direct,direct-abs.l,V161,static-abs.l,unknown,,1,jmp,,
dal:V161:F0C8DE:F973F0,,OS+0x0C8DE,unmapped-segment,OS-RAM,$FFF973F0,$F973F0,,ROM,direct,direct-abs.l,V161,static-abs.l,unknown,,1,jsr,,
dal:V161:F0C938:F97E38,,OS+0x0C938,unmapped-segment,OS-RAM,$FFF97E38,$F97E38,,ROM,direct,direct-abs.l,V161,static-abs.l,unknown,,1,jmp,,
dal:V161:F0C93E:F977C6,,OS+0x0C93E,unmapped-segment,OS-RAM,$FFF977C6,$F977C6,,ROM,direct,direct-abs.l,V161,static-abs.l,unknown,,1,jsr,,
dal:V161:F0C95E:F97662,,OS+0x0C95E,unmapped-segment,OS-RAM,$FFF97662,$F97662,,ROM,direct,direct-abs.l,V161,static-abs.l,unknown,,1,jsr,,
dal:V161:F0C968:F97E9A,,OS+0x0C968,unmapped-segment,OS-RAM,$FFF97E9A,$F97E9A,,ROM,direct,direct-abs.l,V161,static-abs.l,unknown,,1,jsr,,
dal:V161:F0C96E:F97F10,,OS+0x0C96E,unmapped-segment,OS-RAM,$FFF97F10,$F97F10,,ROM,direct,direct-abs.l,V161,static-abs.l,unknown,,1,jsr,,
dal:V161:F0C9B4:F97D64,,OS+0x0C9B4,unmapped-segment,OS-RAM,$FFF97D64,$F97D64,,ROM,direct,direct-abs.l,V161,static-abs.l,unknown,,1,jmp,,
dal:V161:F0C9D8:F977B0,,OS+0x0C9D8,unmapped-segment,OS-RAM,$FFF977B0,$F977B0,,ROM,direct,direct-abs.l,V161,static-abs.l,unknown,,1,jsr,,
dal:V161:F0C9F0:F976CA,,OS+0x0C9F0,unmapped-segment,OS-RAM,$FFF976CA,$F976CA,,ROM,direct,direct-abs.l,V161,static-abs.l,unknown,,1,jsr,,
dal:V161:F0CA1C:F97662,,OS+0x0CA1C,unmapped-segment,OS-RAM,$FFF97662,$F97662,,ROM,direct,direct-abs.l,V161,static-abs.l,unknown,,1,jsr,,
dal:V161:F0CA3A:F97F10,,OS+0x0CA3A,unmapped-segment,OS-RAM,$FFF97F10,$F97F10,,ROM,direct,direct-abs.l,V161,static-abs.l,unknown,,1,jsr,,
dal:V161:F0CA54:F97D64,,OS+0x0CA54,unmapped-segment,OS-RAM,$FFF97D64,$F97D64,,ROM,direct,direct-abs.l,V161,static-abs.l,unknown,,1,jmp,,
dal:V161:F0CAB4:F97662,,OS+0x0CAB4,unmapped-segment,OS-RAM,$FFF97662,$F97662,,ROM,direct,direct-abs.l,V161,static-abs.l,unknown,,1,jsr,,
dal:V161:F0CABE:F97718,,OS+0x0CABE,unmapped-segment,OS-RAM,$FFF97718,$F97718,,ROM,direct,direct-abs.l,V161,static-abs.l,unknown,,1,jsr,,
dal:V161:F0CAFA:F976CA,,OS+0x0CAFA,unmapped-segment,OS-RAM,$FFF976CA,$F976CA,,ROM,direct,direct-abs.l,V161,static-abs.l,unknown,,1,jsr,,
dal:V161:F0CB02:F9772A,,OS+0x0CB02,unmapped-segment,OS-RAM,$FFF9772A,$F9772A,,ROM,direct,direct-abs.l,V161,static-abs.l,unknown,,1,jsr,,
dal:V161:F0CB28:F97662,,OS+0x0CB28,unmapped-segment,OS-RAM,$FFF97662,$F97662,,ROM,direct,direct-abs.l,V161,static-abs.l,unknown,,1,jsr,,
dal:V161:F0CB4E:F976CA,,OS+0x0CB4E,unmapped-segment,OS-RAM,$FFF976CA,$F976CA,,ROM,direct,direct-abs.l,V161,static-abs.l,unknown,,1,jsr,,
dal:V161:F0D17A:F8937E,,OS+0x0D17A,unmapped-segment,OS-RAM,$FFF8937E,$F8937E,,ROM,direct,direct-abs.l,V161,static-abs.l,unknown,,1,jsr,,
dal:V161:F0E220:F8EB96,,OS+0x0E220,unmapped-segment,OS-RAM,$FFF8EB96,$F8EB96,,ROM,direct,direct-abs.l,V161,static-abs.l,unknown,,1,jsr,,
dal:V161:F0EB14:F8F1E0,,OS+0x0EB14,unmapped-segment,OS-RAM,$FFF8F1E0,$F8F1E0,,ROM,direct,direct-abs.l,V161,static-abs.l,unknown,,1,jsr,,
dal:V161:F0EB24:F8F1E0,,OS+0x0EB24,unmapped-segment,OS-RAM,$FFF8F1E0,$F8F1E0,,ROM,direct,direct-abs.l,V161,static-abs.l,unknown,,1,jsr,,
dal:V161:F0EB2C:F8F1D6,,OS+0x0EB2C,unmapped-segment,OS-RAM,$FFF8F1D6,$F8F1D6,,ROM,direct,direct-abs.l,V161,static-abs.l,unknown,,1,jsr,,
dal:V161:F0ED06:F8F212,,OS+0x0ED06,unmapped-segment,OS-RAM,$FFF8F212,$F8F212,,ROM,direct,direct-abs.l,V161,static-abs.l,unknown,,1,jsr,,
dal:V161:F0F2D2:F89C94,,OS+0x0F2D2,unmapped-segment,OS-RAM,$FFF89C94,$F89C94,,ROM,direct,direct-abs.l,V161,static-abs.l,unknown,,1,jsr,,
dal:V161:F0F302:F89BDE,,OS+0x0F302,unmapped-segment,OS-RAM,$FFF89BDE,$F89BDE,,ROM,direct,direct-abs.l,V161,static-abs.l,unknown,,1,jsr,,
dal:V161:F0F780:F883FE,,OS+0x0F780,unmapped-segment,OS-RAM,$FFF883FE,$F883FE,,ROM,direct,direct-abs.l,V161,static-abs.l,unknown,,1,jsr,,
dal:V161:F0F796:FB7F30,,OS+0x0F796,unmapped-segment,OS-RAM,$FFFB7F30,$FB7F30,,ROM,direct,direct-abs.l,V161,static-abs.l,unknown,,1,jsr,,
dal:V161:F0F7C0:F8C0E6,,OS+0x0F7C0,unmapped-segment,OS-RAM,$FFF8C0E6,$F8C0E6,,ROM,direct,direct-abs.l,V161,static-abs.l,unknown,,1,jsr,,
dal:V161:F0F7EE:FB7F4A,,OS+0x0F7EE,unmapped-segment,OS-RAM,$FFFB7F4A,$FB7F4A,,ROM,direct,direct-abs.l,V161,static-abs.l,unknown,,1,jsr,,
dal:V161:F0F816:FBA626,,OS+0x0F816,unmapped-segment,OS-RAM,$FFFBA626,$FBA626,,ROM,direct,direct-abs.l,V161,static-abs.l,unknown,,1,jsr,,
dal:V161:F0F844:FBB34C,,OS+0x0F844,unmapped-segment,OS-RAM,$FFFBB34C,$FBB34C,,ROM,direct,direct-abs.l,V161,static-abs.l,unknown,,1,jsr,,
dal:V161:F0F874:FB7BC8,,OS+0x0F874,unmapped-segment,OS-RAM,$FFFB7BC8,$FB7BC8,,ROM,direct,direct-abs.l,V161,static-abs.l,unknown,,1,jsr,,
dal:V161:F0F8B2:FBA626,,OS+0x0F8B2,unmapped-segment,OS-RAM,$FFFBA626,$FBA626,,ROM,direct,direct-abs.l,V161,static-abs.l,unknown,,1,jsr,,
dal:V161:F0F8C8:FB950A,,OS+0x0F8C8,unmapped-segment,OS-RAM,$FFFB950A,$FB950A,,ROM,direct,direct-abs.l,V161,static-abs.l,unknown,,1,jsr,,
dal:V161:F0F8D0:FBB2A4,,OS+0x0F8D0,unmapped-segment,OS-RAM,$FFFBB2A4,$FBB2A4,,ROM,direct,direct-abs.l,V161,static-abs.l,unknown,,1,jsr,,
dal:V161:F0F8E0:FBB2A4,,OS+0x0F8E0,unmapped-segment,OS-RAM,$FFFBB2A4,$FBB2A4,,ROM,direct,direct-abs.l,V161,static-abs.l,unknown,,1,jsr,,
dal:V161:F0F928:FB7F4A,,OS+0x0F928,unmapped-segment,OS-RAM,$FFFB7F4A,$FB7F4A,,ROM,direct,direct-abs.l,V161,static-abs.l,unknown,,1,jsr,,
dal:V161:F0F938:FB7F30,,OS+0x0F938,unmapped-segment,OS-RAM,$FFFB7F30,$FB7F30,,ROM,direct,direct-abs.l,V161,static-abs.l,unknown,,1,jsr,,
dal:V161:F0F944:FB7BFA,,OS+0x0F944,unmapped-segment,OS-RAM,$FFFB7BFA,$FB7BFA,,ROM,direct,direct-abs.l,V161,static-abs.l,unknown,,1,jsr,,
dal:V161:F0F94C:FBB25A,,OS+0x0F94C,unmapped-segment,OS-RAM,$FFFBB25A,$FBB25A,,ROM,direct,direct-abs.l,V161,static-abs.l,unknown,,1,jsr,,
dal:V161:F0F97C:F8822C,,OS+0x0F97C,unmapped-segment,OS-RAM,$FFF8822C,$F8822C,,ROM,direct,direct-abs.l,V161,static-abs.l,unknown,,1,jsr,,
dal:V161:F0F9B2:FB84DA,,OS+0x0F9B2,unmapped-segment,OS-RAM,$FFFB84DA,$FB84DA,,ROM,direct,direct-abs.l,V161,static-abs.l,unknown,,1,jsr,,
dal:V161:F0F9E6:FB8738,,OS+0x0F9E6,unmapped-segment,OS-RAM,$FFFB8738,$FB8738,,ROM,direct,direct-abs.l,V161,static-abs.l,unknown,,1,jsr,,
dal:V161:F0FA14:FBB2EA,,OS+0x0FA14,unmapped-segment,OS-RAM,$FFFBB2EA,$FBB2EA,,ROM,direct,direct-abs.l,V161,static-abs.l,unknown,,1,jsr,,
dal:V161:F0FA20:FBA1D8,,OS+0x0FA20,unmapped-segment,OS-RAM,$FFFBA1D8,$FBA1D8,,ROM,direct,direct-abs.l,V161,static-abs.l,unknown,,1,jsr,,
dal:V161:F0FA2A:FBA636,,OS+0x0FA2A,unmapped-segment,OS-RAM,$FFFBA636,$FBA636,,ROM,direct,direct-abs.l,V161,static-abs.l,unknown,,1,jsr,,
dal:V161:F0FA34:FBA5A2,,OS+0x0FA34,unmapped-segment,OS-RAM,$FFFBA5A2,$FBA5A2,,ROM,direct,direct-abs.l,V161,static-abs.l,unknown,,1,jsr,,
dal:V161:F0FA3A:FB8058,,OS+0x0FA3A,unmapped-segment,OS-RAM,$FFFB8058,$FB8058,,ROM,direct,direct-abs.l,V161,static-abs.l,unknown,,1,jsr,,
dal:V161:F0FA4A:FBA0D6,,OS+0x0FA4A,unmapped-segment,OS-RAM,$FFFBA0D6,$FBA0D6,,ROM,direct,direct-abs.l,V161,static-abs.l,unknown,,1,jsr,,
dal:V161:F0FA70:FB8024,,OS+0x0FA70,unmapped-segment,OS-RAM,$FFFB8024,$FB8024,,ROM,direct,direct-abs.l,V161,static-abs.l,unknown,,1,jsr,,
dal:V161:F0FA76:FBA0D6,,OS+0x0FA76,unmapped-segment,OS-RAM,$FFFBA0D6,$FBA0D6,,ROM,direct,direct-abs.l,V161,static-abs.l,unknown,,1,jsr,,
dal:V161:F0FAC2:FB7F9E,,OS+0x0FAC2,unmapped-segment,OS-RAM,$FFFB7F9E,$FB7F9E,,ROM,direct,direct-abs.l,V161,static-abs.l,unknown,,1,jsr,,
dal:V161:F0FAD0:FBA5A2,,OS+0x0FAD0,unmapped-segment,OS-RAM,$FFFBA5A2,$FBA5A2,,ROM,direct,direct-abs.l,V161,static-abs.l,unknown,,1,jsr,,
dal:V161:F0FAD6:FB9C5E,,OS+0x0FAD6,unmapped-segment,OS-RAM,$FFFB9C5E,$FB9C5E,,ROM,direct,direct-abs.l,V161,static-abs.l,unknown,,1,jsr,,
dal:V161:F0FAE4:FBB2EA,,OS+0x0FAE4,unmapped-segment,OS-RAM,$FFFBB2EA,$FBB2EA,,ROM,direct,direct-abs.l,V161,static-abs.l,unknown,,1,jsr,,
dal:V161:F0FAF0:FBA5F2,,OS+0x0FAF0,unmapped-segment,OS-RAM,$FFFBA5F2,$FBA5F2,,ROM,direct,direct-abs.l,V161,static-abs.l,unknown,,1,jsr,,
dal:V161:F0FAFA:FB7F9E,,OS+0x0FAFA,unmapped-segment,OS-RAM,$FFFB7F9E,$FB7F9E,,ROM,direct,direct-abs.l,V161,static-abs.l,unknown,,1,jsr,,
dal:V161:F0FB06:FBA5F2,,OS+0x0FB06,unmapped-segment,OS-RAM,$FFFBA5F2,$FBA5F2,,ROM,direct,direct-abs.l,V161,static-abs.l,unknown,,1,jsr,,
dal:V161:F0FB10:FBA5A2,,OS+0x0FB10,unmapped-segment,OS-RAM,$FFFBA5A2,$FBA5A2,,ROM,direct,direct-abs.l,V161,static-abs.l,unknown,,1,jsr,,
dal:V161:F0FB22:FBA5F2,,OS+0x0FB22,unmapped-segment,OS-RAM,$FFFBA5F2,$FBA5F2,,ROM,direct,direct-abs.l,V161,static-abs.l,unknown,,1,jsr,,
dal:V161:F0FB4C:FBA5D0,,OS+0x0FB4C,unmapped-segment,OS-RAM,$FFFBA5D0,$FBA5D0,,ROM,direct,direct-abs.l,V161,static-abs.l,unknown,,1,jsr,,
dal:V161:F0FB52:FBA136,,OS+0x0FB52,unmapped-segment,OS-RAM,$FFFBA136,$FBA136,,ROM,direct,direct-abs.l,V161,static-abs.l,unknown,,1,jsr,,
dal:V161:F0FB70:FBA2BA,,OS+0x0FB70,unmapped-segment,OS-RAM,$FFFBA2BA,$FBA2BA,,ROM,direct,direct-abs.l,V161,static-abs.l,unknown,,1,jsr,,
dal:V161:F0FB84:FBA270,,OS+0x0FB84,unmapped-segment,OS-RAM,$FFFBA270,$FBA270,,ROM,direct,direct-abs.l,V161,static-abs.l,unknown,,1,jsr,,
dal:V161:F0FB98:FBA0D6,,OS+0x0FB98,unmapped-segment,OS-RAM,$FFFBA0D6,$FBA0D6,,ROM,direct,direct-abs.l,V161,static-abs.l,unknown,,1,jsr,,
dal:V161:F0FBAE:FBB2EA,,OS+0x0FBAE,unmapped-segment,OS-RAM,$FFFBB2EA,$FBB2EA,,ROM,direct,direct-abs.l,V161,static-abs.l,unknown,,1,jsr,,
dal:V161:F0FBBA:FBA636,,OS+0x0FBBA,unmapped-segment,OS-RAM,$FFFBA636,$FBA636,,ROM,direct,direct-abs.l,V161,static-abs.l,unknown,,1,jsr,,
dal:V161:F0FBC8:FBA432,,OS+0x0FBC8,unmapped-segment,OS-RAM,$FFFBA432,$FBA432,,ROM,direct,direct-abs.l,V161,static-abs.l,unknown,,1,jsr,,
dal:V161:F0FBD2:FBB2EA,,OS+0x0FBD2,unmapped-segment,OS-RAM,$FFFBB2EA,$FBB2EA,,ROM,direct,direct-abs.l,V161,static-abs.l,unknown,,1,jsr,,
dal:V161:F0FBDE:FBA5F2,,OS+0x0FBDE,unmapped-segment,OS-RAM,$FFFBA5F2,$FBA5F2,,ROM,direct,direct-abs.l,V161,static-abs.l,unknown,,1,jsr,,
dal:V161:F0FBE8:FB7F9E,,OS+0x0FBE8,unmapped-segment,OS-RAM,$FFFB7F9E,$FB7F9E,,ROM,direct,direct-abs.l,V161,static-abs.l,unknown,,1,jsr,,
dal:V161:F0FBF4:FBA5F2,,OS+0x0FBF4,unmapped-segment,OS-RAM,$FFFBA5F2,$FBA5F2,,ROM,direct,direct-abs.l,V161,static-abs.l,unknown,,1,jsr,,
dal:V161:F0FBFE:FBA5A2,,OS+0x0FBFE,unmapped-segment,OS-RAM,$FFFBA5A2,$FBA5A2,,ROM,direct,direct-abs.l,V161,static-abs.l,unknown,,1,jsr,,
dal:V161:F0FC16:FB8094,,OS+0x0FC16,unmapped-segment,OS-RAM,$FFFB8094,$FB8094,,ROM,direct,direct-abs.l,V161,static-abs.l,unknown,,1,jsr,,
dal:V161:F0FC20:FB7F88,,OS+0x0FC20,unmapped-segment,OS-RAM,$FFFB7F88,$FB7F88,,ROM,direct,direct-abs.l,V161,static-abs.l,unknown,,1,jsr,,
dal:V161:F0FC3A:FB807C,,OS+0x0FC3A,unmapped-segment,OS-RAM,$FFFB807C,$FB807C,,ROM,direct,direct-abs.l,V161,static-abs.l,unknown,,1,jsr,,
dal:V161:F0FC6E:FBA0D6,,OS+0x0FC6E,unmapped-segment,OS-RAM,$FFFBA0D6,$FBA0D6,,ROM,direct,direct-abs.l,V161,static-abs.l,unknown,,1,jsr,,
dal:V161:F0FC7C:FBA5A2,,OS+0x0FC7C,unmapped-segment,OS-RAM,$FFFBA5A2,$FBA5A2,,ROM,direct,direct-abs.l,V161,static-abs.l,unknown,,1,jsr,,
dal:V161:F0FC92:FB8034,,OS+0x0FC92,unmapped-segment,OS-RAM,$FFFB8034,$FB8034,,ROM,direct,direct-abs.l,V161,static-abs.l,unknown,,1,jsr,,
dal:V161:F0FC98:FBA5D0,,OS+0x0FC98,unmapped-segment,OS-RAM,$FFFBA5D0,$FBA5D0,,ROM,direct,direct-abs.l,V161,static-abs.l,unknown,,1,jsr,,
dal:V161:F0FCAC:FB8094,,OS+0x0FCAC,unmapped-segment,OS-RAM,$FFFB8094,$FB8094,,ROM,direct,direct-abs.l,V161,static-abs.l,unknown,,1,jsr,,
dal:V161:F0FCB2:FBA136,,OS+0x0FCB2,unmapped-segment,OS-RAM,$FFFBA136,$FBA136,,ROM,direct,direct-abs.l,V161,static-abs.l,unknown,,1,jsr,,
dal:V161:F0FCD0:FBA2BA,,OS+0x0FCD0,unmapped-segment,OS-RAM,$FFFBA2BA,$FBA2BA,,ROM,direct,direct-abs.l,V161,static-abs.l,unknown,,1,jsr,,
dal:V161:F0FCE4:FBA270,,OS+0x0FCE4,unmapped-segment,OS-RAM,$FFFBA270,$FBA270,,ROM,direct,direct-abs.l,V161,static-abs.l,unknown,,1,jsr,,
dal:V161:F0FCF8:FBA0D6,,OS+0x0FCF8,unmapped-segment,OS-RAM,$FFFBA0D6,$FBA0D6,,ROM,direct,direct-abs.l,V161,static-abs.l,unknown,,1,jsr,,
dal:V161:F0FD0A:FBB2EA,,OS+0x0FD0A,unmapped-segment,OS-RAM,$FFFBB2EA,$FBB2EA,,ROM,direct,direct-abs.l,V161,static-abs.l,unknown,,1,jsr,,
dal:V161:F0FD18:FB7F9E,,OS+0x0FD18,unmapped-segment,OS-RAM,$FFFB7F9E,$FB7F9E,,ROM,direct,direct-abs.l,V161,static-abs.l,unknown,,1,jsr,,
dal:V161:F0FD26:FBA5A2,,OS+0x0FD26,unmapped-segment,OS-RAM,$FFFBA5A2,$FBA5A2,,ROM,direct,direct-abs.l,V161,static-abs.l,unknown,,1,jsr,,
dal:V161:F0FD50:FB9F30,,OS+0x0FD50,unmapped-segment,OS-RAM,$FFFB9F30,$FB9F30,,ROM,direct,direct-abs.l,V161,static-abs.l,unknown,,1,jsr,,
dal:V161:F0FD6A:FBA5F2,,OS+0x0FD6A,unmapped-segment,OS-RAM,$FFFBA5F2,$FBA5F2,,ROM,direct,direct-abs.l,V161,static-abs.l,unknown,,1,jsr,,
dal:V161:F0FD70:FBA136,,OS+0x0FD70,unmapped-segment,OS-RAM,$FFFBA136,$FBA136,,ROM,direct,direct-abs.l,V161,static-abs.l,unknown,,1,jsr,,
dal:V161:F0FD86:FBA2BA,,OS+0x0FD86,unmapped-segment,OS-RAM,$FFFBA2BA,$FBA2BA,,ROM,direct,direct-abs.l,V161,static-abs.l,unknown,,1,jsr,,
dal:V161:F0FD8E:FBA5D0,,OS+0x0FD8E,unmapped-segment,OS-RAM,$FFFBA5D0,$FBA5D0,,ROM,direct,direct-abs.l,V161,static-abs.l,unknown,,1,jsr,,
dal:V161:F0FD94:FBA136,,OS+0x0FD94,unmapped-segment,OS-RAM,$FFFBA136,$FBA136,,ROM,direct,direct-abs.l,V161,static-abs.l,unknown,,1,jsr,,
dal:V161:F0FDA0:FBA270,,OS+0x0FDA0,unmapped-segment,OS-RAM,$FFFBA270,$FBA270,,ROM,direct,direct-abs.l,V161,static-abs.l,unknown,,1,jsr,,
dal:V161:F0FDB2:FBA0D6,,OS+0x0FDB2,unmapped-segment,OS-RAM,$FFFBA0D6,$FBA0D6,,ROM,direct,direct-abs.l,V161,static-abs.l,unknown,,1,jsr,,
dal:V161:F0FDBC:FBA68C,,OS+0x0FDBC,unmapped-segment,OS-RAM,$FFFBA68C,$FBA68C,,ROM,direct,direct-abs.l,V161,static-abs.l,unknown,,1,jsr,,
dal:V161:F0FDE2:FB7D86,,OS+0x0FDE2,unmapped-segment,OS-RAM,$FFFB7D86,$FB7D86,,ROM,direct,direct-abs.l,V161,static-abs.l,unknown,,1,jsr,,
dal:V161:F0FDEE:FBA626,,OS+0x0FDEE,unmapped-segment,OS-RAM,$FFFBA626,$FBA626,,ROM,direct,direct-abs.l,V161,static-abs.l,unknown,,1,jsr,,
dal:V161:F0FE16:FB7C7A,,OS+0x0FE16,unmapped-segment,OS-RAM,$FFFB7C7A,$FB7C7A,,ROM,direct,direct-abs.l,V161,static-abs.l,unknown,,1,jsr,,
dal:V161:F0FE22:FB7BFA,,OS+0x0FE22,unmapped-segment,OS-RAM,$FFFB7BFA,$FB7BFA,,ROM,direct,direct-abs.l,V161,static-abs.l,unknown,,1,jsr,,
dal:V161:F0FE32:FB7CF6,,OS+0x0FE32,unmapped-segment,OS-RAM,$FFFB7CF6,$FB7CF6,,ROM,direct,direct-abs.l,V161,static-abs.l,unknown,,1,jsr,,
dal:V161:F0FE44:FB7D70,,OS+0x0FE44,unmapped-segment,OS-RAM,$FFFB7D70,$FB7D70,,ROM,direct,direct-abs.l,V161,static-abs.l,unknown,,1,jsr,,
dal:V161:F0FE96:FB7F0A,,OS+0x0FE96,unmapped-segment,OS-RAM,$FFFB7F0A,$FB7F0A,,ROM,direct,direct-abs.l,V161,static-abs.l,unknown,,1,jsr,,
dal:V161:F0FEA2:FBA626,,OS+0x0FEA2,unmapped-segment,OS-RAM,$FFFBA626,$FBA626,,ROM,direct,direct-abs.l,V161,static-abs.l,unknown,,1,jsr,,
dal:V161:F0FEAA:FB7E8E,,OS+0x0FEAA,unmapped-segment,OS-RAM,$FFFB7E8E,$FB7E8E,,ROM,direct,direct-abs.l,V161,static-abs.l,unknown,,1,jsr,,
dal:V161:F0FEB2:FBB370,,OS+0x0FEB2,unmapped-segment,OS-RAM,$FFFBB370,$FBB370,,ROM,direct,direct-abs.l,V161,static-abs.l,unknown,,1,jsr,,
dal:V161:F0FEFA:FB8174,,OS+0x0FEFA,unmapped-segment,OS-RAM,$FFFB8174,$FB8174,,ROM,direct,direct-abs.l,V161,static-abs.l,unknown,,1,jsr,,
dal:V161:F0FF20:F8B81C,,OS+0x0FF20,unmapped-segment,OS-RAM,$FFF8B81C,$F8B81C,,ROM,direct,direct-abs.l,V161,static-abs.l,unknown,,1,jsr,,
dal:V161:F0FF2C:F8B832,,OS+0x0FF2C,unmapped-segment,OS-RAM,$FFF8B832,$F8B832,,ROM,direct,direct-abs.l,V161,static-abs.l,unknown,,1,jsr,,
dal:V161:F0FF32:F8DF1E,,OS+0x0FF32,unmapped-segment,OS-RAM,$FFF8DF1E,$F8DF1E,,ROM,direct,direct-abs.l,V161,static-abs.l,unknown,,1,jsr,,
dal:V161:F101D0:F89978,,OS+0x101D0,unmapped-segment,OS-RAM,$FFF89978,$F89978,,ROM,direct,direct-abs.l,V161,static-abs.l,unknown,,1,jsr,,
dal:V161:F10448:FBB2EA,,OS+0x10448,unmapped-segment,OS-RAM,$FFFBB2EA,$FBB2EA,,ROM,direct,direct-abs.l,V161,static-abs.l,unknown,,1,jsr,,
dal:V161:F104F4:FB816A,,OS+0x104F4,unmapped-segment,OS-RAM,$FFFB816A,$FB816A,,ROM,direct,direct-abs.l,V161,static-abs.l,unknown,,1,jsr,,
dal:V161:F10AC0:FB813C,,OS+0x10AC0,unmapped-segment,OS-RAM,$FFFB813C,$FB813C,,ROM,direct,direct-abs.l,V161,static-abs.l,unknown,,1,jsr,,
dal:V161:F10AE2:F8971A,,OS+0x10AE2,unmapped-segment,OS-RAM,$FFF8971A,$F8971A,,ROM,direct,direct-abs.l,V161,static-abs.l,unknown,,1,jsr,,
dal:V161:F10BAE:FB813C,,OS+0x10BAE,unmapped-segment,OS-RAM,$FFFB813C,$FB813C,,ROM,direct,direct-abs.l,V161,static-abs.l,unknown,,1,jsr,,
dal:V161:F10C5E:F8967A,,OS+0x10C5E,unmapped-segment,OS-RAM,$FFF8967A,$F8967A,,ROM,direct,direct-abs.l,V161,static-abs.l,unknown,,1,jsr,,
dal:V161:F10CA2:FB813C,,OS+0x10CA2,unmapped-segment,OS-RAM,$FFFB813C,$FB813C,,ROM,direct,direct-abs.l,V161,static-abs.l,unknown,,1,jsr,,
dal:V161:F10DA4:F89798,,OS+0x10DA4,unmapped-segment,OS-RAM,$FFF89798,$F89798,,ROM,direct,direct-abs.l,V161,static-abs.l,unknown,,1,jsr,,
dal:V161:F10E04:F89988,,OS+0x10E04,unmapped-segment,OS-RAM,$FFF89988,$F89988,,ROM,direct,direct-abs.l,V161,static-abs.l,unknown,,1,jsr,,
dal:V161:F10E0E:F897B0,,OS+0x10E0E,unmapped-segment,OS-RAM,$FFF897B0,$F897B0,,ROM,direct,direct-abs.l,V161,static-abs.l,unknown,,1,jsr,,
dal:V161:F10E4C:F899C2,,OS+0x10E4C,unmapped-segment,OS-RAM,$FFF899C2,$F899C2,,ROM,direct,direct-abs.l,V161,static-abs.l,unknown,,1,jsr,,
dal:V161:F10E8C:F89824,,OS+0x10E8C,unmapped-segment,OS-RAM,$FFF89824,$F89824,,ROM,direct,direct-abs.l,V161,static-abs.l,unknown,,1,jsr,,
dal:V161:F11304:F8B058,,OS+0x11304,unmapped-segment,OS-RAM,$FFF8B058,$F8B058,,ROM,direct,direct-abs.l,V161,static-abs.l,unknown,,1,jsr,,
dal:V161:F113FC:F8B054,,OS+0x113FC,unmapped-segment,OS-RAM,$FFF8B054,$F8B054,,ROM,direct,direct-abs.l,V161,static-abs.l,unknown,,1,jsr,,
dal:V161:F115D0:F8AD90,,OS+0x115D0,unmapped-segment,OS-RAM,$FFF8AD90,$F8AD90,,ROM,direct,direct-abs.l,V161,static-abs.l,unknown,,1,jsr,,
dal:V161:F115DA:F8AD90,,OS+0x115DA,unmapped-segment,OS-RAM,$FFF8AD90,$F8AD90,,ROM,direct,direct-abs.l,V161,static-abs.l,unknown,,1,jsr,,
dal:V161:F1163E:F8AB08,,OS+0x1163E,unmapped-segment,OS-RAM,$FFF8AB08,$F8AB08,,ROM,direct,direct-abs.l,V161,static-abs.l,unknown,,1,jsr,,
dal:V161:F1179E:F8B5E0,,OS+0x1179E,unmapped-segment,OS-RAM,$FFF8B5E0,$F8B5E0,,ROM,direct,direct-abs.l,V161,static-abs.l,unknown,,1,jsr,,
dal:V161:F117F0:F8B800,,OS+0x117F0,unmapped-segment,OS-RAM,$FFF8B800,$F8B800,,ROM,direct,direct-abs.l,V161,static-abs.l,unknown,,1,jsr,,
dal:V161:F11874:F8C0E6,,OS+0x11874,unmapped-segment,OS-RAM,$FFF8C0E6,$F8C0E6,,ROM,direct,direct-abs.l,V161,static-abs.l,unknown,,1,jsr,,
dal:V161:F1187E:F8C1A2,,OS+0x1187E,unmapped-segment,OS-RAM,$FFF8C1A2,$F8C1A2,,ROM,direct,direct-abs.l,V161,static-abs.l,unknown,,1,jsr,,
dal:V161:F118A4:F8DF3E,,OS+0x118A4,unmapped-segment,OS-RAM,$FFF8DF3E,$F8DF3E,,ROM,direct,direct-abs.l,V161,static-abs.l,unknown,,1,jsr,,
dal:V161:F118B8:F976EC,,OS+0x118B8,unmapped-segment,OS-RAM,$FFF976EC,$F976EC,,ROM,direct,direct-abs.l,V161,static-abs.l,unknown,,1,jsr,,
dal:V161:F118BE:F8C142,,OS+0x118BE,unmapped-segment,OS-RAM,$FFF8C142,$F8C142,,ROM,direct,direct-abs.l,V161,static-abs.l,unknown,,1,jsr,,
dal:V161:F11998:F8CFFA,,OS+0x11998,unmapped-segment,OS-RAM,$FFF8CFFA,$F8CFFA,,ROM,direct,direct-abs.l,V161,static-abs.l,unknown,,1,jsr,,
dal:V161:F119A6:F8C142,,OS+0x119A6,unmapped-segment,OS-RAM,$FFF8C142,$F8C142,,ROM,direct,direct-abs.l,V161,static-abs.l,unknown,,1,jsr,,
dal:V161:F11A44:F8DB30,,OS+0x11A44,unmapped-segment,OS-RAM,$FFF8DB30,$F8DB30,,ROM,direct,direct-abs.l,V161,static-abs.l,unknown,,1,jsr,,
dal:V161:F11AA0:F8DC66,,OS+0x11AA0,unmapped-segment,OS-RAM,$FFF8DC66,$F8DC66,,ROM,direct,direct-abs.l,V161,static-abs.l,unknown,,1,jsr,,
dal:V161:F11ABA:F8DB30,,OS+0x11ABA,unmapped-segment,OS-RAM,$FFF8DB30,$F8DB30,,ROM,direct,direct-abs.l,V161,static-abs.l,unknown,,1,jsr,,
dal:V161:F11AF0:F8DC66,,OS+0x11AF0,unmapped-segment,OS-RAM,$FFF8DC66,$F8DC66,,ROM,direct,direct-abs.l,V161,static-abs.l,unknown,,1,jsr,,
dal:V161:F11B04:F8DB30,,OS+0x11B04,unmapped-segment,OS-RAM,$FFF8DB30,$F8DB30,,ROM,direct,direct-abs.l,V161,static-abs.l,unknown,,1,jsr,,
dal:V161:F11B7E:F8DB4C,,OS+0x11B7E,unmapped-segment,OS-RAM,$FFF8DB4C,$F8DB4C,,ROM,direct,direct-abs.l,V161,static-abs.l,unknown,,1,jsr,,
dal:V161:F11BC0:F8DB30,,OS+0x11BC0,unmapped-segment,OS-RAM,$FFF8DB30,$F8DB30,,ROM,direct,direct-abs.l,V161,static-abs.l,unknown,,1,jsr,,
dal:V161:F11C18:F8DC66,,OS+0x11C18,unmapped-segment,OS-RAM,$FFF8DC66,$F8DC66,,ROM,direct,direct-abs.l,V161,static-abs.l,unknown,,1,jsr,,
dal:V161:F11C7E:F8C8E4,,OS+0x11C7E,unmapped-segment,OS-RAM,$FFF8C8E4,$F8C8E4,,ROM,direct,direct-abs.l,V161,static-abs.l,unknown,,1,jsr,,
dal:V161:F11CB4:F8E018,,OS+0x11CB4,unmapped-segment,OS-RAM,$FFF8E018,$F8E018,,ROM,direct,direct-abs.l,V161,static-abs.l,unknown,,1,jsr,,
dal:V161:F11D70:F89BDE,,OS+0x11D70,unmapped-segment,OS-RAM,$FFF89BDE,$F89BDE,,ROM,direct,direct-abs.l,V161,static-abs.l,unknown,,1,jsr,,
dal:V161:F1272C:FB81CE,,OS+0x1272C,unmapped-segment,OS-RAM,$FFFB81CE,$FB81CE,,ROM,direct,direct-abs.l,V161,static-abs.l,unknown,,1,jsr,,
dal:V161:F1274C:FB81DA,,OS+0x1274C,unmapped-segment,OS-RAM,$FFFB81DA,$FB81DA,,ROM,direct,direct-abs.l,V161,static-abs.l,unknown,,1,jsr,,
dal:V161:F12760:FB81D4,,OS+0x12760,unmapped-segment,OS-RAM,$FFFB81D4,$FB81D4,,ROM,direct,direct-abs.l,V161,static-abs.l,unknown,,1,jsr,,
dal:V161:F12AFA:FB81CE,,OS+0x12AFA,unmapped-segment,OS-RAM,$FFFB81CE,$FB81CE,,ROM,direct,direct-abs.l,V161,static-abs.l,unknown,,1,jsr,,
dal:V161:F12B70:FB81DA,,OS+0x12B70,unmapped-segment,OS-RAM,$FFFB81DA,$FB81DA,,ROM,direct,direct-abs.l,V161,static-abs.l,unknown,,1,jsr,,
dal:V161:F13010:FB81DA,,OS+0x13010,unmapped-segment,OS-RAM,$FFFB81DA,$FB81DA,,ROM,direct,direct-abs.l,V161,static-abs.l,unknown,,1,jsr,,
dal:V161:F13024:FB81D4,,OS+0x13024,unmapped-segment,OS-RAM,$FFFB81D4,$FB81D4,,ROM,direct,direct-abs.l,V161,static-abs.l,unknown,,1,jsr,,
dal:V161:F132DC:FB81DA,,OS+0x132DC,unmapped-segment,OS-RAM,$FFFB81DA,$FB81DA,,ROM,direct,direct-abs.l,V161,static-abs.l,unknown,,1,jsr,,
dal:V161:F132FE:FB81CE,,OS+0x132FE,unmapped-segment,OS-RAM,$FFFB81CE,$FB81CE,,ROM,direct,direct-abs.l,V161,static-abs.l,unknown,,1,jsr,,
dal:V161:F134C6:F92AD6,,OS+0x134C6,unmapped-segment,OS-RAM,$FFF92AD6,$F92AD6,,ROM,direct,direct-abs.l,V161,static-abs.l,unknown,,1,jmp,,
dal:V161:F134CC:F92B6C,,OS+0x134CC,unmapped-segment,OS-RAM,$FFF92B6C,$F92B6C,,ROM,direct,direct-abs.l,V161,static-abs.l,unknown,,1,jsr,,
dal:V161:F13588:F95FDC,,OS+0x13588,unmapped-segment,OS-RAM,$FFF95FDC,$F95FDC,,ROM,direct,direct-abs.l,V161,static-abs.l,unknown,,1,jmp,,
dal:V161:F135DC:F95EAA,,OS+0x135DC,unmapped-segment,OS-RAM,$FFF95EAA,$F95EAA,,ROM,direct,direct-abs.l,V161,static-abs.l,unknown,,1,jsr,,
dal:V161:F137F8:F89CF6,,OS+0x137F8,unmapped-segment,OS-RAM,$FFF89CF6,$F89CF6,,ROM,direct,direct-abs.l,V161,static-abs.l,unknown,,1,jsr,,
dal:V161:F13A7A:FB7C5A,,OS+0x13A7A,unmapped-segment,OS-RAM,$FFFB7C5A,$FB7C5A,,ROM,direct,direct-abs.l,V161,static-abs.l,unknown,,1,jsr,,
dal:V161:F13A8A:FB7EF8,,OS+0x13A8A,unmapped-segment,OS-RAM,$FFFB7EF8,$FB7EF8,,ROM,direct,direct-abs.l,V161,static-abs.l,unknown,,1,jmp,,
dal:V161:F13A92:FB7F04,,OS+0x13A92,unmapped-segment,OS-RAM,$FFFB7F04,$FB7F04,,ROM,direct,direct-abs.l,V161,static-abs.l,unknown,,1,jmp,,
dal:V161:F13A98:FB7E8E,,OS+0x13A98,unmapped-segment,OS-RAM,$FFFB7E8E,$FB7E8E,,ROM,direct,direct-abs.l,V161,static-abs.l,unknown,,1,jmp,,
dal:V161:F13ABC:FB8D78,,OS+0x13ABC,unmapped-segment,OS-RAM,$FFFB8D78,$FB8D78,,ROM,direct,direct-abs.l,V161,static-abs.l,unknown,,1,jsr,,
dal:V161:F13AF6:FB8CFC,,OS+0x13AF6,unmapped-segment,OS-RAM,$FFFB8CFC,$FB8CFC,,ROM,direct,direct-abs.l,V161,static-abs.l,unknown,,1,jsr,,
dal:V161:F13B1A:FB7F88,,OS+0x13B1A,unmapped-segment,OS-RAM,$FFFB7F88,$FB7F88,,ROM,direct,direct-abs.l,V161,static-abs.l,unknown,,1,jsr,,
dal:V161:F13B3E:FB84DA,,OS+0x13B3E,unmapped-segment,OS-RAM,$FFFB84DA,$FB84DA,,ROM,direct,direct-abs.l,V161,static-abs.l,unknown,,1,jsr,,
dal:V161:F13BAE:FBA4FE,,OS+0x13BAE,unmapped-segment,OS-RAM,$FFFBA4FE,$FBA4FE,,ROM,direct,direct-abs.l,V161,static-abs.l,unknown,,1,jsr,,
dal:V161:F13BCC:FB9C20,,OS+0x13BCC,unmapped-segment,OS-RAM,$FFFB9C20,$FB9C20,,ROM,direct,direct-abs.l,V161,static-abs.l,unknown,,1,jsr,,
dal:V161:F13BEA:FB84DA,,OS+0x13BEA,unmapped-segment,OS-RAM,$FFFB84DA,$FB84DA,,ROM,direct,direct-abs.l,V161,static-abs.l,unknown,,1,jsr,,
dal:V161:F13C1E:FB84DA,,OS+0x13C1E,unmapped-segment,OS-RAM,$FFFB84DA,$FB84DA,,ROM,direct,direct-abs.l,V161,static-abs.l,unknown,,1,jsr,,
dal:V161:F13C4A:FB84DA,,OS+0x13C4A,unmapped-segment,OS-RAM,$FFFB84DA,$FB84DA,,ROM,direct,direct-abs.l,V161,static-abs.l,unknown,,1,jsr,,
dal:V161:F13C7E:FB981E,,OS+0x13C7E,unmapped-segment,OS-RAM,$FFFB981E,$FB981E,,ROM,direct,direct-abs.l,V161,static-abs.l,unknown,,1,jsr,,
dal:V161:F13CE0:FBA350,,OS+0x13CE0,unmapped-segment,OS-RAM,$FFFBA350,$FBA350,,ROM,direct,direct-abs.l,V161,static-abs.l,unknown,,1,jsr,,
dal:V161:F13CF4:FB9D8E,,OS+0x13CF4,unmapped-segment,OS-RAM,$FFFB9D8E,$FB9D8E,,ROM,direct,direct-abs.l,V161,static-abs.l,unknown,,1,jmp,,
dal:V161:F13D2C:FB9DB0,,OS+0x13D2C,unmapped-segment,OS-RAM,$FFFB9DB0,$FB9DB0,,ROM,direct,direct-abs.l,V161,static-abs.l,unknown,,1,jmp,,
dal:V161:F13D32:FB9D82,,OS+0x13D32,unmapped-segment,OS-RAM,$FFFB9D82,$FB9D82,,ROM,direct,direct-abs.l,V161,static-abs.l,unknown,,1,jmp,,
dal:V161:F13D38:FB9EB8,,OS+0x13D38,unmapped-segment,OS-RAM,$FFFB9EB8,$FB9EB8,,ROM,direct,direct-abs.l,V161,static-abs.l,unknown,,1,jmp,,
dal:V161:F13F14:F89CF6,,OS+0x13F14,unmapped-segment,OS-RAM,$FFF89CF6,$F89CF6,,ROM,direct,direct-abs.l,V161,static-abs.l,unknown,,1,jsr,,
dal:V161:F141AE:FB7F04,,OS+0x141AE,unmapped-segment,OS-RAM,$FFFB7F04,$FB7F04,,ROM,direct,direct-abs.l,V161,static-abs.l,unknown,,1,jmp,,
dal:V161:F141B4:FB7E8E,,OS+0x141B4,unmapped-segment,OS-RAM,$FFFB7E8E,$FB7E8E,,ROM,direct,direct-abs.l,V161,static-abs.l,unknown,,1,jmp,,
dal:V161:F141D8:FB8D78,,OS+0x141D8,unmapped-segment,OS-RAM,$FFFB8D78,$FB8D78,,ROM,direct,direct-abs.l,V161,static-abs.l,unknown,,1,jsr,,
dal:V161:F14212:FB8CFC,,OS+0x14212,unmapped-segment,OS-RAM,$FFFB8CFC,$FB8CFC,,ROM,direct,direct-abs.l,V161,static-abs.l,unknown,,1,jsr,,
dal:V161:F1425A:FB84DA,,OS+0x1425A,unmapped-segment,OS-RAM,$FFFB84DA,$FB84DA,,ROM,direct,direct-abs.l,V161,static-abs.l,unknown,,1,jsr,,
dal:V161:F142CA:FBA4FE,,OS+0x142CA,unmapped-segment,OS-RAM,$FFFBA4FE,$FBA4FE,,ROM,direct,direct-abs.l,V161,static-abs.l,unknown,,1,jsr,,
dal:V161:F142E8:FB9C20,,OS+0x142E8,unmapped-segment,OS-RAM,$FFFB9C20,$FB9C20,,ROM,direct,direct-abs.l,V161,static-abs.l,unknown,,1,jsr,,
dal:V161:F1433E:FB84DA,,OS+0x1433E,unmapped-segment,OS-RAM,$FFFB84DA,$FB84DA,,ROM,direct,direct-abs.l,V161,static-abs.l,unknown,,1,jsr,,
dal:V161:F1436A:FB84DA,,OS+0x1436A,unmapped-segment,OS-RAM,$FFFB84DA,$FB84DA,,ROM,direct,direct-abs.l,V161,static-abs.l,unknown,,1,jsr,,
dal:V161:F1439E:FB981E,,OS+0x1439E,unmapped-segment,OS-RAM,$FFFB981E,$FB981E,,ROM,direct,direct-abs.l,V161,static-abs.l,unknown,,1,jsr,,
dal:V161:F14400:FBA350,,OS+0x14400,unmapped-segment,OS-RAM,$FFFBA350,$FBA350,,ROM,direct,direct-abs.l,V161,static-abs.l,unknown,,1,jsr,,
dal:V161:F1444C:FB9DB0,,OS+0x1444C,unmapped-segment,OS-RAM,$FFFB9DB0,$FB9DB0,,ROM,direct,direct-abs.l,V161,static-abs.l,unknown,,1,jmp,,
dal:V161:F14452:FB9F82,,OS+0x14452,unmapped-segment,OS-RAM,$FFFB9F82,$FB9F82,,ROM,direct,direct-abs.l,V161,static-abs.l,unknown,,1,jmp,,
dal:V161:F14458:FB9EB8,,OS+0x14458,unmapped-segment,OS-RAM,$FFFB9EB8,$FB9EB8,,ROM,direct,direct-abs.l,V161,static-abs.l,unknown,,1,jmp,,
dal:V161:F158C2:F8C8D6,,OS+0x158C2,unmapped-segment,OS-RAM,$FFF8C8D6,$F8C8D6,,ROM,direct,direct-abs.l,V161,static-abs.l,unknown,,1,jsr,,
dal:V161:F158D4:F8D0C4,,OS+0x158D4,unmapped-segment,OS-RAM,$FFF8D0C4,$F8D0C4,,ROM,direct,direct-abs.l,V161,static-abs.l,unknown,,1,jsr,,
dal:V161:F158E6:F8D0C4,,OS+0x158E6,unmapped-segment,OS-RAM,$FFF8D0C4,$F8D0C4,,ROM,direct,direct-abs.l,V161,static-abs.l,unknown,,1,jsr,,
dal:V161:F158FA:F8D0F0,,OS+0x158FA,unmapped-segment,OS-RAM,$FFF8D0F0,$F8D0F0,,ROM,direct,direct-abs.l,V161,static-abs.l,unknown,,1,jsr,,
dal:V161:F1590E:F8D0F0,,OS+0x1590E,unmapped-segment,OS-RAM,$FFF8D0F0,$F8D0F0,,ROM,direct,direct-abs.l,V161,static-abs.l,unknown,,1,jsr,,
dal:V350:000FA2:F8EA58,$000FA2,OS+0x005A2,mapped-segment1,OS-RAM,$FFF8EA58,$F8EA58,,ROM,direct,direct-abs.l,V350,static-abs.l,unknown,,1,jmp,,
dal:V350:000FA8:F8EBBE,$000FA8,OS+0x005A8,mapped-segment1,OS-RAM,$FFF8EBBE,$F8EBBE,,ROM,direct,direct-abs.l,V350,static-abs.l,unknown,,1,jmp,,
dal:V350:000FAE:F8EBC4,$000FAE,OS+0x005AE,mapped-segment1,OS-RAM,$FFF8EBC4,$F8EBC4,,ROM,direct,direct-abs.l,V350,static-abs.l,unknown,,1,jmp,,
dal:V350:000FB4:F8EC24,$000FB4,OS+0x005B4,mapped-segment1,OS-RAM,$FFF8EC24,$F8EC24,,ROM,direct,direct-abs.l,V350,static-abs.l,unknown,,1,jmp,,
dal:V350:000FBA:F8EC34,$000FBA,OS+0x005BA,mapped-segment1,OS-RAM,$FFF8EC34,$F8EC34,,ROM,direct,direct-abs.l,V350,static-abs.l,unknown,,1,jmp,,
dal:V350:000FC0:F8EC40,$000FC0,OS+0x005C0,mapped-segment1,OS-RAM,$FFF8EC40,$F8EC40,,ROM,direct,direct-abs.l,V350,static-abs.l,unknown,,1,jmp,,
dal:V350:000FC6:F8EC46,$000FC6,OS+0x005C6,mapped-segment1,OS-RAM,$FFF8EC46,$F8EC46,,ROM,direct,direct-abs.l,V350,static-abs.l,unknown,,1,jmp,,
dal:V350:000FD2:F8EAAE,$000FD2,OS+0x005D2,mapped-segment1,OS-RAM,$FFF8EAAE,$F8EAAE,,ROM,direct,direct-abs.l,V350,static-abs.l,unknown,,1,jmp,,
dal:V350:000FD8:F8EAD8,$000FD8,OS+0x005D8,mapped-segment1,OS-RAM,$FFF8EAD8,$F8EAD8,,ROM,direct,direct-abs.l,V350,static-abs.l,unknown,,1,jmp,,
dal:V350:000FDE:F8EAFA,$000FDE,OS+0x005DE,mapped-segment1,OS-RAM,$FFF8EAFA,$F8EAFA,,ROM,direct,direct-abs.l,V350,static-abs.l,unknown,,1,jmp,,
dal:V350:000FE4:F8EB18,$000FE4,OS+0x005E4,mapped-segment1,OS-RAM,$FFF8EB18,$F8EB18,,ROM,direct,direct-abs.l,V350,static-abs.l,unknown,,1,jmp,,
dal:V350:000FEA:F8EB2A,$000FEA,OS+0x005EA,mapped-segment1,OS-RAM,$FFF8EB2A,$F8EB2A,,ROM,direct,direct-abs.l,V350,static-abs.l,unknown,,1,jmp,,
dal:V350:000FF0:F8EB50,$000FF0,OS+0x005F0,mapped-segment1,OS-RAM,$FFF8EB50,$F8EB50,,ROM,direct,direct-abs.l,V350,static-abs.l,unknown,,1,jmp,,
dal:V350:00248A:FB7F30,$00248A,OS+0x01A8A,mapped-segment1,OS-RAM,$FFFB7F30,$FB7F30,,ROM,direct,direct-abs.l,V350,static-abs.l,unknown,,1,jsr,,
dal:V350:0024D8:FB7F30,$0024D8,OS+0x01AD8,mapped-segment1,OS-RAM,$FFFB7F30,$FB7F30,,ROM,direct,direct-abs.l,V350,static-abs.l,unknown,,1,jsr,,
dal:V350:0024EC:FBB584,$0024EC,OS+0x01AEC,mapped-segment1,OS-RAM,$FFFBB584,$FBB584,,ROM,direct,direct-abs.l,V350,static-abs.l,unknown,,1,jsr,,
dal:V350:002B22:FB9C4A,$002B22,OS+0x02122,mapped-segment1,OS-RAM,$FFFB9C4A,$FB9C4A,,ROM,direct,direct-abs.l,V350,static-abs.l,unknown,,1,jmp,,
dal:V350:002B32:FB9C4A,$002B32,OS+0x02132,mapped-segment1,OS-RAM,$FFFB9C4A,$FB9C4A,,ROM,direct,direct-abs.l,V350,static-abs.l,unknown,,1,jmp,,
dal:V350:002B5A:F89170,$002B5A,OS+0x0215A,mapped-segment1,OS-RAM,$FFF89170,$F89170,,ROM,direct,direct-abs.l,V350,static-abs.l,unknown,,1,jsr,,
dal:V350:002D74:F8941C,$002D74,OS+0x02374,mapped-segment1,OS-RAM,$FFF8941C,$F8941C,,ROM,direct,direct-abs.l,V350,static-abs.l,unknown,,1,jsr,,
dal:V350:002E92:F8941C,$002E92,OS+0x02492,mapped-segment1,OS-RAM,$FFF8941C,$F8941C,,ROM,direct,direct-abs.l,V350,static-abs.l,unknown,,1,jsr,,
dal:V350:0031A4:F88516,$0031A4,OS+0x027A4,mapped-segment1,OS-RAM,$FFF88516,$F88516,,ROM,direct,direct-abs.l,V350,static-abs.l,unknown,,1,jsr,,
dal:V350:003804:F89266,$003804,OS+0x02E04,mapped-segment1,OS-RAM,$FFF89266,$F89266,,ROM,direct,direct-abs.l,V350,static-abs.l,unknown,,1,jsr,,
dal:V350:00380E:F8928A,$00380E,OS+0x02E0E,mapped-segment1,OS-RAM,$FFF8928A,$F8928A,,ROM,direct,direct-abs.l,V350,static-abs.l,unknown,,1,jsr,,
dal:V350:003824:F8929A,$003824,OS+0x02E24,mapped-segment1,OS-RAM,$FFF8929A,$F8929A,,ROM,direct,direct-abs.l,V350,static-abs.l,unknown,,1,jmp,,
dal:V350:003838:F8932A,$003838,OS+0x02E38,mapped-segment1,OS-RAM,$FFF8932A,$F8932A,,ROM,direct,direct-abs.l,V350,static-abs.l,unknown,,1,jsr,,
dal:V350:00383E:F892C2,$00383E,OS+0x02E3E,mapped-segment1,OS-RAM,$FFF892C2,$F892C2,,ROM,direct,direct-abs.l,V350,static-abs.l,unknown,,1,jsr,,
dal:V350:00387A:F89348,$00387A,OS+0x02E7A,mapped-segment1,OS-RAM,$FFF89348,$F89348,,ROM,direct,direct-abs.l,V350,static-abs.l,unknown,,1,jmp,,
dal:V350:003898:F8932A,$003898,OS+0x02E98,mapped-segment1,OS-RAM,$FFF8932A,$F8932A,,ROM,direct,direct-abs.l,V350,static-abs.l,unknown,,1,jsr,,
dal:V350:00389E:F892C2,$00389E,OS+0x02E9E,mapped-segment1,OS-RAM,$FFF892C2,$F892C2,,ROM,direct,direct-abs.l,V350,static-abs.l,unknown,,1,jsr,,
dal:V350:00391A:F8A166,$00391A,OS+0x02F1A,mapped-segment1,OS-RAM,$FFF8A166,$F8A166,,ROM,direct,direct-abs.l,V350,static-abs.l,unknown,,1,jsr,,
dal:V350:00392E:F8A0C4,$00392E,OS+0x02F2E,mapped-segment1,OS-RAM,$FFF8A0C4,$F8A0C4,,ROM,direct,direct-abs.l,V350,static-abs.l,unknown,,1,jmp,,
dal:V350:003E1C:F8A80A,$003E1C,OS+0x0341C,mapped-segment1,OS-RAM,$FFF8A80A,$F8A80A,,ROM,direct,direct-abs.l,V350,static-abs.l,unknown,,1,jsr,,
dal:V350:00433E:F8A83E,$00433E,OS+0x0393E,mapped-segment1,OS-RAM,$FFF8A83E,$F8A83E,,ROM,direct,direct-abs.l,V350,static-abs.l,unknown,,1,jsr,,
dal:V350:004770:F8937E,$004770,OS+0x03D70,mapped-segment1,OS-RAM,$FFF8937E,$F8937E,,ROM,direct,direct-abs.l,V350,static-abs.l,unknown,,1,jmp,,
dal:V350:00489A:F8A856,$00489A,OS+0x03E9A,mapped-segment1,OS-RAM,$FFF8A856,$F8A856,,ROM,direct,direct-abs.l,V350,static-abs.l,unknown,,1,jsr,,
dal:V350:0048A2:F8A8CE,$0048A2,OS+0x03EA2,mapped-segment1,OS-RAM,$FFF8A8CE,$F8A8CE,,ROM,direct,direct-abs.l,V350,static-abs.l,unknown,,1,jsr,,
dal:V350:0048A8:F8A868,$0048A8,OS+0x03EA8,mapped-segment1,OS-RAM,$FFF8A868,$F8A868,,ROM,direct,direct-abs.l,V350,static-abs.l,unknown,,1,jsr,,
dal:V350:0048B2:F8A8CE,$0048B2,OS+0x03EB2,mapped-segment1,OS-RAM,$FFF8A8CE,$F8A8CE,,ROM,direct,direct-abs.l,V350,static-abs.l,unknown,,1,jsr,,
dal:V350:004924:F8A87E,$004924,OS+0x03F24,mapped-segment1,OS-RAM,$FFF8A87E,$F8A87E,,ROM,direct,direct-abs.l,V350,static-abs.l,unknown,,1,jsr,,
dal:V350:004A7C:F8A8FC,$004A7C,OS+0x0407C,mapped-segment1,OS-RAM,$FFF8A8FC,$F8A8FC,,ROM,direct,direct-abs.l,V350,static-abs.l,unknown,,1,jsr,,
dal:V350:004AA6:F8A942,$004AA6,OS+0x040A6,mapped-segment1,OS-RAM,$FFF8A942,$F8A942,,ROM,direct,direct-abs.l,V350,static-abs.l,unknown,,1,jsr,,
dal:V350:004AD0:F8A96A,$004AD0,OS+0x040D0,mapped-segment1,OS-RAM,$FFF8A96A,$F8A96A,,ROM,direct,direct-abs.l,V350,static-abs.l,unknown,,1,jsr,,
dal:V350:004B18:F8AA0E,$004B18,OS+0x04118,mapped-segment1,OS-RAM,$FFF8AA0E,$F8AA0E,,ROM,direct,direct-abs.l,V350,static-abs.l,unknown,,1,jsr,,
dal:V350:004B68:F8AA1E,$004B68,OS+0x04168,mapped-segment1,OS-RAM,$FFF8AA1E,$F8AA1E,,ROM,direct,direct-abs.l,V350,static-abs.l,unknown,,1,jsr,,
dal:V350:004BBA:F8AACC,$004BBA,OS+0x041BA,mapped-segment1,OS-RAM,$FFF8AACC,$F8AACC,,ROM,direct,direct-abs.l,V350,static-abs.l,unknown,,1,jmp,,
dal:V350:004E42:F8A8CE,$004E42,OS+0x04442,mapped-segment1,OS-RAM,$FFF8A8CE,$F8A8CE,,ROM,direct,direct-abs.l,V350,static-abs.l,unknown,,1,jsr,,
dal:V350:004E9A:F8A8CE,$004E9A,OS+0x0449A,mapped-segment1,OS-RAM,$FFF8A8CE,$F8A8CE,,ROM,direct,direct-abs.l,V350,static-abs.l,unknown,,1,jsr,,
dal:V350:005026:F8AE98,$005026,OS+0x04626,mapped-segment1,OS-RAM,$FFF8AE98,$F8AE98,,ROM,direct,direct-abs.l,V350,static-abs.l,unknown,,1,jmp,,
dal:V350:005044:F8AB08,$005044,OS+0x04644,mapped-segment1,OS-RAM,$FFF8AB08,$F8AB08,,ROM,direct,direct-abs.l,V350,static-abs.l,unknown,,1,jsr,,
dal:V350:0051E8:F8AB48,$0051E8,OS+0x047E8,mapped-segment1,OS-RAM,$FFF8AB48,$F8AB48,,ROM,direct,direct-abs.l,V350,static-abs.l,unknown,,1,jsr,,
dal:V350:005286:F8AB48,$005286,OS+0x04886,mapped-segment1,OS-RAM,$FFF8AB48,$F8AB48,,ROM,direct,direct-abs.l,V350,static-abs.l,unknown,,1,jsr,,
dal:V350:0052EC:F8AC1A,$0052EC,OS+0x048EC,mapped-segment1,OS-RAM,$FFF8AC1A,$F8AC1A,,ROM,direct,direct-abs.l,V350,static-abs.l,unknown,,1,jsr,,
dal:V350:00539A:F8AB28,$00539A,OS+0x0499A,mapped-segment1,OS-RAM,$FFF8AB28,$F8AB28,,ROM,direct,direct-abs.l,V350,static-abs.l,unknown,,1,jmp,,
dal:V350:0053A0:F8AB5A,$0053A0,OS+0x049A0,mapped-segment1,OS-RAM,$FFF8AB5A,$F8AB5A,,ROM,direct,direct-abs.l,V350,static-abs.l,unknown,,1,jmp,,
dal:V350:0053F4:F8AB48,$0053F4,OS+0x049F4,mapped-segment1,OS-RAM,$FFF8AB48,$F8AB48,,ROM,direct,direct-abs.l,V350,static-abs.l,unknown,,1,jsr,,
dal:V350:005432:F8AC2C,$005432,OS+0x04A32,mapped-segment1,OS-RAM,$FFF8AC2C,$F8AC2C,,ROM,direct,direct-abs.l,V350,static-abs.l,unknown,,1,jmp,,
dal:V350:00543E:F8AC92,$00543E,OS+0x04A3E,mapped-segment1,OS-RAM,$FFF8AC92,$F8AC92,,ROM,direct,direct-abs.l,V350,static-abs.l,unknown,,1,jmp,,
dal:V350:00544E:F8ACF6,$00544E,OS+0x04A4E,mapped-segment1,OS-RAM,$FFF8ACF6,$F8ACF6,,ROM,direct,direct-abs.l,V350,static-abs.l,unknown,,1,jsr,,
dal:V350:005458:F8ACEA,$005458,OS+0x04A58,mapped-segment1,OS-RAM,$FFF8ACEA,$F8ACEA,,ROM,direct,direct-abs.l,V350,static-abs.l,unknown,,1,jmp,,
dal:V350:0054F4:F8B3B4,$0054F4,OS+0x04AF4,mapped-segment1,OS-RAM,$FFF8B3B4,$F8B3B4,,ROM,direct,direct-abs.l,V350,static-abs.l,unknown,,1,jsr,,
dal:V350:005778:F8AD52,$005778,OS+0x04D78,mapped-segment1,OS-RAM,$FFF8AD52,$F8AD52,,ROM,direct,direct-abs.l,V350,static-abs.l,unknown,,1,jsr,,
dal:V350:0059A4:F937D6,$0059A4,OS+0x04FA4,mapped-segment1,OS-RAM,$FFF937D6,$F937D6,,ROM,direct,direct-abs.l,V350,static-abs.l,unknown,,1,jsr,,
dal:V350:005F58:F8AD78,$005F58,OS+0x05558,mapped-segment1,OS-RAM,$FFF8AD78,$F8AD78,,ROM,direct,direct-abs.l,V350,static-abs.l,unknown,,1,jsr,,
dal:V350:005F62:F8AD78,$005F62,OS+0x05562,mapped-segment1,OS-RAM,$FFF8AD78,$F8AD78,,ROM,direct,direct-abs.l,V350,static-abs.l,unknown,,1,jsr,,
dal:V350:005F94:F8ADAC,$005F94,OS+0x05594,mapped-segment1,OS-RAM,$FFF8ADAC,$F8ADAC,,ROM,direct,direct-abs.l,V350,static-abs.l,unknown,,1,jsr,,
dal:V350:006046:F8ADC6,$006046,OS+0x05646,mapped-segment1,OS-RAM,$FFF8ADC6,$F8ADC6,,ROM,direct,direct-abs.l,V350,static-abs.l,unknown,,1,jmp,,
dal:V350:006052:F8B928,$006052,OS+0x05652,mapped-segment1,OS-RAM,$FFF8B928,$F8B928,,ROM,direct,direct-abs.l,V350,static-abs.l,unknown,,1,jmp,,
dal:V350:006324:F8B9C8,$006324,OS+0x05924,mapped-segment1,OS-RAM,$FFF8B9C8,$F8B9C8,,ROM,direct,direct-abs.l,V350,static-abs.l,unknown,,1,jsr,,
dal:V350:0063D8:F8BD36,$0063D8,OS+0x059D8,mapped-segment1,OS-RAM,$FFF8BD36,$F8BD36,,ROM,direct,direct-abs.l,V350,static-abs.l,unknown,,1,jmp,,
dal:V350:0063DE:F8BD36,$0063DE,OS+0x059DE,mapped-segment1,OS-RAM,$FFF8BD36,$F8BD36,,ROM,direct,direct-abs.l,V350,static-abs.l,unknown,,1,jsr,,
dal:V350:006406:F8B7A2,$006406,OS+0x05A06,mapped-segment1,OS-RAM,$FFF8B7A2,$F8B7A2,,ROM,direct,direct-abs.l,V350,static-abs.l,unknown,,1,jsr,,
dal:V350:006424:F8C07C,$006424,OS+0x05A24,mapped-segment1,OS-RAM,$FFF8C07C,$F8C07C,,ROM,direct,direct-abs.l,V350,static-abs.l,unknown,,1,jmp,,
dal:V350:006430:F8C16C,$006430,OS+0x05A30,mapped-segment1,OS-RAM,$FFF8C16C,$F8C16C,,ROM,direct,direct-abs.l,V350,static-abs.l,unknown,,1,jmp,,
dal:V350:006436:F8C188,$006436,OS+0x05A36,mapped-segment1,OS-RAM,$FFF8C188,$F8C188,,ROM,direct,direct-abs.l,V350,static-abs.l,unknown,,1,jmp,,
dal:V350:00644C:F8C0E6,$00644C,OS+0x05A4C,mapped-segment1,OS-RAM,$FFF8C0E6,$F8C0E6,,ROM,direct,direct-abs.l,V350,static-abs.l,unknown,,1,jsr,,
dal:V350:0064C4:F87FD2,$0064C4,OS+0x05AC4,mapped-segment1,OS-RAM,$FFF87FD2,$F87FD2,,ROM,direct,direct-abs.l,V350,static-abs.l,unknown,,1,jsr,,
dal:V350:006832:F8DC2E,$006832,OS+0x05E32,mapped-segment1,OS-RAM,$FFF8DC2E,$F8DC2E,,ROM,direct,direct-abs.l,V350,static-abs.l,unknown,,1,jsr,,
dal:V350:0068DA:F8DB4C,$0068DA,OS+0x05EDA,mapped-segment1,OS-RAM,$FFF8DB4C,$F8DB4C,,ROM,direct,direct-abs.l,V350,static-abs.l,unknown,,1,jsr,,
dal:V350:006954:F8D920,$006954,OS+0x05F54,mapped-segment1,OS-RAM,$FFF8D920,$F8D920,,ROM,direct,direct-abs.l,V350,static-abs.l,unknown,,1,jsr,,
dal:V350:00695E:F8D992,$00695E,OS+0x05F5E,mapped-segment1,OS-RAM,$FFF8D992,$F8D992,,ROM,direct,direct-abs.l,V350,static-abs.l,unknown,,1,jsr,,
dal:V350:006968:F8D9DE,$006968,OS+0x05F68,mapped-segment1,OS-RAM,$FFF8D9DE,$F8D9DE,,ROM,direct,direct-abs.l,V350,static-abs.l,unknown,,1,jsr,,
dal:V350:006972:F8DA58,$006972,OS+0x05F72,mapped-segment1,OS-RAM,$FFF8DA58,$F8DA58,,ROM,direct,direct-abs.l,V350,static-abs.l,unknown,,1,jsr,,
dal:V350:00697C:F8DA98,$00697C,OS+0x05F7C,mapped-segment1,OS-RAM,$FFF8DA98,$F8DA98,,ROM,direct,direct-abs.l,V350,static-abs.l,unknown,,1,jsr,,
dal:V350:006A26:F97662,$006A26,OS+0x06026,mapped-segment1,OS-RAM,$FFF97662,$F97662,,ROM,direct,direct-abs.l,V350,static-abs.l,unknown,,1,jsr,,
dal:V350:00716C:F90404,$00716C,OS+0x0676C,mapped-segment1,OS-RAM,$FFF90404,$F90404,,ROM,direct,direct-abs.l,V350,static-abs.l,unknown,,1,jmp,,
dal:V350:00717A:F93120,$00717A,OS+0x0677A,mapped-segment1,OS-RAM,$FFF93120,$F93120,,ROM,direct,direct-abs.l,V350,static-abs.l,unknown,,1,jsr,,
dal:V350:00718C:F94B60,$00718C,OS+0x0678C,mapped-segment1,OS-RAM,$FFF94B60,$F94B60,,ROM,direct,direct-abs.l,V350,static-abs.l,unknown,,1,jmp,,
dal:V350:0072C0:F97718,$0072C0,OS+0x068C0,mapped-segment1,OS-RAM,$FFF97718,$F97718,,ROM,direct,direct-abs.l,V350,static-abs.l,unknown,,1,jsr,,
dal:V350:0072D4:F97662,$0072D4,OS+0x068D4,mapped-segment1,OS-RAM,$FFF97662,$F97662,,ROM,direct,direct-abs.l,V350,static-abs.l,unknown,,1,jmp,,
dal:V350:0072DE:F9772A,$0072DE,OS+0x068DE,mapped-segment1,OS-RAM,$FFF9772A,$F9772A,,ROM,direct,direct-abs.l,V350,static-abs.l,unknown,,1,jsr,,
dal:V350:007302:F976CA,$007302,OS+0x06902,mapped-segment1,OS-RAM,$FFF976CA,$F976CA,,ROM,direct,direct-abs.l,V350,static-abs.l,unknown,,1,jmp,,
dal:V350:00736C:F97BD2,$00736C,OS+0x0696C,mapped-segment1,OS-RAM,$FFF97BD2,$F97BD2,,ROM,direct,direct-abs.l,V350,static-abs.l,unknown,,1,jsr,,
dal:V350:00737C:F97C2E,$00737C,OS+0x0697C,mapped-segment1,OS-RAM,$FFF97C2E,$F97C2E,,ROM,direct,direct-abs.l,V350,static-abs.l,unknown,,1,jmp,,
dal:V350:007382:F97CA4,$007382,OS+0x06982,mapped-segment1,OS-RAM,$FFF97CA4,$F97CA4,,ROM,direct,direct-abs.l,V350,static-abs.l,unknown,,1,jmp,,
dal:V350:007388:F97CAC,$007388,OS+0x06988,mapped-segment1,OS-RAM,$FFF97CAC,$F97CAC,,ROM,direct,direct-abs.l,V350,static-abs.l,unknown,,1,jmp,,
dal:V350:00738E:F8D01A,$00738E,OS+0x0698E,mapped-segment1,OS-RAM,$FFF8D01A,$F8D01A,,ROM,direct,direct-abs.l,V350,static-abs.l,unknown,,1,jsr,,
dal:V350:007398:F8E570,$007398,OS+0x06998,mapped-segment1,OS-RAM,$FFF8E570,$F8E570,,ROM,direct,direct-abs.l,V350,static-abs.l,unknown,,1,jsr,,
dal:V350:0073A2:F8DEB2,$0073A2,OS+0x069A2,mapped-segment1,OS-RAM,$FFF8DEB2,$F8DEB2,,ROM,direct,direct-abs.l,V350,static-abs.l,unknown,,1,jsr,,
dal:V350:007446:F8C888,$007446,OS+0x06A46,mapped-segment1,OS-RAM,$FFF8C888,$F8C888,,ROM,direct,direct-abs.l,V350,static-abs.l,unknown,,1,jsr,,
dal:V350:00749A:F8C55E,$00749A,OS+0x06A9A,mapped-segment1,OS-RAM,$FFF8C55E,$F8C55E,,ROM,direct,direct-abs.l,V350,static-abs.l,unknown,,1,jsr,,
dal:V350:007514:F8CAB4,$007514,OS+0x06B14,mapped-segment1,OS-RAM,$FFF8CAB4,$F8CAB4,,ROM,direct,direct-abs.l,V350,static-abs.l,unknown,,1,jsr,,
dal:V350:007526:F8CAB4,$007526,OS+0x06B26,mapped-segment1,OS-RAM,$FFF8CAB4,$F8CAB4,,ROM,direct,direct-abs.l,V350,static-abs.l,unknown,,1,jsr,,
dal:V350:007602:F8C55E,$007602,OS+0x06C02,mapped-segment1,OS-RAM,$FFF8C55E,$F8C55E,,ROM,direct,direct-abs.l,V350,static-abs.l,unknown,,1,jsr,,
dal:V350:00764A:F8CAB4,$00764A,OS+0x06C4A,mapped-segment1,OS-RAM,$FFF8CAB4,$F8CAB4,,ROM,direct,direct-abs.l,V350,static-abs.l,unknown,,1,jsr,,
dal:V350:007686:F8CAB4,$007686,OS+0x06C86,mapped-segment1,OS-RAM,$FFF8CAB4,$F8CAB4,,ROM,direct,direct-abs.l,V350,static-abs.l,unknown,,1,jsr,,
dal:V350:0076C8:F8CAB4,$0076C8,OS+0x06CC8,mapped-segment1,OS-RAM,$FFF8CAB4,$F8CAB4,,ROM,direct,direct-abs.l,V350,static-abs.l,unknown,,1,jsr,,
dal:V350:0076FC:F8C854,$0076FC,OS+0x06CFC,mapped-segment1,OS-RAM,$FFF8C854,$F8C854,,ROM,direct,direct-abs.l,V350,static-abs.l,unknown,,1,jsr,,
dal:V350:007756:F8C55E,$007756,OS+0x06D56,mapped-segment1,OS-RAM,$FFF8C55E,$F8C55E,,ROM,direct,direct-abs.l,V350,static-abs.l,unknown,,1,jsr,,
dal:V350:00777A:F8CAB4,$00777A,OS+0x06D7A,mapped-segment1,OS-RAM,$FFF8CAB4,$F8CAB4,,ROM,direct,direct-abs.l,V350,static-abs.l,unknown,,1,jsr,,
dal:V350:007798:F8C59C,$007798,OS+0x06D98,mapped-segment1,OS-RAM,$FFF8C59C,$F8C59C,,ROM,direct,direct-abs.l,V350,static-abs.l,unknown,,1,jsr,,
dal:V350:0077BA:F8C5E6,$0077BA,OS+0x06DBA,mapped-segment1,OS-RAM,$FFF8C5E6,$F8C5E6,,ROM,direct,direct-abs.l,V350,static-abs.l,unknown,,1,jmp,,
dal:V350:007958:F8C854,$007958,OS+0x06F58,mapped-segment1,OS-RAM,$FFF8C854,$F8C854,,ROM,direct,direct-abs.l,V350,static-abs.l,unknown,,1,jsr,,
dal:V350:007CE6:F8CAB4,$007CE6,OS+0x072E6,mapped-segment1,OS-RAM,$FFF8CAB4,$F8CAB4,,ROM,direct,direct-abs.l,V350,static-abs.l,unknown,,1,jsr,,
dal:V350:007D74:F8D19E,$007D74,OS+0x07374,mapped-segment1,OS-RAM,$FFF8D19E,$F8D19E,,ROM,direct,direct-abs.l,V350,static-abs.l,unknown,,1,jsr,,
dal:V350:007D86:F8D274,$007D86,OS+0x07386,mapped-segment1,OS-RAM,$FFF8D274,$F8D274,,ROM,direct,direct-abs.l,V350,static-abs.l,unknown,,1,jsr,,
dal:V350:007D8C:F8D4E8,$007D8C,OS+0x0738C,mapped-segment1,OS-RAM,$FFF8D4E8,$F8D4E8,,ROM,direct,direct-abs.l,V350,static-abs.l,unknown,,1,jsr,,
dal:V350:007DDA:F8D490,$007DDA,OS+0x073DA,mapped-segment1,OS-RAM,$FFF8D490,$F8D490,,ROM,direct,direct-abs.l,V350,static-abs.l,unknown,,1,jsr,,
dal:V350:007E2A:F8D3C6,$007E2A,OS+0x0742A,mapped-segment1,OS-RAM,$FFF8D3C6,$F8D3C6,,ROM,direct,direct-abs.l,V350,static-abs.l,unknown,,1,jsr,,
dal:V350:007E34:F8D4E8,$007E34,OS+0x07434,mapped-segment1,OS-RAM,$FFF8D4E8,$F8D4E8,,ROM,direct,direct-abs.l,V350,static-abs.l,unknown,,1,jsr,,
dal:V350:007EC0:F8D626,$007EC0,OS+0x074C0,mapped-segment1,OS-RAM,$FFF8D626,$F8D626,,ROM,direct,direct-abs.l,V350,static-abs.l,unknown,,1,jsr,,
dal:V350:007ECE:F8D68A,$007ECE,OS+0x074CE,mapped-segment1,OS-RAM,$FFF8D68A,$F8D68A,,ROM,direct,direct-abs.l,V350,static-abs.l,unknown,,1,jsr,,
dal:V350:007EDE:F8D68A,$007EDE,OS+0x074DE,mapped-segment1,OS-RAM,$FFF8D68A,$F8D68A,,ROM,direct,direct-abs.l,V350,static-abs.l,unknown,,1,jsr,,
dal:V350:007EEE:F8D78C,$007EEE,OS+0x074EE,mapped-segment1,OS-RAM,$FFF8D78C,$F8D78C,,ROM,direct,direct-abs.l,V350,static-abs.l,unknown,,1,jsr,,
dal:V350:007EFE:F8D7B0,$007EFE,OS+0x074FE,mapped-segment1,OS-RAM,$FFF8D7B0,$F8D7B0,,ROM,direct,direct-abs.l,V350,static-abs.l,unknown,,1,jsr,,
dal:V350:007F0C:F8D750,$007F0C,OS+0x0750C,mapped-segment1,OS-RAM,$FFF8D750,$F8D750,,ROM,direct,direct-abs.l,V350,static-abs.l,unknown,,1,jsr,,
dal:V350:007F1A:F8D660,$007F1A,OS+0x0751A,mapped-segment1,OS-RAM,$FFF8D660,$F8D660,,ROM,direct,direct-abs.l,V350,static-abs.l,unknown,,1,jsr,,
dal:V350:007F2A:F8D802,$007F2A,OS+0x0752A,mapped-segment1,OS-RAM,$FFF8D802,$F8D802,,ROM,direct,direct-abs.l,V350,static-abs.l,unknown,,1,jsr,,
dal:V350:007F38:F8D826,$007F38,OS+0x07538,mapped-segment1,OS-RAM,$FFF8D826,$F8D826,,ROM,direct,direct-abs.l,V350,static-abs.l,unknown,,1,jsr,,
dal:V350:008024:F97718,$008024,OS+0x07624,mapped-segment1,OS-RAM,$FFF97718,$F97718,,ROM,direct,direct-abs.l,V350,static-abs.l,unknown,,1,jmp,,
dal:V350:00802A:F9772A,$00802A,OS+0x0762A,mapped-segment1,OS-RAM,$FFF9772A,$F9772A,,ROM,direct,direct-abs.l,V350,static-abs.l,unknown,,1,jmp,,
dal:V350:008030:F97662,$008030,OS+0x07630,mapped-segment1,OS-RAM,$FFF97662,$F97662,,ROM,direct,direct-abs.l,V350,static-abs.l,unknown,,1,jmp,,
dal:V350:008036:F976CA,$008036,OS+0x07636,mapped-segment1,OS-RAM,$FFF976CA,$F976CA,,ROM,direct,direct-abs.l,V350,static-abs.l,unknown,,1,jmp,,
dal:V350:00803C:F977DC,$00803C,OS+0x0763C,mapped-segment1,OS-RAM,$FFF977DC,$F977DC,,ROM,direct,direct-abs.l,V350,static-abs.l,unknown,,1,jmp,,
dal:V350:008042:FB7788,$008042,OS+0x07642,mapped-segment1,OS-RAM,$FFFB7788,$FB7788,,ROM,direct,direct-abs.l,V350,static-abs.l,unknown,,1,jmp,,
dal:V350:00863E:F88438,$00863E,OS+0x07C3E,mapped-segment1,OS-RAM,$FFF88438,$F88438,,ROM,direct,direct-abs.l,V350,static-abs.l,unknown,,1,jmp,,
dal:V350:0086D0:F885C6,$0086D0,OS+0x07CD0,mapped-segment1,OS-RAM,$FFF885C6,$F885C6,,ROM,direct,direct-abs.l,V350,static-abs.l,unknown,,1,jmp,,
dal:V350:0086D6:F88784,$0086D6,OS+0x07CD6,mapped-segment1,OS-RAM,$FFF88784,$F88784,,ROM,direct,direct-abs.l,V350,static-abs.l,unknown,,1,jmp,,
dal:V350:0086DC:F8855E,$0086DC,OS+0x07CDC,mapped-segment1,OS-RAM,$FFF8855E,$F8855E,,ROM,direct,direct-abs.l,V350,static-abs.l,unknown,,1,jmp,,
dal:V350:0086E2:F88512,$0086E2,OS+0x07CE2,mapped-segment1,OS-RAM,$FFF88512,$F88512,,ROM,direct,direct-abs.l,V350,static-abs.l,unknown,,1,jmp,,
dal:V350:0086E8:F8854A,$0086E8,OS+0x07CE8,mapped-segment1,OS-RAM,$FFF8854A,$F8854A,,ROM,direct,direct-abs.l,V350,static-abs.l,unknown,,1,jmp,,
dal:V350:0086EE:F88818,$0086EE,OS+0x07CEE,mapped-segment1,OS-RAM,$FFF88818,$F88818,,ROM,direct,direct-abs.l,V350,static-abs.l,unknown,,1,jmp,,
dal:V350:00877E:F889B2,$00877E,OS+0x07D7E,mapped-segment1,OS-RAM,$FFF889B2,$F889B2,,ROM,direct,direct-abs.l,V350,static-abs.l,unknown,,1,jmp,,
dal:V350:008798:F88458,$008798,OS+0x07D98,mapped-segment1,OS-RAM,$FFF88458,$F88458,,ROM,direct,direct-abs.l,V350,static-abs.l,unknown,,1,jmp,,
dal:V350:00879E:F8892A,$00879E,OS+0x07D9E,mapped-segment1,OS-RAM,$FFF8892A,$F8892A,,ROM,direct,direct-abs.l,V350,static-abs.l,unknown,,1,jmp,,
dal:V350:0087A4:F8891C,$0087A4,OS+0x07DA4,mapped-segment1,OS-RAM,$FFF8891C,$F8891C,,ROM,direct,direct-abs.l,V350,static-abs.l,unknown,,1,jmp,,
dal:V350:0087AA:F88934,$0087AA,OS+0x07DAA,mapped-segment1,OS-RAM,$FFF88934,$F88934,,ROM,direct,direct-abs.l,V350,static-abs.l,unknown,,1,jmp,,
dal:V350:008822:F891E4,$008822,OS+0x07E22,mapped-segment1,OS-RAM,$FFF891E4,$F891E4,,ROM,direct,direct-abs.l,V350,static-abs.l,unknown,,1,jmp,,
dal:V350:008828:F8920A,$008828,OS+0x07E28,mapped-segment1,OS-RAM,$FFF8920A,$F8920A,,ROM,direct,direct-abs.l,V350,static-abs.l,unknown,,1,jmp,,
dal:V350:00885E:F89354,$00885E,OS+0x07E5E,mapped-segment1,OS-RAM,$FFF89354,$F89354,,ROM,direct,direct-abs.l,V350,static-abs.l,unknown,,1,jmp,,
dal:V350:008886:F8938E,$008886,OS+0x07E86,mapped-segment1,OS-RAM,$FFF8938E,$F8938E,,ROM,direct,direct-abs.l,V350,static-abs.l,unknown,,1,jmp,,
dal:V350:0088D6:F8974C,$0088D6,OS+0x07ED6,mapped-segment1,OS-RAM,$FFF8974C,$F8974C,,ROM,direct,direct-abs.l,V350,static-abs.l,unknown,,1,jmp,,
dal:V350:0088E2:F89A34,$0088E2,OS+0x07EE2,mapped-segment1,OS-RAM,$FFF89A34,$F89A34,,ROM,direct,direct-abs.l,V350,static-abs.l,unknown,,1,jmp,,
dal:V350:0088E8:F89A5A,$0088E8,OS+0x07EE8,mapped-segment1,OS-RAM,$FFF89A5A,$F89A5A,,ROM,direct,direct-abs.l,V350,static-abs.l,unknown,,1,jmp,,
dal:V350:008934:F89AD4,$008934,OS+0x07F34,mapped-segment1,OS-RAM,$FFF89AD4,$F89AD4,,ROM,direct,direct-abs.l,V350,static-abs.l,unknown,,1,jmp,,
dal:V350:008946:F89B9A,$008946,OS+0x07F46,mapped-segment1,OS-RAM,$FFF89B9A,$F89B9A,,ROM,direct,direct-abs.l,V350,static-abs.l,unknown,,1,jmp,,
dal:V350:008950:F8A002,$008950,OS+0x07F50,mapped-segment1,OS-RAM,$FFF8A002,$F8A002,,ROM,direct,direct-abs.l,V350,static-abs.l,unknown,,1,jsr,,
dal:V350:008960:F8A0F6,$008960,OS+0x07F60,mapped-segment1,OS-RAM,$FFF8A0F6,$F8A0F6,,ROM,direct,direct-abs.l,V350,static-abs.l,unknown,,1,jmp,,
dal:V350:008966:F8A11C,$008966,OS+0x07F66,mapped-segment1,OS-RAM,$FFF8A11C,$F8A11C,,ROM,direct,direct-abs.l,V350,static-abs.l,unknown,,1,jmp,,
dal:V350:00896C:F8A246,$00896C,OS+0x07F6C,mapped-segment1,OS-RAM,$FFF8A246,$F8A246,,ROM,direct,direct-abs.l,V350,static-abs.l,unknown,,1,jmp,,
dal:V350:008972:F8A44E,$008972,OS+0x07F72,mapped-segment1,OS-RAM,$FFF8A44E,$F8A44E,,ROM,direct,direct-abs.l,V350,static-abs.l,unknown,,1,jmp,,
dal:V350:00897E:F8A69E,$00897E,OS+0x07F7E,mapped-segment1,OS-RAM,$FFF8A69E,$F8A69E,,ROM,direct,direct-abs.l,V350,static-abs.l,unknown,,1,jmp,,
dal:V350:008984:F8A6F4,$008984,OS+0x07F84,mapped-segment1,OS-RAM,$FFF8A6F4,$F8A6F4,,ROM,direct,direct-abs.l,V350,static-abs.l,unknown,,1,jmp,,
dal:V350:00898A:F8A71A,$00898A,OS+0x07F8A,mapped-segment1,OS-RAM,$FFF8A71A,$F8A71A,,ROM,direct,direct-abs.l,V350,static-abs.l,unknown,,1,jmp,,
dal:V350:008990:F8A6FE,$008990,OS+0x07F90,mapped-segment1,OS-RAM,$FFF8A6FE,$F8A6FE,,ROM,direct,direct-abs.l,V350,static-abs.l,unknown,,1,jmp,,
dal:V350:008996:F8A72C,$008996,OS+0x07F96,mapped-segment1,OS-RAM,$FFF8A72C,$F8A72C,,ROM,direct,direct-abs.l,V350,static-abs.l,unknown,,1,jmp,,
dal:V350:0089BA:F8A7DC,$0089BA,OS+0x07FBA,mapped-segment1,OS-RAM,$FFF8A7DC,$F8A7DC,,ROM,direct,direct-abs.l,V350,static-abs.l,unknown,,1,jmp,,
dal:V350:008BCA:F8B152,$008BCA,OS+0x081CA,mapped-segment1,OS-RAM,$FFF8B152,$F8B152,,ROM,direct,direct-abs.l,V350,static-abs.l,unknown,,1,jmp,,
dal:V350:008BD0:F8B6FC,$008BD0,OS+0x081D0,mapped-segment1,OS-RAM,$FFF8B6FC,$F8B6FC,,ROM,direct,direct-abs.l,V350,static-abs.l,unknown,,1,jmp,,
dal:V350:008BD6:F8B0EA,$008BD6,OS+0x081D6,mapped-segment1,OS-RAM,$FFF8B0EA,$F8B0EA,,ROM,direct,direct-abs.l,V350,static-abs.l,unknown,,1,jmp,,
dal:V350:008BDC:F8B11E,$008BDC,OS+0x081DC,mapped-segment1,OS-RAM,$FFF8B11E,$F8B11E,,ROM,direct,direct-abs.l,V350,static-abs.l,unknown,,1,jmp,,
dal:V350:008BE2:F8B188,$008BE2,OS+0x081E2,mapped-segment1,OS-RAM,$FFF8B188,$F8B188,,ROM,direct,direct-abs.l,V350,static-abs.l,unknown,,1,jmp,,
dal:V350:008BE8:F8B198,$008BE8,OS+0x081E8,mapped-segment1,OS-RAM,$FFF8B198,$F8B198,,ROM,direct,direct-abs.l,V350,static-abs.l,unknown,,1,jmp,,
dal:V350:008BEE:F8B1C0,$008BEE,OS+0x081EE,mapped-segment1,OS-RAM,$FFF8B1C0,$F8B1C0,,ROM,direct,direct-abs.l,V350,static-abs.l,unknown,,1,jmp,,
dal:V350:008BF4:F8B1F0,$008BF4,OS+0x081F4,mapped-segment1,OS-RAM,$FFF8B1F0,$F8B1F0,,ROM,direct,direct-abs.l,V350,static-abs.l,unknown,,1,jmp,,
dal:V350:008BFA:F8B262,$008BFA,OS+0x081FA,mapped-segment1,OS-RAM,$FFF8B262,$F8B262,,ROM,direct,direct-abs.l,V350,static-abs.l,unknown,,1,jmp,,
dal:V350:008C00:F8B28E,$008C00,OS+0x08200,mapped-segment1,OS-RAM,$FFF8B28E,$F8B28E,,ROM,direct,direct-abs.l,V350,static-abs.l,unknown,,1,jmp,,
dal:V350:008C06:F8B2BA,$008C06,OS+0x08206,mapped-segment1,OS-RAM,$FFF8B2BA,$F8B2BA,,ROM,direct,direct-abs.l,V350,static-abs.l,unknown,,1,jmp,,
dal:V350:008C0C:F8B2E2,$008C0C,OS+0x0820C,mapped-segment1,OS-RAM,$FFF8B2E2,$F8B2E2,,ROM,direct,direct-abs.l,V350,static-abs.l,unknown,,1,jmp,,
dal:V350:008C12:F8B316,$008C12,OS+0x08212,mapped-segment1,OS-RAM,$FFF8B316,$F8B316,,ROM,direct,direct-abs.l,V350,static-abs.l,unknown,,1,jmp,,
dal:V350:008C18:F8B2FC,$008C18,OS+0x08218,mapped-segment1,OS-RAM,$FFF8B2FC,$F8B2FC,,ROM,direct,direct-abs.l,V350,static-abs.l,unknown,,1,jmp,,
dal:V350:008C1E:F8B328,$008C1E,OS+0x0821E,mapped-segment1,OS-RAM,$FFF8B328,$F8B328,,ROM,direct,direct-abs.l,V350,static-abs.l,unknown,,1,jmp,,
dal:V350:008C24:F8B37A,$008C24,OS+0x08224,mapped-segment1,OS-RAM,$FFF8B37A,$F8B37A,,ROM,direct,direct-abs.l,V350,static-abs.l,unknown,,1,jmp,,
dal:V350:008C2A:F8B394,$008C2A,OS+0x0822A,mapped-segment1,OS-RAM,$FFF8B394,$F8B394,,ROM,direct,direct-abs.l,V350,static-abs.l,unknown,,1,jmp,,
dal:V350:008C30:F8B3F0,$008C30,OS+0x08230,mapped-segment1,OS-RAM,$FFF8B3F0,$F8B3F0,,ROM,direct,direct-abs.l,V350,static-abs.l,unknown,,1,jmp,,
dal:V350:008C36:F8B3D0,$008C36,OS+0x08236,mapped-segment1,OS-RAM,$FFF8B3D0,$F8B3D0,,ROM,direct,direct-abs.l,V350,static-abs.l,unknown,,1,jmp,,
dal:V350:008C3C:F8B504,$008C3C,OS+0x0823C,mapped-segment1,OS-RAM,$FFF8B504,$F8B504,,ROM,direct,direct-abs.l,V350,static-abs.l,unknown,,1,jmp,,
dal:V350:008C42:F8B418,$008C42,OS+0x08242,mapped-segment1,OS-RAM,$FFF8B418,$F8B418,,ROM,direct,direct-abs.l,V350,static-abs.l,unknown,,1,jmp,,
dal:V350:008C48:F8B44A,$008C48,OS+0x08248,mapped-segment1,OS-RAM,$FFF8B44A,$F8B44A,,ROM,direct,direct-abs.l,V350,static-abs.l,unknown,,1,jmp,,
dal:V350:008C4E:F8B488,$008C4E,OS+0x0824E,mapped-segment1,OS-RAM,$FFF8B488,$F8B488,,ROM,direct,direct-abs.l,V350,static-abs.l,unknown,,1,jmp,,
dal:V350:008C54:F8B470,$008C54,OS+0x08254,mapped-segment1,OS-RAM,$FFF8B470,$F8B470,,ROM,direct,direct-abs.l,V350,static-abs.l,unknown,,1,jmp,,
dal:V350:008C5A:F8B4A0,$008C5A,OS+0x0825A,mapped-segment1,OS-RAM,$FFF8B4A0,$F8B4A0,,ROM,direct,direct-abs.l,V350,static-abs.l,unknown,,1,jmp,,
dal:V350:008C60:F8B568,$008C60,OS+0x08260,mapped-segment1,OS-RAM,$FFF8B568,$F8B568,,ROM,direct,direct-abs.l,V350,static-abs.l,unknown,,1,jmp,,
dal:V350:008C66:F8B594,$008C66,OS+0x08266,mapped-segment1,OS-RAM,$FFF8B594,$F8B594,,ROM,direct,direct-abs.l,V350,static-abs.l,unknown,,1,jmp,,
dal:V350:008C6C:F8B62C,$008C6C,OS+0x0826C,mapped-segment1,OS-RAM,$FFF8B62C,$F8B62C,,ROM,direct,direct-abs.l,V350,static-abs.l,unknown,,1,jmp,,
dal:V350:008C78:F8B674,$008C78,OS+0x08278,mapped-segment1,OS-RAM,$FFF8B674,$F8B674,,ROM,direct,direct-abs.l,V350,static-abs.l,unknown,,1,jmp,,
dal:V350:008C7E:F8B68C,$008C7E,OS+0x0827E,mapped-segment1,OS-RAM,$FFF8B68C,$F8B68C,,ROM,direct,direct-abs.l,V350,static-abs.l,unknown,,1,jmp,,
dal:V350:008D06:F8BCAC,$008D06,OS+0x08306,mapped-segment1,OS-RAM,$FFF8BCAC,$F8BCAC,,ROM,direct,direct-abs.l,V350,static-abs.l,unknown,,1,jmp,,
dal:V350:008D44:F8C0CE,$008D44,OS+0x08344,mapped-segment1,OS-RAM,$FFF8C0CE,$F8C0CE,,ROM,direct,direct-abs.l,V350,static-abs.l,unknown,,1,jmp,,
dal:V350:008D50:F8C1BE,$008D50,OS+0x08350,mapped-segment1,OS-RAM,$FFF8C1BE,$F8C1BE,,ROM,direct,direct-abs.l,V350,static-abs.l,unknown,,1,jmp,,
dal:V350:008DCC:F8C412,$008DCC,OS+0x083CC,mapped-segment1,OS-RAM,$FFF8C412,$F8C412,,ROM,direct,direct-abs.l,V350,static-abs.l,unknown,,1,jmp,,
dal:V350:008E38:F8C994,$008E38,OS+0x08438,mapped-segment1,OS-RAM,$FFF8C994,$F8C994,,ROM,direct,direct-abs.l,V350,static-abs.l,unknown,,1,jmp,,
dal:V350:008E3E:F8C9AA,$008E3E,OS+0x0843E,mapped-segment1,OS-RAM,$FFF8C9AA,$F8C9AA,,ROM,direct,direct-abs.l,V350,static-abs.l,unknown,,1,jmp,,
dal:V350:008E44:F8C9CC,$008E44,OS+0x08444,mapped-segment1,OS-RAM,$FFF8C9CC,$F8C9CC,,ROM,direct,direct-abs.l,V350,static-abs.l,unknown,,1,jmp,,
dal:V350:008E4A:F8C9FE,$008E4A,OS+0x0844A,mapped-segment1,OS-RAM,$FFF8C9FE,$F8C9FE,,ROM,direct,direct-abs.l,V350,static-abs.l,unknown,,1,jmp,,
dal:V350:008E50:F8CAFA,$008E50,OS+0x08450,mapped-segment1,OS-RAM,$FFF8CAFA,$F8CAFA,,ROM,direct,direct-abs.l,V350,static-abs.l,unknown,,1,jmp,,
dal:V350:008E56:F8C0E6,$008E56,OS+0x08456,mapped-segment1,OS-RAM,$FFF8C0E6,$F8C0E6,,ROM,direct,direct-abs.l,V350,static-abs.l,unknown,,1,jsr,,
dal:V350:008E5C:F8CC9A,$008E5C,OS+0x0845C,mapped-segment1,OS-RAM,$FFF8CC9A,$F8CC9A,,ROM,direct,direct-abs.l,V350,static-abs.l,unknown,,1,jsr,,
dal:V350:008E62:F8CCF6,$008E62,OS+0x08462,mapped-segment1,OS-RAM,$FFF8CCF6,$F8CCF6,,ROM,direct,direct-abs.l,V350,static-abs.l,unknown,,1,jsr,,
dal:V350:008E68:F8CDDC,$008E68,OS+0x08468,mapped-segment1,OS-RAM,$FFF8CDDC,$F8CDDC,,ROM,direct,direct-abs.l,V350,static-abs.l,unknown,,1,jmp,,
dal:V350:008E6E:F8CE4A,$008E6E,OS+0x0846E,mapped-segment1,OS-RAM,$FFF8CE4A,$F8CE4A,,ROM,direct,direct-abs.l,V350,static-abs.l,unknown,,1,jmp,,
dal:V350:008E74:F8CF9C,$008E74,OS+0x08474,mapped-segment1,OS-RAM,$FFF8CF9C,$F8CF9C,,ROM,direct,direct-abs.l,V350,static-abs.l,unknown,,1,jmp,,
dal:V350:008EB2:F8DD94,$008EB2,OS+0x084B2,mapped-segment1,OS-RAM,$FFF8DD94,$F8DD94,,ROM,direct,direct-abs.l,V350,static-abs.l,unknown,,1,jmp,,
dal:V350:008ED0:F8E256,$008ED0,OS+0x084D0,mapped-segment1,OS-RAM,$FFF8E256,$F8E256,,ROM,direct,direct-abs.l,V350,static-abs.l,unknown,,1,jmp,,
dal:V350:008ED6:F8E338,$008ED6,OS+0x084D6,mapped-segment1,OS-RAM,$FFF8E338,$F8E338,,ROM,direct,direct-abs.l,V350,static-abs.l,unknown,,1,jmp,,
dal:V350:008EDC:F8E384,$008EDC,OS+0x084DC,mapped-segment1,OS-RAM,$FFF8E384,$F8E384,,ROM,direct,direct-abs.l,V350,static-abs.l,unknown,,1,jmp,,
dal:V350:008EE2:F8E3D2,$008EE2,OS+0x084E2,mapped-segment1,OS-RAM,$FFF8E3D2,$F8E3D2,,ROM,direct,direct-abs.l,V350,static-abs.l,unknown,,1,jmp,,
dal:V350:008EEE:F8E46C,$008EEE,OS+0x084EE,mapped-segment1,OS-RAM,$FFF8E46C,$F8E46C,,ROM,direct,direct-abs.l,V350,static-abs.l,unknown,,1,jmp,,
dal:V350:008EF4:F8E4BA,$008EF4,OS+0x084F4,mapped-segment1,OS-RAM,$FFF8E4BA,$F8E4BA,,ROM,direct,direct-abs.l,V350,static-abs.l,unknown,,1,jmp,,
dal:V350:008EFA:F8E57E,$008EFA,OS+0x084FA,mapped-segment1,OS-RAM,$FFF8E57E,$F8E57E,,ROM,direct,direct-abs.l,V350,static-abs.l,unknown,,1,jmp,,
dal:V350:008F00:F8E5DA,$008F00,OS+0x08500,mapped-segment1,OS-RAM,$FFF8E5DA,$F8E5DA,,ROM,direct,direct-abs.l,V350,static-abs.l,unknown,,1,jmp,,
dal:V350:008F06:F8E63A,$008F06,OS+0x08506,mapped-segment1,OS-RAM,$FFF8E63A,$F8E63A,,ROM,direct,direct-abs.l,V350,static-abs.l,unknown,,1,jmp,,
dal:V350:008F0C:F8E68C,$008F0C,OS+0x0850C,mapped-segment1,OS-RAM,$FFF8E68C,$F8E68C,,ROM,direct,direct-abs.l,V350,static-abs.l,unknown,,1,jmp,,
dal:V350:008F18:F8EC52,$008F18,OS+0x08518,mapped-segment1,OS-RAM,$FFF8EC52,$F8EC52,,ROM,direct,direct-abs.l,V350,static-abs.l,unknown,,1,jmp,,
dal:V350:008F1E:F8EC6A,$008F1E,OS+0x0851E,mapped-segment1,OS-RAM,$FFF8EC6A,$F8EC6A,,ROM,direct,direct-abs.l,V350,static-abs.l,unknown,,1,jmp,,
dal:V350:008F24:F8ECFA,$008F24,OS+0x08524,mapped-segment1,OS-RAM,$FFF8ECFA,$F8ECFA,,ROM,direct,direct-abs.l,V350,static-abs.l,unknown,,1,jmp,,
dal:V350:008F2A:F8ED0E,$008F2A,OS+0x0852A,mapped-segment1,OS-RAM,$FFF8ED0E,$F8ED0E,,ROM,direct,direct-abs.l,V350,static-abs.l,unknown,,1,jmp,,
dal:V350:008F30:F8EDBA,$008F30,OS+0x08530,mapped-segment1,OS-RAM,$FFF8EDBA,$F8EDBA,,ROM,direct,direct-abs.l,V350,static-abs.l,unknown,,1,jmp,,
dal:V350:008F36:F8EDDC,$008F36,OS+0x08536,mapped-segment1,OS-RAM,$FFF8EDDC,$F8EDDC,,ROM,direct,direct-abs.l,V350,static-abs.l,unknown,,1,jmp,,
dal:V350:008F3C:F8EF2A,$008F3C,OS+0x0853C,mapped-segment1,OS-RAM,$FFF8EF2A,$F8EF2A,,ROM,direct,direct-abs.l,V350,static-abs.l,unknown,,1,jmp,,
dal:V350:008F42:F8EFB6,$008F42,OS+0x08542,mapped-segment1,OS-RAM,$FFF8EFB6,$F8EFB6,,ROM,direct,direct-abs.l,V350,static-abs.l,unknown,,1,jmp,,
dal:V350:008F48:F8EFC6,$008F48,OS+0x08548,mapped-segment1,OS-RAM,$FFF8EFC6,$F8EFC6,,ROM,direct,direct-abs.l,V350,static-abs.l,unknown,,1,jmp,,
dal:V350:008F4E:F8EFF6,$008F4E,OS+0x0854E,mapped-segment1,OS-RAM,$FFF8EFF6,$F8EFF6,,ROM,direct,direct-abs.l,V350,static-abs.l,unknown,,1,jmp,,
dal:V350:008F54:F8F008,$008F54,OS+0x08554,mapped-segment1,OS-RAM,$FFF8F008,$F8F008,,ROM,direct,direct-abs.l,V350,static-abs.l,unknown,,1,jmp,,
dal:V350:008F5A:F8F024,$008F5A,OS+0x0855A,mapped-segment1,OS-RAM,$FFF8F024,$F8F024,,ROM,direct,direct-abs.l,V350,static-abs.l,unknown,,1,jmp,,
dal:V350:008F60:F8F040,$008F60,OS+0x08560,mapped-segment1,OS-RAM,$FFF8F040,$F8F040,,ROM,direct,direct-abs.l,V350,static-abs.l,unknown,,1,jmp,,
dal:V350:008F66:F8F054,$008F66,OS+0x08566,mapped-segment1,OS-RAM,$FFF8F054,$F8F054,,ROM,direct,direct-abs.l,V350,static-abs.l,unknown,,1,jmp,,
dal:V350:008F6C:F8F06C,$008F6C,OS+0x0856C,mapped-segment1,OS-RAM,$FFF8F06C,$F8F06C,,ROM,direct,direct-abs.l,V350,static-abs.l,unknown,,1,jmp,,
dal:V350:008F72:F8E862,$008F72,OS+0x08572,mapped-segment1,OS-RAM,$FFF8E862,$F8E862,,ROM,direct,direct-abs.l,V350,static-abs.l,unknown,,1,jmp,,
dal:V350:008F78:F8E87C,$008F78,OS+0x08578,mapped-segment1,OS-RAM,$FFF8E87C,$F8E87C,,ROM,direct,direct-abs.l,V350,static-abs.l,unknown,,1,jmp,,
dal:V350:008F7E:F8E894,$008F7E,OS+0x0857E,mapped-segment1,OS-RAM,$FFF8E894,$F8E894,,ROM,direct,direct-abs.l,V350,static-abs.l,unknown,,1,jmp,,
dal:V350:008F84:F8E89A,$008F84,OS+0x08584,mapped-segment1,OS-RAM,$FFF8E89A,$F8E89A,,ROM,direct,direct-abs.l,V350,static-abs.l,unknown,,1,jmp,,
dal:V350:008F8A:F8E89E,$008F8A,OS+0x0858A,mapped-segment1,OS-RAM,$FFF8E89E,$F8E89E,,ROM,direct,direct-abs.l,V350,static-abs.l,unknown,,1,jmp,,
dal:V350:008F90:F8E8A4,$008F90,OS+0x08590,mapped-segment1,OS-RAM,$FFF8E8A4,$F8E8A4,,ROM,direct,direct-abs.l,V350,static-abs.l,unknown,,1,jmp,,
dal:V350:008F96:F8E8A8,$008F96,OS+0x08596,mapped-segment1,OS-RAM,$FFF8E8A8,$F8E8A8,,ROM,direct,direct-abs.l,V350,static-abs.l,unknown,,1,jmp,,
dal:V350:008F9C:F8E8AE,$008F9C,OS+0x0859C,mapped-segment1,OS-RAM,$FFF8E8AE,$F8E8AE,,ROM,direct,direct-abs.l,V350,static-abs.l,unknown,,1,jmp,,
dal:V350:008FA2:F8E8B2,$008FA2,OS+0x085A2,mapped-segment1,OS-RAM,$FFF8E8B2,$F8E8B2,,ROM,direct,direct-abs.l,V350,static-abs.l,unknown,,1,jmp,,
dal:V350:008FA8:F8E8D0,$008FA8,OS+0x085A8,mapped-segment1,OS-RAM,$FFF8E8D0,$F8E8D0,,ROM,direct,direct-abs.l,V350,static-abs.l,unknown,,1,jmp,,
dal:V350:008FAE:F8E8C2,$008FAE,OS+0x085AE,mapped-segment1,OS-RAM,$FFF8E8C2,$F8E8C2,,ROM,direct,direct-abs.l,V350,static-abs.l,unknown,,1,jmp,,
dal:V350:008FB4:F8E8DC,$008FB4,OS+0x085B4,mapped-segment1,OS-RAM,$FFF8E8DC,$F8E8DC,,ROM,direct,direct-abs.l,V350,static-abs.l,unknown,,1,jmp,,
dal:V350:008FBA:F8E8E6,$008FBA,OS+0x085BA,mapped-segment1,OS-RAM,$FFF8E8E6,$F8E8E6,,ROM,direct,direct-abs.l,V350,static-abs.l,unknown,,1,jmp,,
dal:V350:008FC0:F8E8F0,$008FC0,OS+0x085C0,mapped-segment1,OS-RAM,$FFF8E8F0,$F8E8F0,,ROM,direct,direct-abs.l,V350,static-abs.l,unknown,,1,jmp,,
dal:V350:008FC6:F8E8FA,$008FC6,OS+0x085C6,mapped-segment1,OS-RAM,$FFF8E8FA,$F8E8FA,,ROM,direct,direct-abs.l,V350,static-abs.l,unknown,,1,jmp,,
dal:V350:008FCC:F8E904,$008FCC,OS+0x085CC,mapped-segment1,OS-RAM,$FFF8E904,$F8E904,,ROM,direct,direct-abs.l,V350,static-abs.l,unknown,,1,jmp,,
dal:V350:008FD2:F8E90E,$008FD2,OS+0x085D2,mapped-segment1,OS-RAM,$FFF8E90E,$F8E90E,,ROM,direct,direct-abs.l,V350,static-abs.l,unknown,,1,jmp,,
dal:V350:008FD8:F8E918,$008FD8,OS+0x085D8,mapped-segment1,OS-RAM,$FFF8E918,$F8E918,,ROM,direct,direct-abs.l,V350,static-abs.l,unknown,,1,jmp,,
dal:V350:008FDE:F8E922,$008FDE,OS+0x085DE,mapped-segment1,OS-RAM,$FFF8E922,$F8E922,,ROM,direct,direct-abs.l,V350,static-abs.l,unknown,,1,jmp,,
dal:V350:008FE4:F8E93C,$008FE4,OS+0x085E4,mapped-segment1,OS-RAM,$FFF8E93C,$F8E93C,,ROM,direct,direct-abs.l,V350,static-abs.l,unknown,,1,jmp,,
dal:V350:008FEA:F8E93E,$008FEA,OS+0x085EA,mapped-segment1,OS-RAM,$FFF8E93E,$F8E93E,,ROM,direct,direct-abs.l,V350,static-abs.l,unknown,,1,jmp,,
dal:V350:008FF0:F8E948,$008FF0,OS+0x085F0,mapped-segment1,OS-RAM,$FFF8E948,$F8E948,,ROM,direct,direct-abs.l,V350,static-abs.l,unknown,,1,jmp,,
dal:V350:008FF6:F8E94A,$008FF6,OS+0x085F6,mapped-segment1,OS-RAM,$FFF8E94A,$F8E94A,,ROM,direct,direct-abs.l,V350,static-abs.l,unknown,,1,jmp,,
dal:V350:008FFC:F8E954,$008FFC,OS+0x085FC,mapped-segment1,OS-RAM,$FFF8E954,$F8E954,,ROM,direct,direct-abs.l,V350,static-abs.l,unknown,,1,jmp,,
dal:V350:009002:F8E956,$009002,OS+0x08602,mapped-segment1,OS-RAM,$FFF8E956,$F8E956,,ROM,direct,direct-abs.l,V350,static-abs.l,unknown,,1,jmp,,
dal:V350:009008:F8E960,$009008,OS+0x08608,mapped-segment1,OS-RAM,$FFF8E960,$F8E960,,ROM,direct,direct-abs.l,V350,static-abs.l,unknown,,1,jmp,,
dal:V350:00900E:F8E962,$00900E,OS+0x0860E,mapped-segment1,OS-RAM,$FFF8E962,$F8E962,,ROM,direct,direct-abs.l,V350,static-abs.l,unknown,,1,jmp,,
dal:V350:009014:F8E96A,$009014,OS+0x08614,mapped-segment1,OS-RAM,$FFF8E96A,$F8E96A,,ROM,direct,direct-abs.l,V350,static-abs.l,unknown,,1,jmp,,
dal:V350:00901A:F8E992,$00901A,OS+0x0861A,mapped-segment1,OS-RAM,$FFF8E992,$F8E992,,ROM,direct,direct-abs.l,V350,static-abs.l,unknown,,1,jmp,,
dal:V350:009020:F8E9A0,$009020,OS+0x08620,mapped-segment1,OS-RAM,$FFF8E9A0,$F8E9A0,,ROM,direct,direct-abs.l,V350,static-abs.l,unknown,,1,jmp,,
dal:V350:009026:F8E9A6,$009026,OS+0x08626,mapped-segment1,OS-RAM,$FFF8E9A6,$F8E9A6,,ROM,direct,direct-abs.l,V350,static-abs.l,unknown,,1,jmp,,
dal:V350:00902C:F8E9C0,$00902C,OS+0x0862C,mapped-segment1,OS-RAM,$FFF8E9C0,$F8E9C0,,ROM,direct,direct-abs.l,V350,static-abs.l,unknown,,1,jmp,,
dal:V350:009032:F8E9CA,$009032,OS+0x08632,mapped-segment1,OS-RAM,$FFF8E9CA,$F8E9CA,,ROM,direct,direct-abs.l,V350,static-abs.l,unknown,,1,jmp,,
dal:V350:009038:F8E6BE,$009038,OS+0x08638,mapped-segment1,OS-RAM,$FFF8E6BE,$F8E6BE,,ROM,direct,direct-abs.l,V350,static-abs.l,unknown,,1,jmp,,
dal:V350:00903E:F8E7A6,$00903E,OS+0x0863E,mapped-segment1,OS-RAM,$FFF8E7A6,$F8E7A6,,ROM,direct,direct-abs.l,V350,static-abs.l,unknown,,1,jmp,,
dal:V350:009044:F8E7DC,$009044,OS+0x08644,mapped-segment1,OS-RAM,$FFF8E7DC,$F8E7DC,,ROM,direct,direct-abs.l,V350,static-abs.l,unknown,,1,jmp,,
dal:V350:00904A:F8E80C,$00904A,OS+0x0864A,mapped-segment1,OS-RAM,$FFF8E80C,$F8E80C,,ROM,direct,direct-abs.l,V350,static-abs.l,unknown,,1,jmp,,
dal:V350:009050:F9807A,$009050,OS+0x08650,mapped-segment1,OS-RAM,$FFF9807A,$F9807A,,ROM,direct,direct-abs.l,V350,static-abs.l,unknown,,1,jmp,,
dal:V350:009056:F980BC,$009056,OS+0x08656,mapped-segment1,OS-RAM,$FFF980BC,$F980BC,,ROM,direct,direct-abs.l,V350,static-abs.l,unknown,,1,jmp,,
dal:V350:00905C:F98120,$00905C,OS+0x0865C,mapped-segment1,OS-RAM,$FFF98120,$F98120,,ROM,direct,direct-abs.l,V350,static-abs.l,unknown,,1,jmp,,
dal:V350:009062:F98148,$009062,OS+0x08662,mapped-segment1,OS-RAM,$FFF98148,$F98148,,ROM,direct,direct-abs.l,V350,static-abs.l,unknown,,1,jmp,,
dal:V350:009068:F97F98,$009068,OS+0x08668,mapped-segment1,OS-RAM,$FFF97F98,$F97F98,,ROM,direct,direct-abs.l,V350,static-abs.l,unknown,,1,jmp,,
dal:V350:00906E:F98194,$00906E,OS+0x0866E,mapped-segment1,OS-RAM,$FFF98194,$F98194,,ROM,direct,direct-abs.l,V350,static-abs.l,unknown,,1,jmp,,
dal:V350:009074:F8F258,$009074,OS+0x08674,mapped-segment1,OS-RAM,$FFF8F258,$F8F258,,ROM,direct,direct-abs.l,V350,static-abs.l,unknown,,1,jmp,,
dal:V350:00907A:F8F284,$00907A,OS+0x0867A,mapped-segment1,OS-RAM,$FFF8F284,$F8F284,,ROM,direct,direct-abs.l,V350,static-abs.l,unknown,,1,jmp,,
dal:V350:009080:F8E6D0,$009080,OS+0x08680,mapped-segment1,OS-RAM,$FFF8E6D0,$F8E6D0,,ROM,direct,direct-abs.l,V350,static-abs.l,unknown,,1,jmp,,
dal:V350:009086:F8E720,$009086,OS+0x08686,mapped-segment1,OS-RAM,$FFF8E720,$F8E720,,ROM,direct,direct-abs.l,V350,static-abs.l,unknown,,1,jmp,,
dal:V350:00908C:F8F142,$00908C,OS+0x0868C,mapped-segment1,OS-RAM,$FFF8F142,$F8F142,,ROM,direct,direct-abs.l,V350,static-abs.l,unknown,,1,jmp,,
dal:V350:009092:F8F158,$009092,OS+0x08692,mapped-segment1,OS-RAM,$FFF8F158,$F8F158,,ROM,direct,direct-abs.l,V350,static-abs.l,unknown,,1,jmp,,
dal:V350:009098:F8F16E,$009098,OS+0x08698,mapped-segment1,OS-RAM,$FFF8F16E,$F8F16E,,ROM,direct,direct-abs.l,V350,static-abs.l,unknown,,1,jmp,,
dal:V350:00909E:F8F18E,$00909E,OS+0x0869E,mapped-segment1,OS-RAM,$FFF8F18E,$F8F18E,,ROM,direct,direct-abs.l,V350,static-abs.l,unknown,,1,jmp,,
dal:V350:0090A4:F8F1B6,$0090A4,OS+0x086A4,mapped-segment1,OS-RAM,$FFF8F1B6,$F8F1B6,,ROM,direct,direct-abs.l,V350,static-abs.l,unknown,,1,jmp,,
dal:V350:0090AA:F8E9F4,$0090AA,OS+0x086AA,mapped-segment1,OS-RAM,$FFF8E9F4,$F8E9F4,,ROM,direct,direct-abs.l,V350,static-abs.l,unknown,,1,jmp,,
dal:V350:0090B0:F8EE4C,$0090B0,OS+0x086B0,mapped-segment1,OS-RAM,$FFF8EE4C,$F8EE4C,,ROM,direct,direct-abs.l,V350,static-abs.l,unknown,,1,jmp,,
dal:V350:0090B6:F8F09E,$0090B6,OS+0x086B6,mapped-segment1,OS-RAM,$FFF8F09E,$F8F09E,,ROM,direct,direct-abs.l,V350,static-abs.l,unknown,,1,jmp,,
dal:V350:0090BC:F8EEBC,$0090BC,OS+0x086BC,mapped-segment1,OS-RAM,$FFF8EEBC,$F8EEBC,,ROM,direct,direct-abs.l,V350,static-abs.l,unknown,,1,jmp,,
dal:V350:0090F4:F8F2D2,$0090F4,OS+0x086F4,mapped-segment1,OS-RAM,$FFF8F2D2,$F8F2D2,,ROM,direct,direct-abs.l,V350,static-abs.l,unknown,,1,jmp,,
dal:V350:009100:F8F388,$009100,OS+0x08700,mapped-segment1,OS-RAM,$FFF8F388,$F8F388,,ROM,direct,direct-abs.l,V350,static-abs.l,unknown,,1,jmp,,
dal:V350:009106:F8F38C,$009106,OS+0x08706,mapped-segment1,OS-RAM,$FFF8F38C,$F8F38C,,ROM,direct,direct-abs.l,V350,static-abs.l,unknown,,1,jmp,,
dal:V350:00910C:F8F460,$00910C,OS+0x0870C,mapped-segment1,OS-RAM,$FFF8F460,$F8F460,,ROM,direct,direct-abs.l,V350,static-abs.l,unknown,,1,jmp,,
dal:V350:009112:F8F3D6,$009112,OS+0x08712,mapped-segment1,OS-RAM,$FFF8F3D6,$F8F3D6,,ROM,direct,direct-abs.l,V350,static-abs.l,unknown,,1,jmp,,
dal:V350:009368:F8F4D8,$009368,OS+0x08968,mapped-segment1,OS-RAM,$FFF8F4D8,$F8F4D8,,ROM,direct,direct-abs.l,V350,static-abs.l,unknown,,1,jmp,,
dal:V350:00936E:F8FB1A,$00936E,OS+0x0896E,mapped-segment1,OS-RAM,$FFF8FB1A,$F8FB1A,,ROM,direct,direct-abs.l,V350,static-abs.l,unknown,,1,jmp,,
dal:V350:009374:F8F50A,$009374,OS+0x08974,mapped-segment1,OS-RAM,$FFF8F50A,$F8F50A,,ROM,direct,direct-abs.l,V350,static-abs.l,unknown,,1,jmp,,
dal:V350:00937A:F8FAD2,$00937A,OS+0x0897A,mapped-segment1,OS-RAM,$FFF8FAD2,$F8FAD2,,ROM,direct,direct-abs.l,V350,static-abs.l,unknown,,1,jmp,,
dal:V350:009380:F8FAC6,$009380,OS+0x08980,mapped-segment1,OS-RAM,$FFF8FAC6,$F8FAC6,,ROM,direct,direct-abs.l,V350,static-abs.l,unknown,,1,jmp,,
dal:V350:009386:F8FB0A,$009386,OS+0x08986,mapped-segment1,OS-RAM,$FFF8FB0A,$F8FB0A,,ROM,direct,direct-abs.l,V350,static-abs.l,unknown,,1,jmp,,
dal:V350:00938C:F8F9F6,$00938C,OS+0x0898C,mapped-segment1,OS-RAM,$FFF8F9F6,$F8F9F6,,ROM,direct,direct-abs.l,V350,static-abs.l,unknown,,1,jmp,,
dal:V350:009392:F8FA58,$009392,OS+0x08992,mapped-segment1,OS-RAM,$FFF8FA58,$F8FA58,,ROM,direct,direct-abs.l,V350,static-abs.l,unknown,,1,jmp,,
dal:V350:009398:F8FBFC,$009398,OS+0x08998,mapped-segment1,OS-RAM,$FFF8FBFC,$F8FBFC,,ROM,direct,direct-abs.l,V350,static-abs.l,unknown,,1,jmp,,
dal:V350:00939E:F8F89C,$00939E,OS+0x0899E,mapped-segment1,OS-RAM,$FFF8F89C,$F8F89C,,ROM,direct,direct-abs.l,V350,static-abs.l,unknown,,1,jmp,,
dal:V350:0093A4:F8F8BA,$0093A4,OS+0x089A4,mapped-segment1,OS-RAM,$FFF8F8BA,$F8F8BA,,ROM,direct,direct-abs.l,V350,static-abs.l,unknown,,1,jmp,,
dal:V350:0093AA:F8F8E0,$0093AA,OS+0x089AA,mapped-segment1,OS-RAM,$FFF8F8E0,$F8F8E0,,ROM,direct,direct-abs.l,V350,static-abs.l,unknown,,1,jmp,,
dal:V350:0093B0:F8F974,$0093B0,OS+0x089B0,mapped-segment1,OS-RAM,$FFF8F974,$F8F974,,ROM,direct,direct-abs.l,V350,static-abs.l,unknown,,1,jmp,,
dal:V350:0093B6:F8F9B6,$0093B6,OS+0x089B6,mapped-segment1,OS-RAM,$FFF8F9B6,$F8F9B6,,ROM,direct,direct-abs.l,V350,static-abs.l,unknown,,1,jmp,,
dal:V350:0093BC:F8F9D4,$0093BC,OS+0x089BC,mapped-segment1,OS-RAM,$FFF8F9D4,$F8F9D4,,ROM,direct,direct-abs.l,V350,static-abs.l,unknown,,1,jmp,,
dal:V350:0093C2:F8FA0C,$0093C2,OS+0x089C2,mapped-segment1,OS-RAM,$FFF8FA0C,$F8FA0C,,ROM,direct,direct-abs.l,V350,static-abs.l,unknown,,1,jmp,,
dal:V350:0093C8:F8FA24,$0093C8,OS+0x089C8,mapped-segment1,OS-RAM,$FFF8FA24,$F8FA24,,ROM,direct,direct-abs.l,V350,static-abs.l,unknown,,1,jmp,,
dal:V350:0093CE:F8FA60,$0093CE,OS+0x089CE,mapped-segment1,OS-RAM,$FFF8FA60,$F8FA60,,ROM,direct,direct-abs.l,V350,static-abs.l,unknown,,1,jmp,,
dal:V350:0093D4:F8FA68,$0093D4,OS+0x089D4,mapped-segment1,OS-RAM,$FFF8FA68,$F8FA68,,ROM,direct,direct-abs.l,V350,static-abs.l,unknown,,1,jmp,,
dal:V350:0093DA:F8FB36,$0093DA,OS+0x089DA,mapped-segment1,OS-RAM,$FFF8FB36,$F8FB36,,ROM,direct,direct-abs.l,V350,static-abs.l,unknown,,1,jmp,,
dal:V350:0093E0:F8FC98,$0093E0,OS+0x089E0,mapped-segment1,OS-RAM,$FFF8FC98,$F8FC98,,ROM,direct,direct-abs.l,V350,static-abs.l,unknown,,1,jmp,,
dal:V350:0093E6:F8FCC4,$0093E6,OS+0x089E6,mapped-segment1,OS-RAM,$FFF8FCC4,$F8FCC4,,ROM,direct,direct-abs.l,V350,static-abs.l,unknown,,1,jmp,,
dal:V350:0093EC:F8FCC6,$0093EC,OS+0x089EC,mapped-segment1,OS-RAM,$FFF8FCC6,$F8FCC6,,ROM,direct,direct-abs.l,V350,static-abs.l,unknown,,1,jmp,,
dal:V350:0093F2:F8FCCE,$0093F2,OS+0x089F2,mapped-segment1,OS-RAM,$FFF8FCCE,$F8FCCE,,ROM,direct,direct-abs.l,V350,static-abs.l,unknown,,1,jmp,,
dal:V350:0093F8:F8FCE8,$0093F8,OS+0x089F8,mapped-segment1,OS-RAM,$FFF8FCE8,$F8FCE8,,ROM,direct,direct-abs.l,V350,static-abs.l,unknown,,1,jmp,,
dal:V350:0093FE:F8FD0A,$0093FE,OS+0x089FE,mapped-segment1,OS-RAM,$FFF8FD0A,$F8FD0A,,ROM,direct,direct-abs.l,V350,static-abs.l,unknown,,1,jmp,,
dal:V350:009404:F8FD3E,$009404,OS+0x08A04,mapped-segment1,OS-RAM,$FFF8FD3E,$F8FD3E,,ROM,direct,direct-abs.l,V350,static-abs.l,unknown,,1,jmp,,
dal:V350:00940A:F8F6B4,$00940A,OS+0x08A0A,mapped-segment1,OS-RAM,$FFF8F6B4,$F8F6B4,,ROM,direct,direct-abs.l,V350,static-abs.l,unknown,,1,jmp,,
dal:V350:009410:F8F780,$009410,OS+0x08A10,mapped-segment1,OS-RAM,$FFF8F780,$F8F780,,ROM,direct,direct-abs.l,V350,static-abs.l,unknown,,1,jmp,,
dal:V350:009416:F8F862,$009416,OS+0x08A16,mapped-segment1,OS-RAM,$FFF8F862,$F8F862,,ROM,direct,direct-abs.l,V350,static-abs.l,unknown,,1,jmp,,
dal:V350:009448:F8FD46,$009448,OS+0x08A48,mapped-segment1,OS-RAM,$FFF8FD46,$F8FD46,,ROM,direct,direct-abs.l,V350,static-abs.l,unknown,,1,jmp,,
dal:V350:00944E:F8FD6C,$00944E,OS+0x08A4E,mapped-segment1,OS-RAM,$FFF8FD6C,$F8FD6C,,ROM,direct,direct-abs.l,V350,static-abs.l,unknown,,1,jmp,,
dal:V350:009454:F8FE24,$009454,OS+0x08A54,mapped-segment1,OS-RAM,$FFF8FE24,$F8FE24,,ROM,direct,direct-abs.l,V350,static-abs.l,unknown,,1,jmp,,
dal:V350:009460:F8FD96,$009460,OS+0x08A60,mapped-segment1,OS-RAM,$FFF8FD96,$F8FD96,,ROM,direct,direct-abs.l,V350,static-abs.l,unknown,,1,jmp,,
dal:V350:009466:F8FFAE,$009466,OS+0x08A66,mapped-segment1,OS-RAM,$FFF8FFAE,$F8FFAE,,ROM,direct,direct-abs.l,V350,static-abs.l,unknown,,1,jmp,,
dal:V350:00946C:F8FF08,$00946C,OS+0x08A6C,mapped-segment1,OS-RAM,$FFF8FF08,$F8FF08,,ROM,direct,direct-abs.l,V350,static-abs.l,unknown,,1,jmp,,
dal:V350:009472:F8FE54,$009472,OS+0x08A72,mapped-segment1,OS-RAM,$FFF8FE54,$F8FE54,,ROM,direct,direct-abs.l,V350,static-abs.l,unknown,,1,jmp,,
dal:V350:009478:F8FF2C,$009478,OS+0x08A78,mapped-segment1,OS-RAM,$FFF8FF2C,$F8FF2C,,ROM,direct,direct-abs.l,V350,static-abs.l,unknown,,1,jmp,,
dal:V350:00947E:F90028,$00947E,OS+0x08A7E,mapped-segment1,OS-RAM,$FFF90028,$F90028,,ROM,direct,direct-abs.l,V350,static-abs.l,unknown,,1,jmp,,
dal:V350:009484:F8FFC8,$009484,OS+0x08A84,mapped-segment1,OS-RAM,$FFF8FFC8,$F8FFC8,,ROM,direct,direct-abs.l,V350,static-abs.l,unknown,,1,jmp,,
dal:V350:00948A:F90020,$00948A,OS+0x08A8A,mapped-segment1,OS-RAM,$FFF90020,$F90020,,ROM,direct,direct-abs.l,V350,static-abs.l,unknown,,1,jmp,,
dal:V350:009496:F90108,$009496,OS+0x08A96,mapped-segment1,OS-RAM,$FFF90108,$F90108,,ROM,direct,direct-abs.l,V350,static-abs.l,unknown,,1,jmp,,
dal:V350:00949C:F900B0,$00949C,OS+0x08A9C,mapped-segment1,OS-RAM,$FFF900B0,$F900B0,,ROM,direct,direct-abs.l,V350,static-abs.l,unknown,,1,jmp,,
dal:V350:0094A2:F8FE82,$0094A2,OS+0x08AA2,mapped-segment1,OS-RAM,$FFF8FE82,$F8FE82,,ROM,direct,direct-abs.l,V350,static-abs.l,unknown,,1,jmp,,
dal:V350:0094A8:F8FE7E,$0094A8,OS+0x08AA8,mapped-segment1,OS-RAM,$FFF8FE7E,$F8FE7E,,ROM,direct,direct-abs.l,V350,static-abs.l,unknown,,1,jmp,,
dal:V350:0094AE:F8FEA8,$0094AE,OS+0x08AAE,mapped-segment1,OS-RAM,$FFF8FEA8,$F8FEA8,,ROM,direct,direct-abs.l,V350,static-abs.l,unknown,,1,jmp,,
dal:V350:0094B4:F8FEA4,$0094B4,OS+0x08AB4,mapped-segment1,OS-RAM,$FFF8FEA4,$F8FEA4,,ROM,direct,direct-abs.l,V350,static-abs.l,unknown,,1,jmp,,
dal:V350:0094BA:F8FEDE,$0094BA,OS+0x08ABA,mapped-segment1,OS-RAM,$FFF8FEDE,$F8FEDE,,ROM,direct,direct-abs.l,V350,static-abs.l,unknown,,1,jmp,,
dal:V350:0094C0:F8FF74,$0094C0,OS+0x08AC0,mapped-segment1,OS-RAM,$FFF8FF74,$F8FF74,,ROM,direct,direct-abs.l,V350,static-abs.l,unknown,,1,jmp,,
dal:V350:0094C6:F90016,$0094C6,OS+0x08AC6,mapped-segment1,OS-RAM,$FFF90016,$F90016,,ROM,direct,direct-abs.l,V350,static-abs.l,unknown,,1,jmp,,
dal:V350:0094CC:F8FEEE,$0094CC,OS+0x08ACC,mapped-segment1,OS-RAM,$FFF8FEEE,$F8FEEE,,ROM,direct,direct-abs.l,V350,static-abs.l,unknown,,1,jmp,,
dal:V350:0094D8:F8FE02,$0094D8,OS+0x08AD8,mapped-segment1,OS-RAM,$FFF8FE02,$F8FE02,,ROM,direct,direct-abs.l,V350,static-abs.l,unknown,,1,jmp,,
dal:V350:0094DE:F8FE5C,$0094DE,OS+0x08ADE,mapped-segment1,OS-RAM,$FFF8FE5C,$F8FE5C,,ROM,direct,direct-abs.l,V350,static-abs.l,unknown,,1,jmp,,
dal:V350:0094E4:F8FFC0,$0094E4,OS+0x08AE4,mapped-segment1,OS-RAM,$FFF8FFC0,$F8FFC0,,ROM,direct,direct-abs.l,V350,static-abs.l,unknown,,1,jmp,,
dal:V350:0094EA:F8FF2A,$0094EA,OS+0x08AEA,mapped-segment1,OS-RAM,$FFF8FF2A,$F8FF2A,,ROM,direct,direct-abs.l,V350,static-abs.l,unknown,,1,jmp,,
dal:V350:0094F0:F8FF70,$0094F0,OS+0x08AF0,mapped-segment1,OS-RAM,$FFF8FF70,$F8FF70,,ROM,direct,direct-abs.l,V350,static-abs.l,unknown,,1,jmp,,
dal:V350:0094F6:F901C8,$0094F6,OS+0x08AF6,mapped-segment1,OS-RAM,$FFF901C8,$F901C8,,ROM,direct,direct-abs.l,V350,static-abs.l,unknown,,1,jmp,,
dal:V350:0094FC:F9018E,$0094FC,OS+0x08AFC,mapped-segment1,OS-RAM,$FFF9018E,$F9018E,,ROM,direct,direct-abs.l,V350,static-abs.l,unknown,,1,jmp,,
dal:V350:009502:F90318,$009502,OS+0x08B02,mapped-segment1,OS-RAM,$FFF90318,$F90318,,ROM,direct,direct-abs.l,V350,static-abs.l,unknown,,1,jmp,,
dal:V350:00950E:F902CC,$00950E,OS+0x08B0E,mapped-segment1,OS-RAM,$FFF902CC,$F902CC,,ROM,direct,direct-abs.l,V350,static-abs.l,unknown,,1,jmp,,
dal:V350:00951A:F90144,$00951A,OS+0x08B1A,mapped-segment1,OS-RAM,$FFF90144,$F90144,,ROM,direct,direct-abs.l,V350,static-abs.l,unknown,,1,jmp,,
dal:V350:009526:F9042A,$009526,OS+0x08B26,mapped-segment1,OS-RAM,$FFF9042A,$F9042A,,ROM,direct,direct-abs.l,V350,static-abs.l,unknown,,1,jmp,,
dal:V350:00952C:F902A6,$00952C,OS+0x08B2C,mapped-segment1,OS-RAM,$FFF902A6,$F902A6,,ROM,direct,direct-abs.l,V350,static-abs.l,unknown,,1,jmp,,
dal:V350:009532:F90352,$009532,OS+0x08B32,mapped-segment1,OS-RAM,$FFF90352,$F90352,,ROM,direct,direct-abs.l,V350,static-abs.l,unknown,,1,jmp,,
dal:V350:009538:F903D0,$009538,OS+0x08B38,mapped-segment1,OS-RAM,$FFF903D0,$F903D0,,ROM,direct,direct-abs.l,V350,static-abs.l,unknown,,1,jmp,,
dal:V350:00953E:F9047C,$00953E,OS+0x08B3E,mapped-segment1,OS-RAM,$FFF9047C,$F9047C,,ROM,direct,direct-abs.l,V350,static-abs.l,unknown,,1,jmp,,
dal:V350:009544:F904E2,$009544,OS+0x08B44,mapped-segment1,OS-RAM,$FFF904E2,$F904E2,,ROM,direct,direct-abs.l,V350,static-abs.l,unknown,,1,jmp,,
dal:V350:00954A:F9051C,$00954A,OS+0x08B4A,mapped-segment1,OS-RAM,$FFF9051C,$F9051C,,ROM,direct,direct-abs.l,V350,static-abs.l,unknown,,1,jmp,,
dal:V350:009550:F90566,$009550,OS+0x08B50,mapped-segment1,OS-RAM,$FFF90566,$F90566,,ROM,direct,direct-abs.l,V350,static-abs.l,unknown,,1,jmp,,
dal:V350:009556:F9056E,$009556,OS+0x08B56,mapped-segment1,OS-RAM,$FFF9056E,$F9056E,,ROM,direct,direct-abs.l,V350,static-abs.l,unknown,,1,jmp,,
dal:V350:009562:F901D8,$009562,OS+0x08B62,mapped-segment1,OS-RAM,$FFF901D8,$F901D8,,ROM,direct,direct-abs.l,V350,static-abs.l,unknown,,1,jmp,,
dal:V350:00957E:F906A8,$00957E,OS+0x08B7E,mapped-segment1,OS-RAM,$FFF906A8,$F906A8,,ROM,direct,direct-abs.l,V350,static-abs.l,unknown,,1,jmp,,
dal:V350:009584:F906A0,$009584,OS+0x08B84,mapped-segment1,OS-RAM,$FFF906A0,$F906A0,,ROM,direct,direct-abs.l,V350,static-abs.l,unknown,,1,jmp,,
dal:V350:00958A:F906A6,$00958A,OS+0x08B8A,mapped-segment1,OS-RAM,$FFF906A6,$F906A6,,ROM,direct,direct-abs.l,V350,static-abs.l,unknown,,1,jmp,,
dal:V350:009590:F906D4,$009590,OS+0x08B90,mapped-segment1,OS-RAM,$FFF906D4,$F906D4,,ROM,direct,direct-abs.l,V350,static-abs.l,unknown,,1,jmp,,
dal:V350:009596:F90868,$009596,OS+0x08B96,mapped-segment1,OS-RAM,$FFF90868,$F90868,,ROM,direct,direct-abs.l,V350,static-abs.l,unknown,,1,jmp,,
dal:V350:00959C:F90854,$00959C,OS+0x08B9C,mapped-segment1,OS-RAM,$FFF90854,$F90854,,ROM,direct,direct-abs.l,V350,static-abs.l,unknown,,1,jmp,,
dal:V350:0095A2:F916D0,$0095A2,OS+0x08BA2,mapped-segment1,OS-RAM,$FFF916D0,$F916D0,,ROM,direct,direct-abs.l,V350,static-abs.l,unknown,,1,jmp,,
dal:V350:0095A8:F916C6,$0095A8,OS+0x08BA8,mapped-segment1,OS-RAM,$FFF916C6,$F916C6,,ROM,direct,direct-abs.l,V350,static-abs.l,unknown,,1,jmp,,
dal:V350:0095AE:F9174A,$0095AE,OS+0x08BAE,mapped-segment1,OS-RAM,$FFF9174A,$F9174A,,ROM,direct,direct-abs.l,V350,static-abs.l,unknown,,1,jmp,,
dal:V350:0095C0:F90BF0,$0095C0,OS+0x08BC0,mapped-segment1,OS-RAM,$FFF90BF0,$F90BF0,,ROM,direct,direct-abs.l,V350,static-abs.l,unknown,,1,jmp,,
dal:V350:0095C6:F90B7E,$0095C6,OS+0x08BC6,mapped-segment1,OS-RAM,$FFF90B7E,$F90B7E,,ROM,direct,direct-abs.l,V350,static-abs.l,unknown,,1,jmp,,
dal:V350:0095CC:F90AA2,$0095CC,OS+0x08BCC,mapped-segment1,OS-RAM,$FFF90AA2,$F90AA2,,ROM,direct,direct-abs.l,V350,static-abs.l,unknown,,1,jmp,,
dal:V350:0095D2:F913CA,$0095D2,OS+0x08BD2,mapped-segment1,OS-RAM,$FFF913CA,$F913CA,,ROM,direct,direct-abs.l,V350,static-abs.l,unknown,,1,jmp,,
dal:V350:0095D8:F91670,$0095D8,OS+0x08BD8,mapped-segment1,OS-RAM,$FFF91670,$F91670,,ROM,direct,direct-abs.l,V350,static-abs.l,unknown,,1,jmp,,
dal:V350:0095EA:F90BA0,$0095EA,OS+0x08BEA,mapped-segment1,OS-RAM,$FFF90BA0,$F90BA0,,ROM,direct,direct-abs.l,V350,static-abs.l,unknown,,1,jmp,,
dal:V350:0095F0:F90A88,$0095F0,OS+0x08BF0,mapped-segment1,OS-RAM,$FFF90A88,$F90A88,,ROM,direct,direct-abs.l,V350,static-abs.l,unknown,,1,jmp,,
dal:V350:0095F6:F913DE,$0095F6,OS+0x08BF6,mapped-segment1,OS-RAM,$FFF913DE,$F913DE,,ROM,direct,direct-abs.l,V350,static-abs.l,unknown,,1,jmp,,
dal:V350:0095FC:F9165C,$0095FC,OS+0x08BFC,mapped-segment1,OS-RAM,$FFF9165C,$F9165C,,ROM,direct,direct-abs.l,V350,static-abs.l,unknown,,1,jmp,,
dal:V350:009602:F91418,$009602,OS+0x08C02,mapped-segment1,OS-RAM,$FFF91418,$F91418,,ROM,direct,direct-abs.l,V350,static-abs.l,unknown,,1,jmp,,
dal:V350:009608:F9131A,$009608,OS+0x08C08,mapped-segment1,OS-RAM,$FFF9131A,$F9131A,,ROM,direct,direct-abs.l,V350,static-abs.l,unknown,,1,jmp,,
dal:V350:009614:F90910,$009614,OS+0x08C14,mapped-segment1,OS-RAM,$FFF90910,$F90910,,ROM,direct,direct-abs.l,V350,static-abs.l,unknown,,1,jmp,,
dal:V350:009620:F90BF6,$009620,OS+0x08C20,mapped-segment1,OS-RAM,$FFF90BF6,$F90BF6,,ROM,direct,direct-abs.l,V350,static-abs.l,unknown,,1,jmp,,
dal:V350:009626:F9116C,$009626,OS+0x08C26,mapped-segment1,OS-RAM,$FFF9116C,$F9116C,,ROM,direct,direct-abs.l,V350,static-abs.l,unknown,,1,jmp,,
dal:V350:00962C:F90BBE,$00962C,OS+0x08C2C,mapped-segment1,OS-RAM,$FFF90BBE,$F90BBE,,ROM,direct,direct-abs.l,V350,static-abs.l,unknown,,1,jmp,,
dal:V350:009638:F916F6,$009638,OS+0x08C38,mapped-segment1,OS-RAM,$FFF916F6,$F916F6,,ROM,direct,direct-abs.l,V350,static-abs.l,unknown,,1,jmp,,
dal:V350:00963E:F91390,$00963E,OS+0x08C3E,mapped-segment1,OS-RAM,$FFF91390,$F91390,,ROM,direct,direct-abs.l,V350,static-abs.l,unknown,,1,jmp,,
dal:V350:009644:F91394,$009644,OS+0x08C44,mapped-segment1,OS-RAM,$FFF91394,$F91394,,ROM,direct,direct-abs.l,V350,static-abs.l,unknown,,1,jmp,,
dal:V350:009650:F90890,$009650,OS+0x08C50,mapped-segment1,OS-RAM,$FFF90890,$F90890,,ROM,direct,direct-abs.l,V350,static-abs.l,unknown,,1,jmp,,
dal:V350:009656:F914B6,$009656,OS+0x08C56,mapped-segment1,OS-RAM,$FFF914B6,$F914B6,,ROM,direct,direct-abs.l,V350,static-abs.l,unknown,,1,jmp,,
dal:V350:00965C:F915AC,$00965C,OS+0x08C5C,mapped-segment1,OS-RAM,$FFF915AC,$F915AC,,ROM,direct,direct-abs.l,V350,static-abs.l,unknown,,1,jmp,,
dal:V350:00967A:F91760,$00967A,OS+0x08C7A,mapped-segment1,OS-RAM,$FFF91760,$F91760,,ROM,direct,direct-abs.l,V350,static-abs.l,unknown,,1,jmp,,
dal:V350:00968C:F910B6,$00968C,OS+0x08C8C,mapped-segment1,OS-RAM,$FFF910B6,$F910B6,,ROM,direct,direct-abs.l,V350,static-abs.l,unknown,,1,jmp,,
dal:V350:0096B0:F917EE,$0096B0,OS+0x08CB0,mapped-segment1,OS-RAM,$FFF917EE,$F917EE,,ROM,direct,direct-abs.l,V350,static-abs.l,unknown,,1,jmp,,
dal:V350:0096CE:F91AA6,$0096CE,OS+0x08CCE,mapped-segment1,OS-RAM,$FFF91AA6,$F91AA6,,ROM,direct,direct-abs.l,V350,static-abs.l,unknown,,1,jmp,,
dal:V350:0096D4:F91ADE,$0096D4,OS+0x08CD4,mapped-segment1,OS-RAM,$FFF91ADE,$F91ADE,,ROM,direct,direct-abs.l,V350,static-abs.l,unknown,,1,jmp,,
dal:V350:0096DA:F91AF8,$0096DA,OS+0x08CDA,mapped-segment1,OS-RAM,$FFF91AF8,$F91AF8,,ROM,direct,direct-abs.l,V350,static-abs.l,unknown,,1,jmp,,
dal:V350:0096E0:F91B06,$0096E0,OS+0x08CE0,mapped-segment1,OS-RAM,$FFF91B06,$F91B06,,ROM,direct,direct-abs.l,V350,static-abs.l,unknown,,1,jmp,,
dal:V350:0096E6:F91BE0,$0096E6,OS+0x08CE6,mapped-segment1,OS-RAM,$FFF91BE0,$F91BE0,,ROM,direct,direct-abs.l,V350,static-abs.l,unknown,,1,jmp,,
dal:V350:0096EC:F91CA8,$0096EC,OS+0x08CEC,mapped-segment1,OS-RAM,$FFF91CA8,$F91CA8,,ROM,direct,direct-abs.l,V350,static-abs.l,unknown,,1,jmp,,
dal:V350:0096F2:F91C18,$0096F2,OS+0x08CF2,mapped-segment1,OS-RAM,$FFF91C18,$F91C18,,ROM,direct,direct-abs.l,V350,static-abs.l,unknown,,1,jmp,,
dal:V350:0096F8:F91C2A,$0096F8,OS+0x08CF8,mapped-segment1,OS-RAM,$FFF91C2A,$F91C2A,,ROM,direct,direct-abs.l,V350,static-abs.l,unknown,,1,jmp,,
dal:V350:009704:F91FD4,$009704,OS+0x08D04,mapped-segment1,OS-RAM,$FFF91FD4,$F91FD4,,ROM,direct,direct-abs.l,V350,static-abs.l,unknown,,1,jmp,,
dal:V350:00970A:F91EFE,$00970A,OS+0x08D0A,mapped-segment1,OS-RAM,$FFF91EFE,$F91EFE,,ROM,direct,direct-abs.l,V350,static-abs.l,unknown,,1,jmp,,
dal:V350:009710:F91DAC,$009710,OS+0x08D10,mapped-segment1,OS-RAM,$FFF91DAC,$F91DAC,,ROM,direct,direct-abs.l,V350,static-abs.l,unknown,,1,jmp,,
dal:V350:009716:F91D9C,$009716,OS+0x08D16,mapped-segment1,OS-RAM,$FFF91D9C,$F91D9C,,ROM,direct,direct-abs.l,V350,static-abs.l,unknown,,1,jmp,,
dal:V350:00971C:F9207A,$00971C,OS+0x08D1C,mapped-segment1,OS-RAM,$FFF9207A,$F9207A,,ROM,direct,direct-abs.l,V350,static-abs.l,unknown,,1,jmp,,
dal:V350:009722:F91FF2,$009722,OS+0x08D22,mapped-segment1,OS-RAM,$FFF91FF2,$F91FF2,,ROM,direct,direct-abs.l,V350,static-abs.l,unknown,,1,jmp,,
dal:V350:009728:F91D46,$009728,OS+0x08D28,mapped-segment1,OS-RAM,$FFF91D46,$F91D46,,ROM,direct,direct-abs.l,V350,static-abs.l,unknown,,1,jmp,,
dal:V350:00972E:F9189C,$00972E,OS+0x08D2E,mapped-segment1,OS-RAM,$FFF9189C,$F9189C,,ROM,direct,direct-abs.l,V350,static-abs.l,unknown,,1,jmp,,
dal:V350:009734:F92038,$009734,OS+0x08D34,mapped-segment1,OS-RAM,$FFF92038,$F92038,,ROM,direct,direct-abs.l,V350,static-abs.l,unknown,,1,jmp,,
dal:V350:00973A:F91AC8,$00973A,OS+0x08D3A,mapped-segment1,OS-RAM,$FFF91AC8,$F91AC8,,ROM,direct,direct-abs.l,V350,static-abs.l,unknown,,1,jmp,,
dal:V350:009740:F9190E,$009740,OS+0x08D40,mapped-segment1,OS-RAM,$FFF9190E,$F9190E,,ROM,direct,direct-abs.l,V350,static-abs.l,unknown,,1,jmp,,
dal:V350:009746:F91E34,$009746,OS+0x08D46,mapped-segment1,OS-RAM,$FFF91E34,$F91E34,,ROM,direct,direct-abs.l,V350,static-abs.l,unknown,,1,jmp,,
dal:V350:00974C:F9177A,$00974C,OS+0x08D4C,mapped-segment1,OS-RAM,$FFF9177A,$F9177A,,ROM,direct,direct-abs.l,V350,static-abs.l,unknown,,1,jmp,,
dal:V350:009752:F917F6,$009752,OS+0x08D52,mapped-segment1,OS-RAM,$FFF917F6,$F917F6,,ROM,direct,direct-abs.l,V350,static-abs.l,unknown,,1,jmp,,
dal:V350:009758:F918B4,$009758,OS+0x08D58,mapped-segment1,OS-RAM,$FFF918B4,$F918B4,,ROM,direct,direct-abs.l,V350,static-abs.l,unknown,,1,jmp,,
dal:V350:00975E:F9191A,$00975E,OS+0x08D5E,mapped-segment1,OS-RAM,$FFF9191A,$F9191A,,ROM,direct,direct-abs.l,V350,static-abs.l,unknown,,1,jmp,,
dal:V350:009764:F919D2,$009764,OS+0x08D64,mapped-segment1,OS-RAM,$FFF919D2,$F919D2,,ROM,direct,direct-abs.l,V350,static-abs.l,unknown,,1,jmp,,
dal:V350:009776:F91F38,$009776,OS+0x08D76,mapped-segment1,OS-RAM,$FFF91F38,$F91F38,,ROM,direct,direct-abs.l,V350,static-abs.l,unknown,,1,jmp,,
dal:V350:00977C:F91FB6,$00977C,OS+0x08D7C,mapped-segment1,OS-RAM,$FFF91FB6,$F91FB6,,ROM,direct,direct-abs.l,V350,static-abs.l,unknown,,1,jmp,,
dal:V350:009788:F91B10,$009788,OS+0x08D88,mapped-segment1,OS-RAM,$FFF91B10,$F91B10,,ROM,direct,direct-abs.l,V350,static-abs.l,unknown,,1,jmp,,
dal:V350:00978E:F91954,$00978E,OS+0x08D8E,mapped-segment1,OS-RAM,$FFF91954,$F91954,,ROM,direct,direct-abs.l,V350,static-abs.l,unknown,,1,jmp,,
dal:V350:009794:F91B8A,$009794,OS+0x08D94,mapped-segment1,OS-RAM,$FFF91B8A,$F91B8A,,ROM,direct,direct-abs.l,V350,static-abs.l,unknown,,1,jmp,,
dal:V350:00979A:F92122,$00979A,OS+0x08D9A,mapped-segment1,OS-RAM,$FFF92122,$F92122,,ROM,direct,direct-abs.l,V350,static-abs.l,unknown,,1,jmp,,
dal:V350:0097A0:F920F6,$0097A0,OS+0x08DA0,mapped-segment1,OS-RAM,$FFF920F6,$F920F6,,ROM,direct,direct-abs.l,V350,static-abs.l,unknown,,1,jmp,,
dal:V350:0097A6:F920E8,$0097A6,OS+0x08DA6,mapped-segment1,OS-RAM,$FFF920E8,$F920E8,,ROM,direct,direct-abs.l,V350,static-abs.l,unknown,,1,jmp,,
dal:V350:0097AC:F920D6,$0097AC,OS+0x08DAC,mapped-segment1,OS-RAM,$FFF920D6,$F920D6,,ROM,direct,direct-abs.l,V350,static-abs.l,unknown,,1,jmp,,
dal:V350:0097B2:F920B2,$0097B2,OS+0x08DB2,mapped-segment1,OS-RAM,$FFF920B2,$F920B2,,ROM,direct,direct-abs.l,V350,static-abs.l,unknown,,1,jmp,,
dal:V350:0097B8:F92186,$0097B8,OS+0x08DB8,mapped-segment1,OS-RAM,$FFF92186,$F92186,,ROM,direct,direct-abs.l,V350,static-abs.l,unknown,,1,jmp,,
dal:V350:0097BE:F92106,$0097BE,OS+0x08DBE,mapped-segment1,OS-RAM,$FFF92106,$F92106,,ROM,direct,direct-abs.l,V350,static-abs.l,unknown,,1,jmp,,
dal:V350:0097C4:F921B8,$0097C4,OS+0x08DC4,mapped-segment1,OS-RAM,$FFF921B8,$F921B8,,ROM,direct,direct-abs.l,V350,static-abs.l,unknown,,1,jmp,,
dal:V350:0097CA:F92192,$0097CA,OS+0x08DCA,mapped-segment1,OS-RAM,$FFF92192,$F92192,,ROM,direct,direct-abs.l,V350,static-abs.l,unknown,,1,jmp,,
dal:V350:0097D0:F92180,$0097D0,OS+0x08DD0,mapped-segment1,OS-RAM,$FFF92180,$F92180,,ROM,direct,direct-abs.l,V350,static-abs.l,unknown,,1,jmp,,
dal:V350:0097D6:F9215E,$0097D6,OS+0x08DD6,mapped-segment1,OS-RAM,$FFF9215E,$F9215E,,ROM,direct,direct-abs.l,V350,static-abs.l,unknown,,1,jmp,,
dal:V350:0097E8:F9224A,$0097E8,OS+0x08DE8,mapped-segment1,OS-RAM,$FFF9224A,$F9224A,,ROM,direct,direct-abs.l,V350,static-abs.l,unknown,,1,jmp,,
dal:V350:0097EE:F9237C,$0097EE,OS+0x08DEE,mapped-segment1,OS-RAM,$FFF9237C,$F9237C,,ROM,direct,direct-abs.l,V350,static-abs.l,unknown,,1,jmp,,
dal:V350:0097F4:F92262,$0097F4,OS+0x08DF4,mapped-segment1,OS-RAM,$FFF92262,$F92262,,ROM,direct,direct-abs.l,V350,static-abs.l,unknown,,1,jmp,,
dal:V350:0097FA:F92342,$0097FA,OS+0x08DFA,mapped-segment1,OS-RAM,$FFF92342,$F92342,,ROM,direct,direct-abs.l,V350,static-abs.l,unknown,,1,jmp,,
dal:V350:009800:F921D4,$009800,OS+0x08E00,mapped-segment1,OS-RAM,$FFF921D4,$F921D4,,ROM,direct,direct-abs.l,V350,static-abs.l,unknown,,1,jmp,,
dal:V350:009806:F921D8,$009806,OS+0x08E06,mapped-segment1,OS-RAM,$FFF921D8,$F921D8,,ROM,direct,direct-abs.l,V350,static-abs.l,unknown,,1,jmp,,
dal:V350:00980C:F92458,$00980C,OS+0x08E0C,mapped-segment1,OS-RAM,$FFF92458,$F92458,,ROM,direct,direct-abs.l,V350,static-abs.l,unknown,,1,jmp,,
dal:V350:009812:F9246E,$009812,OS+0x08E12,mapped-segment1,OS-RAM,$FFF9246E,$F9246E,,ROM,direct,direct-abs.l,V350,static-abs.l,unknown,,1,jmp,,
dal:V350:009818:F92478,$009818,OS+0x08E18,mapped-segment1,OS-RAM,$FFF92478,$F92478,,ROM,direct,direct-abs.l,V350,static-abs.l,unknown,,1,jmp,,
dal:V350:00981E:F9248A,$00981E,OS+0x08E1E,mapped-segment1,OS-RAM,$FFF9248A,$F9248A,,ROM,direct,direct-abs.l,V350,static-abs.l,unknown,,1,jmp,,
dal:V350:009824:F9248E,$009824,OS+0x08E24,mapped-segment1,OS-RAM,$FFF9248E,$F9248E,,ROM,direct,direct-abs.l,V350,static-abs.l,unknown,,1,jmp,,
dal:V350:00982A:F9249A,$00982A,OS+0x08E2A,mapped-segment1,OS-RAM,$FFF9249A,$F9249A,,ROM,direct,direct-abs.l,V350,static-abs.l,unknown,,1,jmp,,
dal:V350:009830:F924AC,$009830,OS+0x08E30,mapped-segment1,OS-RAM,$FFF924AC,$F924AC,,ROM,direct,direct-abs.l,V350,static-abs.l,unknown,,1,jmp,,
dal:V350:009836:F924BC,$009836,OS+0x08E36,mapped-segment1,OS-RAM,$FFF924BC,$F924BC,,ROM,direct,direct-abs.l,V350,static-abs.l,unknown,,1,jmp,,
dal:V350:00983C:F924C6,$00983C,OS+0x08E3C,mapped-segment1,OS-RAM,$FFF924C6,$F924C6,,ROM,direct,direct-abs.l,V350,static-abs.l,unknown,,1,jmp,,
dal:V350:009848:F9257A,$009848,OS+0x08E48,mapped-segment1,OS-RAM,$FFF9257A,$F9257A,,ROM,direct,direct-abs.l,V350,static-abs.l,unknown,,1,jsr,,
dal:V350:00984E:F92596,$00984E,OS+0x08E4E,mapped-segment1,OS-RAM,$FFF92596,$F92596,,ROM,direct,direct-abs.l,V350,static-abs.l,unknown,,1,jmp,,
dal:V350:009854:F925C4,$009854,OS+0x08E54,mapped-segment1,OS-RAM,$FFF925C4,$F925C4,,ROM,direct,direct-abs.l,V350,static-abs.l,unknown,,1,jmp,,
dal:V350:00985A:F925F0,$00985A,OS+0x08E5A,mapped-segment1,OS-RAM,$FFF925F0,$F925F0,,ROM,direct,direct-abs.l,V350,static-abs.l,unknown,,1,jmp,,
dal:V350:009860:F9261C,$009860,OS+0x08E60,mapped-segment1,OS-RAM,$FFF9261C,$F9261C,,ROM,direct,direct-abs.l,V350,static-abs.l,unknown,,1,jmp,,
dal:V350:009866:F926CE,$009866,OS+0x08E66,mapped-segment1,OS-RAM,$FFF926CE,$F926CE,,ROM,direct,direct-abs.l,V350,static-abs.l,unknown,,1,jmp,,
dal:V350:00986C:F926E6,$00986C,OS+0x08E6C,mapped-segment1,OS-RAM,$FFF926E6,$F926E6,,ROM,direct,direct-abs.l,V350,static-abs.l,unknown,,1,jmp,,
dal:V350:009872:F926F8,$009872,OS+0x08E72,mapped-segment1,OS-RAM,$FFF926F8,$F926F8,,ROM,direct,direct-abs.l,V350,static-abs.l,unknown,,1,jmp,,
dal:V350:009878:F926FC,$009878,OS+0x08E78,mapped-segment1,OS-RAM,$FFF926FC,$F926FC,,ROM,direct,direct-abs.l,V350,static-abs.l,unknown,,1,jmp,,
dal:V350:00987E:F9270C,$00987E,OS+0x08E7E,mapped-segment1,OS-RAM,$FFF9270C,$F9270C,,ROM,direct,direct-abs.l,V350,static-abs.l,unknown,,1,jmp,,
dal:V350:009884:F92718,$009884,OS+0x08E84,mapped-segment1,OS-RAM,$FFF92718,$F92718,,ROM,direct,direct-abs.l,V350,static-abs.l,unknown,,1,jmp,,
dal:V350:00988A:F92724,$00988A,OS+0x08E8A,mapped-segment1,OS-RAM,$FFF92724,$F92724,,ROM,direct,direct-abs.l,V350,static-abs.l,unknown,,1,jmp,,
dal:V350:009890:F9275A,$009890,OS+0x08E90,mapped-segment1,OS-RAM,$FFF9275A,$F9275A,,ROM,direct,direct-abs.l,V350,static-abs.l,unknown,,1,jmp,,
dal:V350:009896:F92760,$009896,OS+0x08E96,mapped-segment1,OS-RAM,$FFF92760,$F92760,,ROM,direct,direct-abs.l,V350,static-abs.l,unknown,,1,jmp,,
dal:V350:0098A2:F9298C,$0098A2,OS+0x08EA2,mapped-segment1,OS-RAM,$FFF9298C,$F9298C,,ROM,direct,direct-abs.l,V350,static-abs.l,unknown,,1,jmp,,
dal:V350:0098A8:F929D2,$0098A8,OS+0x08EA8,mapped-segment1,OS-RAM,$FFF929D2,$F929D2,,ROM,direct,direct-abs.l,V350,static-abs.l,unknown,,1,jmp,,
dal:V350:0098AE:F92A04,$0098AE,OS+0x08EAE,mapped-segment1,OS-RAM,$FFF92A04,$F92A04,,ROM,direct,direct-abs.l,V350,static-abs.l,unknown,,1,jmp,,
dal:V350:0098B4:F92A4A,$0098B4,OS+0x08EB4,mapped-segment1,OS-RAM,$FFF92A4A,$F92A4A,,ROM,direct,direct-abs.l,V350,static-abs.l,unknown,,1,jmp,,
dal:V350:0098C0:F92B0A,$0098C0,OS+0x08EC0,mapped-segment1,OS-RAM,$FFF92B0A,$F92B0A,,ROM,direct,direct-abs.l,V350,static-abs.l,unknown,,1,jmp,,
dal:V350:0098CC:F92CE2,$0098CC,OS+0x08ECC,mapped-segment1,OS-RAM,$FFF92CE2,$F92CE2,,ROM,direct,direct-abs.l,V350,static-abs.l,unknown,,1,jmp,,
dal:V350:0098D2:F92D22,$0098D2,OS+0x08ED2,mapped-segment1,OS-RAM,$FFF92D22,$F92D22,,ROM,direct,direct-abs.l,V350,static-abs.l,unknown,,1,jmp,,
dal:V350:0098D8:F92D48,$0098D8,OS+0x08ED8,mapped-segment1,OS-RAM,$FFF92D48,$F92D48,,ROM,direct,direct-abs.l,V350,static-abs.l,unknown,,1,jmp,,
dal:V350:0098E4:F92DD6,$0098E4,OS+0x08EE4,mapped-segment1,OS-RAM,$FFF92DD6,$F92DD6,,ROM,direct,direct-abs.l,V350,static-abs.l,unknown,,1,jmp,,
dal:V350:0098F0:F92E2A,$0098F0,OS+0x08EF0,mapped-segment1,OS-RAM,$FFF92E2A,$F92E2A,,ROM,direct,direct-abs.l,V350,static-abs.l,unknown,,1,jmp,,
dal:V350:0098FC:F92E94,$0098FC,OS+0x08EFC,mapped-segment1,OS-RAM,$FFF92E94,$F92E94,,ROM,direct,direct-abs.l,V350,static-abs.l,unknown,,1,jmp,,
dal:V350:009902:F92EB0,$009902,OS+0x08F02,mapped-segment1,OS-RAM,$FFF92EB0,$F92EB0,,ROM,direct,direct-abs.l,V350,static-abs.l,unknown,,1,jmp,,
dal:V350:009908:F92EB4,$009908,OS+0x08F08,mapped-segment1,OS-RAM,$FFF92EB4,$F92EB4,,ROM,direct,direct-abs.l,V350,static-abs.l,unknown,,1,jmp,,
dal:V350:00990E:F92ED2,$00990E,OS+0x08F0E,mapped-segment1,OS-RAM,$FFF92ED2,$F92ED2,,ROM,direct,direct-abs.l,V350,static-abs.l,unknown,,1,jmp,,
dal:V350:009914:F92EA8,$009914,OS+0x08F14,mapped-segment1,OS-RAM,$FFF92EA8,$F92EA8,,ROM,direct,direct-abs.l,V350,static-abs.l,unknown,,1,jmp,,
dal:V350:00991A:F92F08,$00991A,OS+0x08F1A,mapped-segment1,OS-RAM,$FFF92F08,$F92F08,,ROM,direct,direct-abs.l,V350,static-abs.l,unknown,,1,jmp,,
dal:V350:009920:F92F34,$009920,OS+0x08F20,mapped-segment1,OS-RAM,$FFF92F34,$F92F34,,ROM,direct,direct-abs.l,V350,static-abs.l,unknown,,1,jmp,,
dal:V350:009926:F92F82,$009926,OS+0x08F26,mapped-segment1,OS-RAM,$FFF92F82,$F92F82,,ROM,direct,direct-abs.l,V350,static-abs.l,unknown,,1,jmp,,
dal:V350:00992C:F923D4,$00992C,OS+0x08F2C,mapped-segment1,OS-RAM,$FFF923D4,$F923D4,,ROM,direct,direct-abs.l,V350,static-abs.l,unknown,,1,jmp,,
dal:V350:009932:F923D8,$009932,OS+0x08F32,mapped-segment1,OS-RAM,$FFF923D8,$F923D8,,ROM,direct,direct-abs.l,V350,static-abs.l,unknown,,1,jmp,,
dal:V350:009938:F924EC,$009938,OS+0x08F38,mapped-segment1,OS-RAM,$FFF924EC,$F924EC,,ROM,direct,direct-abs.l,V350,static-abs.l,unknown,,1,jmp,,
dal:V350:00993E:F924D8,$00993E,OS+0x08F3E,mapped-segment1,OS-RAM,$FFF924D8,$F924D8,,ROM,direct,direct-abs.l,V350,static-abs.l,unknown,,1,jmp,,
dal:V350:009944:F924F2,$009944,OS+0x08F44,mapped-segment1,OS-RAM,$FFF924F2,$F924F2,,ROM,direct,direct-abs.l,V350,static-abs.l,unknown,,1,jmp,,
dal:V350:00994A:F925FC,$00994A,OS+0x08F4A,mapped-segment1,OS-RAM,$FFF925FC,$F925FC,,ROM,direct,direct-abs.l,V350,static-abs.l,unknown,,1,jmp,,
dal:V350:009950:F92616,$009950,OS+0x08F50,mapped-segment1,OS-RAM,$FFF92616,$F92616,,ROM,direct,direct-abs.l,V350,static-abs.l,unknown,,1,jmp,,
dal:V350:009956:F9260E,$009956,OS+0x08F56,mapped-segment1,OS-RAM,$FFF9260E,$F9260E,,ROM,direct,direct-abs.l,V350,static-abs.l,unknown,,1,jmp,,
dal:V350:00995C:F9264E,$00995C,OS+0x08F5C,mapped-segment1,OS-RAM,$FFF9264E,$F9264E,,ROM,direct,direct-abs.l,V350,static-abs.l,unknown,,1,jmp,,
dal:V350:009962:F92652,$009962,OS+0x08F62,mapped-segment1,OS-RAM,$FFF92652,$F92652,,ROM,direct,direct-abs.l,V350,static-abs.l,unknown,,1,jmp,,
dal:V350:009968:F92A42,$009968,OS+0x08F68,mapped-segment1,OS-RAM,$FFF92A42,$F92A42,,ROM,direct,direct-abs.l,V350,static-abs.l,unknown,,1,jmp,,
dal:V350:00996E:F92CB2,$00996E,OS+0x08F6E,mapped-segment1,OS-RAM,$FFF92CB2,$F92CB2,,ROM,direct,direct-abs.l,V350,static-abs.l,unknown,,1,jmp,,
dal:V350:00997A:F92FB0,$00997A,OS+0x08F7A,mapped-segment1,OS-RAM,$FFF92FB0,$F92FB0,,ROM,direct,direct-abs.l,V350,static-abs.l,unknown,,1,jmp,,
dal:V350:009980:F931DE,$009980,OS+0x08F80,mapped-segment1,OS-RAM,$FFF931DE,$F931DE,,ROM,direct,direct-abs.l,V350,static-abs.l,unknown,,1,jmp,,
dal:V350:009986:F93298,$009986,OS+0x08F86,mapped-segment1,OS-RAM,$FFF93298,$F93298,,ROM,direct,direct-abs.l,V350,static-abs.l,unknown,,1,jmp,,
dal:V350:00998C:F932B8,$00998C,OS+0x08F8C,mapped-segment1,OS-RAM,$FFF932B8,$F932B8,,ROM,direct,direct-abs.l,V350,static-abs.l,unknown,,1,jmp,,
dal:V350:009992:F932D6,$009992,OS+0x08F92,mapped-segment1,OS-RAM,$FFF932D6,$F932D6,,ROM,direct,direct-abs.l,V350,static-abs.l,unknown,,1,jmp,,
dal:V350:009998:F932FA,$009998,OS+0x08F98,mapped-segment1,OS-RAM,$FFF932FA,$F932FA,,ROM,direct,direct-abs.l,V350,static-abs.l,unknown,,1,jmp,,
dal:V350:00999E:F9331A,$00999E,OS+0x08F9E,mapped-segment1,OS-RAM,$FFF9331A,$F9331A,,ROM,direct,direct-abs.l,V350,static-abs.l,unknown,,1,jmp,,
dal:V350:0099A4:F93346,$0099A4,OS+0x08FA4,mapped-segment1,OS-RAM,$FFF93346,$F93346,,ROM,direct,direct-abs.l,V350,static-abs.l,unknown,,1,jmp,,
dal:V350:0099AA:F93348,$0099AA,OS+0x08FAA,mapped-segment1,OS-RAM,$FFF93348,$F93348,,ROM,direct,direct-abs.l,V350,static-abs.l,unknown,,1,jmp,,
dal:V350:0099B0:F9334C,$0099B0,OS+0x08FB0,mapped-segment1,OS-RAM,$FFF9334C,$F9334C,,ROM,direct,direct-abs.l,V350,static-abs.l,unknown,,1,jmp,,
dal:V350:0099B6:F9337E,$0099B6,OS+0x08FB6,mapped-segment1,OS-RAM,$FFF9337E,$F9337E,,ROM,direct,direct-abs.l,V350,static-abs.l,unknown,,1,jmp,,
dal:V350:0099BC:F93392,$0099BC,OS+0x08FBC,mapped-segment1,OS-RAM,$FFF93392,$F93392,,ROM,direct,direct-abs.l,V350,static-abs.l,unknown,,1,jmp,,
dal:V350:0099C2:F93398,$0099C2,OS+0x08FC2,mapped-segment1,OS-RAM,$FFF93398,$F93398,,ROM,direct,direct-abs.l,V350,static-abs.l,unknown,,1,jmp,,
dal:V350:0099C8:F93194,$0099C8,OS+0x08FC8,mapped-segment1,OS-RAM,$FFF93194,$F93194,,ROM,direct,direct-abs.l,V350,static-abs.l,unknown,,1,jmp,,
dal:V350:0099CE:F931B2,$0099CE,OS+0x08FCE,mapped-segment1,OS-RAM,$FFF931B2,$F931B2,,ROM,direct,direct-abs.l,V350,static-abs.l,unknown,,1,jmp,,
dal:V350:0099D4:F9316E,$0099D4,OS+0x08FD4,mapped-segment1,OS-RAM,$FFF9316E,$F9316E,,ROM,direct,direct-abs.l,V350,static-abs.l,unknown,,1,jmp,,
dal:V350:0099DA:F93148,$0099DA,OS+0x08FDA,mapped-segment1,OS-RAM,$FFF93148,$F93148,,ROM,direct,direct-abs.l,V350,static-abs.l,unknown,,1,jmp,,
dal:V350:0099E0:F93180,$0099E0,OS+0x08FE0,mapped-segment1,OS-RAM,$FFF93180,$F93180,,ROM,direct,direct-abs.l,V350,static-abs.l,unknown,,1,jmp,,
dal:V350:0099E6:F93496,$0099E6,OS+0x08FE6,mapped-segment1,OS-RAM,$FFF93496,$F93496,,ROM,direct,direct-abs.l,V350,static-abs.l,unknown,,1,jmp,,
dal:V350:0099EC:F9348E,$0099EC,OS+0x08FEC,mapped-segment1,OS-RAM,$FFF9348E,$F9348E,,ROM,direct,direct-abs.l,V350,static-abs.l,unknown,,1,jmp,,
dal:V350:0099F2:F934AA,$0099F2,OS+0x08FF2,mapped-segment1,OS-RAM,$FFF934AA,$F934AA,,ROM,direct,direct-abs.l,V350,static-abs.l,unknown,,1,jmp,,
dal:V350:0099F8:F934D4,$0099F8,OS+0x08FF8,mapped-segment1,OS-RAM,$FFF934D4,$F934D4,,ROM,direct,direct-abs.l,V350,static-abs.l,unknown,,1,jmp,,
dal:V350:0099FE:F936B0,$0099FE,OS+0x08FFE,mapped-segment1,OS-RAM,$FFF936B0,$F936B0,,ROM,direct,direct-abs.l,V350,static-abs.l,unknown,,1,jmp,,
dal:V350:009A04:F935C4,$009A04,OS+0x09004,mapped-segment1,OS-RAM,$FFF935C4,$F935C4,,ROM,direct,direct-abs.l,V350,static-abs.l,unknown,,1,jmp,,
dal:V350:009A0A:F9366E,$009A0A,OS+0x0900A,mapped-segment1,OS-RAM,$FFF9366E,$F9366E,,ROM,direct,direct-abs.l,V350,static-abs.l,unknown,,1,jmp,,
dal:V350:009A10:F935D4,$009A10,OS+0x09010,mapped-segment1,OS-RAM,$FFF935D4,$F935D4,,ROM,direct,direct-abs.l,V350,static-abs.l,unknown,,1,jmp,,
dal:V350:009A16:F9368C,$009A16,OS+0x09016,mapped-segment1,OS-RAM,$FFF9368C,$F9368C,,ROM,direct,direct-abs.l,V350,static-abs.l,unknown,,1,jmp,,
dal:V350:009A1C:F936A2,$009A1C,OS+0x0901C,mapped-segment1,OS-RAM,$FFF936A2,$F936A2,,ROM,direct,direct-abs.l,V350,static-abs.l,unknown,,1,jmp,,
dal:V350:009A22:F93698,$009A22,OS+0x09022,mapped-segment1,OS-RAM,$FFF93698,$F93698,,ROM,direct,direct-abs.l,V350,static-abs.l,unknown,,1,jmp,,
dal:V350:009A28:F9350E,$009A28,OS+0x09028,mapped-segment1,OS-RAM,$FFF9350E,$F9350E,,ROM,direct,direct-abs.l,V350,static-abs.l,unknown,,1,jmp,,
dal:V350:009A2E:F935FC,$009A2E,OS+0x0902E,mapped-segment1,OS-RAM,$FFF935FC,$F935FC,,ROM,direct,direct-abs.l,V350,static-abs.l,unknown,,1,jmp,,
dal:V350:009A34:F93608,$009A34,OS+0x09034,mapped-segment1,OS-RAM,$FFF93608,$F93608,,ROM,direct,direct-abs.l,V350,static-abs.l,unknown,,1,jmp,,
dal:V350:009A3A:F93624,$009A3A,OS+0x0903A,mapped-segment1,OS-RAM,$FFF93624,$F93624,,ROM,direct,direct-abs.l,V350,static-abs.l,unknown,,1,jmp,,
dal:V350:009A40:F936CA,$009A40,OS+0x09040,mapped-segment1,OS-RAM,$FFF936CA,$F936CA,,ROM,direct,direct-abs.l,V350,static-abs.l,unknown,,1,jmp,,
dal:V350:009A5C:F936DE,$009A5C,OS+0x0905C,mapped-segment1,OS-RAM,$FFF936DE,$F936DE,,ROM,direct,direct-abs.l,V350,static-abs.l,unknown,,1,jmp,,
dal:V350:009A62:F9375C,$009A62,OS+0x09062,mapped-segment1,OS-RAM,$FFF9375C,$F9375C,,ROM,direct,direct-abs.l,V350,static-abs.l,unknown,,1,jmp,,
dal:V350:009A68:F93770,$009A68,OS+0x09068,mapped-segment1,OS-RAM,$FFF93770,$F93770,,ROM,direct,direct-abs.l,V350,static-abs.l,unknown,,1,jmp,,
dal:V350:009A6E:F9378C,$009A6E,OS+0x0906E,mapped-segment1,OS-RAM,$FFF9378C,$F9378C,,ROM,direct,direct-abs.l,V350,static-abs.l,unknown,,1,jmp,,
dal:V350:009A74:F93798,$009A74,OS+0x09074,mapped-segment1,OS-RAM,$FFF93798,$F93798,,ROM,direct,direct-abs.l,V350,static-abs.l,unknown,,1,jmp,,
dal:V350:009A80:F938E0,$009A80,OS+0x09080,mapped-segment1,OS-RAM,$FFF938E0,$F938E0,,ROM,direct,direct-abs.l,V350,static-abs.l,unknown,,1,jmp,,
dal:V350:009A86:F938E4,$009A86,OS+0x09086,mapped-segment1,OS-RAM,$FFF938E4,$F938E4,,ROM,direct,direct-abs.l,V350,static-abs.l,unknown,,1,jmp,,
dal:V350:009A8C:F938EE,$009A8C,OS+0x0908C,mapped-segment1,OS-RAM,$FFF938EE,$F938EE,,ROM,direct,direct-abs.l,V350,static-abs.l,unknown,,1,jmp,,
dal:V350:009A92:F938F8,$009A92,OS+0x09092,mapped-segment1,OS-RAM,$FFF938F8,$F938F8,,ROM,direct,direct-abs.l,V350,static-abs.l,unknown,,1,jmp,,
dal:V350:009A98:F93908,$009A98,OS+0x09098,mapped-segment1,OS-RAM,$FFF93908,$F93908,,ROM,direct,direct-abs.l,V350,static-abs.l,unknown,,1,jmp,,
dal:V350:009A9E:F9393A,$009A9E,OS+0x0909E,mapped-segment1,OS-RAM,$FFF9393A,$F9393A,,ROM,direct,direct-abs.l,V350,static-abs.l,unknown,,1,jmp,,
dal:V350:009AA4:F93924,$009AA4,OS+0x090A4,mapped-segment1,OS-RAM,$FFF93924,$F93924,,ROM,direct,direct-abs.l,V350,static-abs.l,unknown,,1,jmp,,
dal:V350:009AAA:F93954,$009AAA,OS+0x090AA,mapped-segment1,OS-RAM,$FFF93954,$F93954,,ROM,direct,direct-abs.l,V350,static-abs.l,unknown,,1,jmp,,
dal:V350:009AB0:F9399A,$009AB0,OS+0x090B0,mapped-segment1,OS-RAM,$FFF9399A,$F9399A,,ROM,direct,direct-abs.l,V350,static-abs.l,unknown,,1,jmp,,
dal:V350:009AB6:F93958,$009AB6,OS+0x090B6,mapped-segment1,OS-RAM,$FFF93958,$F93958,,ROM,direct,direct-abs.l,V350,static-abs.l,unknown,,1,jmp,,
dal:V350:009ABC:F93964,$009ABC,OS+0x090BC,mapped-segment1,OS-RAM,$FFF93964,$F93964,,ROM,direct,direct-abs.l,V350,static-abs.l,unknown,,1,jmp,,
dal:V350:009AC2:F93968,$009AC2,OS+0x090C2,mapped-segment1,OS-RAM,$FFF93968,$F93968,,ROM,direct,direct-abs.l,V350,static-abs.l,unknown,,1,jmp,,
dal:V350:009AC8:F93974,$009AC8,OS+0x090C8,mapped-segment1,OS-RAM,$FFF93974,$F93974,,ROM,direct,direct-abs.l,V350,static-abs.l,unknown,,1,jmp,,
dal:V350:009ACE:F93978,$009ACE,OS+0x090CE,mapped-segment1,OS-RAM,$FFF93978,$F93978,,ROM,direct,direct-abs.l,V350,static-abs.l,unknown,,1,jmp,,
dal:V350:009AD4:F93984,$009AD4,OS+0x090D4,mapped-segment1,OS-RAM,$FFF93984,$F93984,,ROM,direct,direct-abs.l,V350,static-abs.l,unknown,,1,jmp,,
dal:V350:009ADA:F9398E,$009ADA,OS+0x090DA,mapped-segment1,OS-RAM,$FFF9398E,$F9398E,,ROM,direct,direct-abs.l,V350,static-abs.l,unknown,,1,jmp,,
dal:V350:009AE0:F93A24,$009AE0,OS+0x090E0,mapped-segment1,OS-RAM,$FFF93A24,$F93A24,,ROM,direct,direct-abs.l,V350,static-abs.l,unknown,,1,jmp,,
dal:V350:009AE6:F93A2E,$009AE6,OS+0x090E6,mapped-segment1,OS-RAM,$FFF93A2E,$F93A2E,,ROM,direct,direct-abs.l,V350,static-abs.l,unknown,,1,jmp,,
dal:V350:009AEC:F93A38,$009AEC,OS+0x090EC,mapped-segment1,OS-RAM,$FFF93A38,$F93A38,,ROM,direct,direct-abs.l,V350,static-abs.l,unknown,,1,jmp,,
dal:V350:009AF2:F93A3E,$009AF2,OS+0x090F2,mapped-segment1,OS-RAM,$FFF93A3E,$F93A3E,,ROM,direct,direct-abs.l,V350,static-abs.l,unknown,,1,jmp,,
dal:V350:009AF8:F93A48,$009AF8,OS+0x090F8,mapped-segment1,OS-RAM,$FFF93A48,$F93A48,,ROM,direct,direct-abs.l,V350,static-abs.l,unknown,,1,jmp,,
dal:V350:009AFE:F93ABC,$009AFE,OS+0x090FE,mapped-segment1,OS-RAM,$FFF93ABC,$F93ABC,,ROM,direct,direct-abs.l,V350,static-abs.l,unknown,,1,jmp,,
dal:V350:009B04:F93AC8,$009B04,OS+0x09104,mapped-segment1,OS-RAM,$FFF93AC8,$F93AC8,,ROM,direct,direct-abs.l,V350,static-abs.l,unknown,,1,jmp,,
dal:V350:009B0A:F93AEC,$009B0A,OS+0x0910A,mapped-segment1,OS-RAM,$FFF93AEC,$F93AEC,,ROM,direct,direct-abs.l,V350,static-abs.l,unknown,,1,jmp,,
dal:V350:009B10:F93B38,$009B10,OS+0x09110,mapped-segment1,OS-RAM,$FFF93B38,$F93B38,,ROM,direct,direct-abs.l,V350,static-abs.l,unknown,,1,jmp,,
dal:V350:009B16:F93B44,$009B16,OS+0x09116,mapped-segment1,OS-RAM,$FFF93B44,$F93B44,,ROM,direct,direct-abs.l,V350,static-abs.l,unknown,,1,jmp,,
dal:V350:009B22:F93C04,$009B22,OS+0x09122,mapped-segment1,OS-RAM,$FFF93C04,$F93C04,,ROM,direct,direct-abs.l,V350,static-abs.l,unknown,,1,jmp,,
dal:V350:009B28:F93C46,$009B28,OS+0x09128,mapped-segment1,OS-RAM,$FFF93C46,$F93C46,,ROM,direct,direct-abs.l,V350,static-abs.l,unknown,,1,jmp,,
dal:V350:009B2E:F93C6C,$009B2E,OS+0x0912E,mapped-segment1,OS-RAM,$FFF93C6C,$F93C6C,,ROM,direct,direct-abs.l,V350,static-abs.l,unknown,,1,jmp,,
dal:V350:009B34:F93C7C,$009B34,OS+0x09134,mapped-segment1,OS-RAM,$FFF93C7C,$F93C7C,,ROM,direct,direct-abs.l,V350,static-abs.l,unknown,,1,jmp,,
dal:V350:009B3A:F93C90,$009B3A,OS+0x0913A,mapped-segment1,OS-RAM,$FFF93C90,$F93C90,,ROM,direct,direct-abs.l,V350,static-abs.l,unknown,,1,jmp,,
dal:V350:009B40:F93CA8,$009B40,OS+0x09140,mapped-segment1,OS-RAM,$FFF93CA8,$F93CA8,,ROM,direct,direct-abs.l,V350,static-abs.l,unknown,,1,jmp,,
dal:V350:009B46:F93CB6,$009B46,OS+0x09146,mapped-segment1,OS-RAM,$FFF93CB6,$F93CB6,,ROM,direct,direct-abs.l,V350,static-abs.l,unknown,,1,jmp,,
dal:V350:009B4C:F93CF2,$009B4C,OS+0x0914C,mapped-segment1,OS-RAM,$FFF93CF2,$F93CF2,,ROM,direct,direct-abs.l,V350,static-abs.l,unknown,,1,jmp,,
dal:V350:009B52:F93D0A,$009B52,OS+0x09152,mapped-segment1,OS-RAM,$FFF93D0A,$F93D0A,,ROM,direct,direct-abs.l,V350,static-abs.l,unknown,,1,jmp,,
dal:V350:009B58:F93D2C,$009B58,OS+0x09158,mapped-segment1,OS-RAM,$FFF93D2C,$F93D2C,,ROM,direct,direct-abs.l,V350,static-abs.l,unknown,,1,jmp,,
dal:V350:009B5E:F93DD6,$009B5E,OS+0x0915E,mapped-segment1,OS-RAM,$FFF93DD6,$F93DD6,,ROM,direct,direct-abs.l,V350,static-abs.l,unknown,,1,jmp,,
dal:V350:009B64:F93DDC,$009B64,OS+0x09164,mapped-segment1,OS-RAM,$FFF93DDC,$F93DDC,,ROM,direct,direct-abs.l,V350,static-abs.l,unknown,,1,jmp,,
dal:V350:009B6A:F93E1A,$009B6A,OS+0x0916A,mapped-segment1,OS-RAM,$FFF93E1A,$F93E1A,,ROM,direct,direct-abs.l,V350,static-abs.l,unknown,,1,jmp,,
dal:V350:009B70:F93EC4,$009B70,OS+0x09170,mapped-segment1,OS-RAM,$FFF93EC4,$F93EC4,,ROM,direct,direct-abs.l,V350,static-abs.l,unknown,,1,jmp,,
dal:V350:009B76:F93ED0,$009B76,OS+0x09176,mapped-segment1,OS-RAM,$FFF93ED0,$F93ED0,,ROM,direct,direct-abs.l,V350,static-abs.l,unknown,,1,jmp,,
dal:V350:009B82:F93F20,$009B82,OS+0x09182,mapped-segment1,OS-RAM,$FFF93F20,$F93F20,,ROM,direct,direct-abs.l,V350,static-abs.l,unknown,,1,jmp,,
dal:V350:009B88:F93F4C,$009B88,OS+0x09188,mapped-segment1,OS-RAM,$FFF93F4C,$F93F4C,,ROM,direct,direct-abs.l,V350,static-abs.l,unknown,,1,jmp,,
dal:V350:009B8E:F93F82,$009B8E,OS+0x0918E,mapped-segment1,OS-RAM,$FFF93F82,$F93F82,,ROM,direct,direct-abs.l,V350,static-abs.l,unknown,,1,jmp,,
dal:V350:009B94:F93FC0,$009B94,OS+0x09194,mapped-segment1,OS-RAM,$FFF93FC0,$F93FC0,,ROM,direct,direct-abs.l,V350,static-abs.l,unknown,,1,jmp,,
dal:V350:009B9A:F93FAE,$009B9A,OS+0x0919A,mapped-segment1,OS-RAM,$FFF93FAE,$F93FAE,,ROM,direct,direct-abs.l,V350,static-abs.l,unknown,,1,jmp,,
dal:V350:009BA0:F93FF4,$009BA0,OS+0x091A0,mapped-segment1,OS-RAM,$FFF93FF4,$F93FF4,,ROM,direct,direct-abs.l,V350,static-abs.l,unknown,,1,jmp,,
dal:V350:009BA6:F94000,$009BA6,OS+0x091A6,mapped-segment1,OS-RAM,$FFF94000,$F94000,,ROM,direct,direct-abs.l,V350,static-abs.l,unknown,,1,jmp,,
dal:V350:009BAC:F9402E,$009BAC,OS+0x091AC,mapped-segment1,OS-RAM,$FFF9402E,$F9402E,,ROM,direct,direct-abs.l,V350,static-abs.l,unknown,,1,jmp,,
dal:V350:009BB2:F94064,$009BB2,OS+0x091B2,mapped-segment1,OS-RAM,$FFF94064,$F94064,,ROM,direct,direct-abs.l,V350,static-abs.l,unknown,,1,jmp,,
dal:V350:009BB8:F94084,$009BB8,OS+0x091B8,mapped-segment1,OS-RAM,$FFF94084,$F94084,,ROM,direct,direct-abs.l,V350,static-abs.l,unknown,,1,jmp,,
dal:V350:009BBE:F940A6,$009BBE,OS+0x091BE,mapped-segment1,OS-RAM,$FFF940A6,$F940A6,,ROM,direct,direct-abs.l,V350,static-abs.l,unknown,,1,jmp,,
dal:V350:009BC4:F940EC,$009BC4,OS+0x091C4,mapped-segment1,OS-RAM,$FFF940EC,$F940EC,,ROM,direct,direct-abs.l,V350,static-abs.l,unknown,,1,jmp,,
dal:V350:009BCA:F9411E,$009BCA,OS+0x091CA,mapped-segment1,OS-RAM,$FFF9411E,$F9411E,,ROM,direct,direct-abs.l,V350,static-abs.l,unknown,,1,jmp,,
dal:V350:009BD0:F9418C,$009BD0,OS+0x091D0,mapped-segment1,OS-RAM,$FFF9418C,$F9418C,,ROM,direct,direct-abs.l,V350,static-abs.l,unknown,,1,jmp,,
dal:V350:009BD6:F941AE,$009BD6,OS+0x091D6,mapped-segment1,OS-RAM,$FFF941AE,$F941AE,,ROM,direct,direct-abs.l,V350,static-abs.l,unknown,,1,jmp,,
dal:V350:009BDC:F941CA,$009BDC,OS+0x091DC,mapped-segment1,OS-RAM,$FFF941CA,$F941CA,,ROM,direct,direct-abs.l,V350,static-abs.l,unknown,,1,jmp,,
dal:V350:009C00:F940C4,$009C00,OS+0x09200,mapped-segment1,OS-RAM,$FFF940C4,$F940C4,,ROM,direct,direct-abs.l,V350,static-abs.l,unknown,,1,jmp,,
dal:V350:009C06:F940DE,$009C06,OS+0x09206,mapped-segment1,OS-RAM,$FFF940DE,$F940DE,,ROM,direct,direct-abs.l,V350,static-abs.l,unknown,,1,jmp,,
dal:V350:009C3E:F94482,$009C3E,OS+0x0923E,mapped-segment1,OS-RAM,$FFF94482,$F94482,,ROM,direct,direct-abs.l,V350,static-abs.l,unknown,,1,jmp,,
dal:V350:009C44:F9448E,$009C44,OS+0x09244,mapped-segment1,OS-RAM,$FFF9448E,$F9448E,,ROM,direct,direct-abs.l,V350,static-abs.l,unknown,,1,jmp,,
dal:V350:009C4A:F944A8,$009C4A,OS+0x0924A,mapped-segment1,OS-RAM,$FFF944A8,$F944A8,,ROM,direct,direct-abs.l,V350,static-abs.l,unknown,,1,jmp,,
dal:V350:009C50:F94520,$009C50,OS+0x09250,mapped-segment1,OS-RAM,$FFF94520,$F94520,,ROM,direct,direct-abs.l,V350,static-abs.l,unknown,,1,jmp,,
dal:V350:009C56:F9453A,$009C56,OS+0x09256,mapped-segment1,OS-RAM,$FFF9453A,$F9453A,,ROM,direct,direct-abs.l,V350,static-abs.l,unknown,,1,jmp,,
dal:V350:009C5C:F94546,$009C5C,OS+0x0925C,mapped-segment1,OS-RAM,$FFF94546,$F94546,,ROM,direct,direct-abs.l,V350,static-abs.l,unknown,,1,jmp,,
dal:V350:009C62:F94552,$009C62,OS+0x09262,mapped-segment1,OS-RAM,$FFF94552,$F94552,,ROM,direct,direct-abs.l,V350,static-abs.l,unknown,,1,jmp,,
dal:V350:009C68:F9456C,$009C68,OS+0x09268,mapped-segment1,OS-RAM,$FFF9456C,$F9456C,,ROM,direct,direct-abs.l,V350,static-abs.l,unknown,,1,jmp,,
dal:V350:009C6E:F945AA,$009C6E,OS+0x0926E,mapped-segment1,OS-RAM,$FFF945AA,$F945AA,,ROM,direct,direct-abs.l,V350,static-abs.l,unknown,,1,jmp,,
dal:V350:009C74:F945C2,$009C74,OS+0x09274,mapped-segment1,OS-RAM,$FFF945C2,$F945C2,,ROM,direct,direct-abs.l,V350,static-abs.l,unknown,,1,jmp,,
dal:V350:009C7A:F945CE,$009C7A,OS+0x0927A,mapped-segment1,OS-RAM,$FFF945CE,$F945CE,,ROM,direct,direct-abs.l,V350,static-abs.l,unknown,,1,jmp,,
dal:V350:009C80:F945DA,$009C80,OS+0x09280,mapped-segment1,OS-RAM,$FFF945DA,$F945DA,,ROM,direct,direct-abs.l,V350,static-abs.l,unknown,,1,jmp,,
dal:V350:009C86:F945F6,$009C86,OS+0x09286,mapped-segment1,OS-RAM,$FFF945F6,$F945F6,,ROM,direct,direct-abs.l,V350,static-abs.l,unknown,,1,jmp,,
dal:V350:009C8C:F9469A,$009C8C,OS+0x0928C,mapped-segment1,OS-RAM,$FFF9469A,$F9469A,,ROM,direct,direct-abs.l,V350,static-abs.l,unknown,,1,jmp,,
dal:V350:009C92:F946A2,$009C92,OS+0x09292,mapped-segment1,OS-RAM,$FFF946A2,$F946A2,,ROM,direct,direct-abs.l,V350,static-abs.l,unknown,,1,jmp,,
dal:V350:009C98:F94702,$009C98,OS+0x09298,mapped-segment1,OS-RAM,$FFF94702,$F94702,,ROM,direct,direct-abs.l,V350,static-abs.l,unknown,,1,jmp,,
dal:V350:009C9E:F9474E,$009C9E,OS+0x0929E,mapped-segment1,OS-RAM,$FFF9474E,$F9474E,,ROM,direct,direct-abs.l,V350,static-abs.l,unknown,,1,jmp,,
dal:V350:009CA4:F9475A,$009CA4,OS+0x092A4,mapped-segment1,OS-RAM,$FFF9475A,$F9475A,,ROM,direct,direct-abs.l,V350,static-abs.l,unknown,,1,jmp,,
dal:V350:009CAA:F94766,$009CAA,OS+0x092AA,mapped-segment1,OS-RAM,$FFF94766,$F94766,,ROM,direct,direct-abs.l,V350,static-abs.l,unknown,,1,jmp,,
dal:V350:009CB0:F9477A,$009CB0,OS+0x092B0,mapped-segment1,OS-RAM,$FFF9477A,$F9477A,,ROM,direct,direct-abs.l,V350,static-abs.l,unknown,,1,jmp,,
dal:V350:009CB6:F9478C,$009CB6,OS+0x092B6,mapped-segment1,OS-RAM,$FFF9478C,$F9478C,,ROM,direct,direct-abs.l,V350,static-abs.l,unknown,,1,jmp,,
dal:V350:009CBC:F94792,$009CBC,OS+0x092BC,mapped-segment1,OS-RAM,$FFF94792,$F94792,,ROM,direct,direct-abs.l,V350,static-abs.l,unknown,,1,jmp,,
dal:V350:009CC2:F947E8,$009CC2,OS+0x092C2,mapped-segment1,OS-RAM,$FFF947E8,$F947E8,,ROM,direct,direct-abs.l,V350,static-abs.l,unknown,,1,jmp,,
dal:V350:009CC8:F9480A,$009CC8,OS+0x092C8,mapped-segment1,OS-RAM,$FFF9480A,$F9480A,,ROM,direct,direct-abs.l,V350,static-abs.l,unknown,,1,jmp,,
dal:V350:009CCE:F94856,$009CCE,OS+0x092CE,mapped-segment1,OS-RAM,$FFF94856,$F94856,,ROM,direct,direct-abs.l,V350,static-abs.l,unknown,,1,jmp,,
dal:V350:009CD4:F94872,$009CD4,OS+0x092D4,mapped-segment1,OS-RAM,$FFF94872,$F94872,,ROM,direct,direct-abs.l,V350,static-abs.l,unknown,,1,jmp,,
dal:V350:009CDA:F94896,$009CDA,OS+0x092DA,mapped-segment1,OS-RAM,$FFF94896,$F94896,,ROM,direct,direct-abs.l,V350,static-abs.l,unknown,,1,jmp,,
dal:V350:009CE0:F948D4,$009CE0,OS+0x092E0,mapped-segment1,OS-RAM,$FFF948D4,$F948D4,,ROM,direct,direct-abs.l,V350,static-abs.l,unknown,,1,jmp,,
dal:V350:009CE6:F949AC,$009CE6,OS+0x092E6,mapped-segment1,OS-RAM,$FFF949AC,$F949AC,,ROM,direct,direct-abs.l,V350,static-abs.l,unknown,,1,jmp,,
dal:V350:009CEC:F94AD0,$009CEC,OS+0x092EC,mapped-segment1,OS-RAM,$FFF94AD0,$F94AD0,,ROM,direct,direct-abs.l,V350,static-abs.l,unknown,,1,jmp,,
dal:V350:009CF8:F94C8E,$009CF8,OS+0x092F8,mapped-segment1,OS-RAM,$FFF94C8E,$F94C8E,,ROM,direct,direct-abs.l,V350,static-abs.l,unknown,,1,jmp,,
dal:V350:009CFE:F94C94,$009CFE,OS+0x092FE,mapped-segment1,OS-RAM,$FFF94C94,$F94C94,,ROM,direct,direct-abs.l,V350,static-abs.l,unknown,,1,jmp,,
dal:V350:009D04:F94CC4,$009D04,OS+0x09304,mapped-segment1,OS-RAM,$FFF94CC4,$F94CC4,,ROM,direct,direct-abs.l,V350,static-abs.l,unknown,,1,jmp,,
dal:V350:009D0A:F94CC4,$009D0A,OS+0x0930A,mapped-segment1,OS-RAM,$FFF94CC4,$F94CC4,,ROM,direct,direct-abs.l,V350,static-abs.l,unknown,,1,jmp,,
dal:V350:009D10:F94CFE,$009D10,OS+0x09310,mapped-segment1,OS-RAM,$FFF94CFE,$F94CFE,,ROM,direct,direct-abs.l,V350,static-abs.l,unknown,,1,jmp,,
dal:V350:009D16:F94D08,$009D16,OS+0x09316,mapped-segment1,OS-RAM,$FFF94D08,$F94D08,,ROM,direct,direct-abs.l,V350,static-abs.l,unknown,,1,jmp,,
dal:V350:009D1C:F94D54,$009D1C,OS+0x0931C,mapped-segment1,OS-RAM,$FFF94D54,$F94D54,,ROM,direct,direct-abs.l,V350,static-abs.l,unknown,,1,jmp,,
dal:V350:009D22:F94D5C,$009D22,OS+0x09322,mapped-segment1,OS-RAM,$FFF94D5C,$F94D5C,,ROM,direct,direct-abs.l,V350,static-abs.l,unknown,,1,jmp,,
dal:V350:009D28:F94DA0,$009D28,OS+0x09328,mapped-segment1,OS-RAM,$FFF94DA0,$F94DA0,,ROM,direct,direct-abs.l,V350,static-abs.l,unknown,,1,jmp,,
dal:V350:009D2E:F94DB0,$009D2E,OS+0x0932E,mapped-segment1,OS-RAM,$FFF94DB0,$F94DB0,,ROM,direct,direct-abs.l,V350,static-abs.l,unknown,,1,jmp,,
dal:V350:009D34:F94DB0,$009D34,OS+0x09334,mapped-segment1,OS-RAM,$FFF94DB0,$F94DB0,,ROM,direct,direct-abs.l,V350,static-abs.l,unknown,,1,jmp,,
dal:V350:009D3A:F94DD2,$009D3A,OS+0x0933A,mapped-segment1,OS-RAM,$FFF94DD2,$F94DD2,,ROM,direct,direct-abs.l,V350,static-abs.l,unknown,,1,jmp,,
dal:V350:009D40:F94E28,$009D40,OS+0x09340,mapped-segment1,OS-RAM,$FFF94E28,$F94E28,,ROM,direct,direct-abs.l,V350,static-abs.l,unknown,,1,jmp,,
dal:V350:009D46:F94F3A,$009D46,OS+0x09346,mapped-segment1,OS-RAM,$FFF94F3A,$F94F3A,,ROM,direct,direct-abs.l,V350,static-abs.l,unknown,,1,jmp,,
dal:V350:009D4C:F94F26,$009D4C,OS+0x0934C,mapped-segment1,OS-RAM,$FFF94F26,$F94F26,,ROM,direct,direct-abs.l,V350,static-abs.l,unknown,,1,jmp,,
dal:V350:009D52:F94E4E,$009D52,OS+0x09352,mapped-segment1,OS-RAM,$FFF94E4E,$F94E4E,,ROM,direct,direct-abs.l,V350,static-abs.l,unknown,,1,jmp,,
dal:V350:009D58:F94E66,$009D58,OS+0x09358,mapped-segment1,OS-RAM,$FFF94E66,$F94E66,,ROM,direct,direct-abs.l,V350,static-abs.l,unknown,,1,jmp,,
dal:V350:009D5E:F94D28,$009D5E,OS+0x0935E,mapped-segment1,OS-RAM,$FFF94D28,$F94D28,,ROM,direct,direct-abs.l,V350,static-abs.l,unknown,,1,jmp,,
dal:V350:009D64:F94E7C,$009D64,OS+0x09364,mapped-segment1,OS-RAM,$FFF94E7C,$F94E7C,,ROM,direct,direct-abs.l,V350,static-abs.l,unknown,,1,jmp,,
dal:V350:009ED2:F95238,$009ED2,OS+0x094D2,mapped-segment1,OS-RAM,$FFF95238,$F95238,,ROM,direct,direct-abs.l,V350,static-abs.l,unknown,,1,jmp,,
dal:V350:009EEA:F951F4,$009EEA,OS+0x094EA,mapped-segment1,OS-RAM,$FFF951F4,$F951F4,,ROM,direct,direct-abs.l,V350,static-abs.l,unknown,,1,jmp,,
dal:V350:009EF0:F95076,$009EF0,OS+0x094F0,mapped-segment1,OS-RAM,$FFF95076,$F95076,,ROM,direct,direct-abs.l,V350,static-abs.l,unknown,,1,jmp,,
dal:V350:009EF6:F950A0,$009EF6,OS+0x094F6,mapped-segment1,OS-RAM,$FFF950A0,$F950A0,,ROM,direct,direct-abs.l,V350,static-abs.l,unknown,,1,jmp,,
dal:V350:009F02:F95250,$009F02,OS+0x09502,mapped-segment1,OS-RAM,$FFF95250,$F95250,,ROM,direct,direct-abs.l,V350,static-abs.l,unknown,,1,jmp,,
dal:V350:009F0E:F95318,$009F0E,OS+0x0950E,mapped-segment1,OS-RAM,$FFF95318,$F95318,,ROM,direct,direct-abs.l,V350,static-abs.l,unknown,,1,jmp,,
dal:V350:009F14:F9532C,$009F14,OS+0x09514,mapped-segment1,OS-RAM,$FFF9532C,$F9532C,,ROM,direct,direct-abs.l,V350,static-abs.l,unknown,,1,jmp,,
dal:V350:009F1A:F951EA,$009F1A,OS+0x0951A,mapped-segment1,OS-RAM,$FFF951EA,$F951EA,,ROM,direct,direct-abs.l,V350,static-abs.l,unknown,,1,jmp,,
dal:V350:009F42:F955E4,$009F42,OS+0x09542,mapped-segment1,OS-RAM,$FFF955E4,$F955E4,,ROM,direct,direct-abs.l,V350,static-abs.l,unknown,,1,jmp,,
dal:V350:009F48:F954E0,$009F48,OS+0x09548,mapped-segment1,OS-RAM,$FFF954E0,$F954E0,,ROM,direct,direct-abs.l,V350,static-abs.l,unknown,,1,jmp,,
dal:V350:009F4E:F95466,$009F4E,OS+0x0954E,mapped-segment1,OS-RAM,$FFF95466,$F95466,,ROM,direct,direct-abs.l,V350,static-abs.l,unknown,,1,jmp,,
dal:V350:009F54:F95432,$009F54,OS+0x09554,mapped-segment1,OS-RAM,$FFF95432,$F95432,,ROM,direct,direct-abs.l,V350,static-abs.l,unknown,,1,jmp,,
dal:V350:009F5A:F95414,$009F5A,OS+0x0955A,mapped-segment1,OS-RAM,$FFF95414,$F95414,,ROM,direct,direct-abs.l,V350,static-abs.l,unknown,,1,jmp,,
dal:V350:009F66:F955F0,$009F66,OS+0x09566,mapped-segment1,OS-RAM,$FFF955F0,$F955F0,,ROM,direct,direct-abs.l,V350,static-abs.l,unknown,,1,jmp,,
dal:V350:009F6C:F95730,$009F6C,OS+0x0956C,mapped-segment1,OS-RAM,$FFF95730,$F95730,,ROM,direct,direct-abs.l,V350,static-abs.l,unknown,,1,jmp,,
dal:V350:009F72:F95800,$009F72,OS+0x09572,mapped-segment1,OS-RAM,$FFF95800,$F95800,,ROM,direct,direct-abs.l,V350,static-abs.l,unknown,,1,jmp,,
dal:V350:009F78:F9579C,$009F78,OS+0x09578,mapped-segment1,OS-RAM,$FFF9579C,$F9579C,,ROM,direct,direct-abs.l,V350,static-abs.l,unknown,,1,jmp,,
dal:V350:009F7E:F957C0,$009F7E,OS+0x0957E,mapped-segment1,OS-RAM,$FFF957C0,$F957C0,,ROM,direct,direct-abs.l,V350,static-abs.l,unknown,,1,jmp,,
dal:V350:009F84:F957DE,$009F84,OS+0x09584,mapped-segment1,OS-RAM,$FFF957DE,$F957DE,,ROM,direct,direct-abs.l,V350,static-abs.l,unknown,,1,jmp,,
dal:V350:009F8A:F95810,$009F8A,OS+0x0958A,mapped-segment1,OS-RAM,$FFF95810,$F95810,,ROM,direct,direct-abs.l,V350,static-abs.l,unknown,,1,jmp,,
dal:V350:009F90:F9584A,$009F90,OS+0x09590,mapped-segment1,OS-RAM,$FFF9584A,$F9584A,,ROM,direct,direct-abs.l,V350,static-abs.l,unknown,,1,jmp,,
dal:V350:009F96:F95992,$009F96,OS+0x09596,mapped-segment1,OS-RAM,$FFF95992,$F95992,,ROM,direct,direct-abs.l,V350,static-abs.l,unknown,,1,jmp,,
dal:V350:009F9C:F957D0,$009F9C,OS+0x0959C,mapped-segment1,OS-RAM,$FFF957D0,$F957D0,,ROM,direct,direct-abs.l,V350,static-abs.l,unknown,,1,jmp,,
dal:V350:009FA2:F956F6,$009FA2,OS+0x095A2,mapped-segment1,OS-RAM,$FFF956F6,$F956F6,,ROM,direct,direct-abs.l,V350,static-abs.l,unknown,,1,jmp,,
dal:V350:009FA8:F959CC,$009FA8,OS+0x095A8,mapped-segment1,OS-RAM,$FFF959CC,$F959CC,,ROM,direct,direct-abs.l,V350,static-abs.l,unknown,,1,jmp,,
dal:V350:009FAE:F95A9E,$009FAE,OS+0x095AE,mapped-segment1,OS-RAM,$FFF95A9E,$F95A9E,,ROM,direct,direct-abs.l,V350,static-abs.l,unknown,,1,jmp,,
dal:V350:009FB4:F95AF0,$009FB4,OS+0x095B4,mapped-segment1,OS-RAM,$FFF95AF0,$F95AF0,,ROM,direct,direct-abs.l,V350,static-abs.l,unknown,,1,jmp,,
dal:V350:009FC0:F95B3C,$009FC0,OS+0x095C0,mapped-segment1,OS-RAM,$FFF95B3C,$F95B3C,,ROM,direct,direct-abs.l,V350,static-abs.l,unknown,,1,jmp,,
dal:V350:009FC6:F95B48,$009FC6,OS+0x095C6,mapped-segment1,OS-RAM,$FFF95B48,$F95B48,,ROM,direct,direct-abs.l,V350,static-abs.l,unknown,,1,jmp,,
dal:V350:009FCC:F95B8C,$009FCC,OS+0x095CC,mapped-segment1,OS-RAM,$FFF95B8C,$F95B8C,,ROM,direct,direct-abs.l,V350,static-abs.l,unknown,,1,jmp,,
dal:V350:009FD2:F95AD0,$009FD2,OS+0x095D2,mapped-segment1,OS-RAM,$FFF95AD0,$F95AD0,,ROM,direct,direct-abs.l,V350,static-abs.l,unknown,,1,jmp,,
dal:V350:009FD8:F95BD6,$009FD8,OS+0x095D8,mapped-segment1,OS-RAM,$FFF95BD6,$F95BD6,,ROM,direct,direct-abs.l,V350,static-abs.l,unknown,,1,jmp,,
dal:V350:009FEA:F95C24,$009FEA,OS+0x095EA,mapped-segment1,OS-RAM,$FFF95C24,$F95C24,,ROM,direct,direct-abs.l,V350,static-abs.l,unknown,,1,jmp,,
dal:V350:009FF6:F959E0,$009FF6,OS+0x095F6,mapped-segment1,OS-RAM,$FFF959E0,$F959E0,,ROM,direct,direct-abs.l,V350,static-abs.l,unknown,,1,jmp,,
dal:V350:F09608:F95C3E,,OS+0x09608,unmapped-segment,OS-RAM,$FFF95C3E,$F95C3E,,ROM,direct,direct-abs.l,V350,static-abs.l,unknown,,1,jmp,,
dal:V350:F0960E:F95C90,,OS+0x0960E,unmapped-segment,OS-RAM,$FFF95C90,$F95C90,,ROM,direct,direct-abs.l,V350,static-abs.l,unknown,,1,jmp,,
dal:V350:F09614:F95E24,,OS+0x09614,unmapped-segment,OS-RAM,$FFF95E24,$F95E24,,ROM,direct,direct-abs.l,V350,static-abs.l,unknown,,1,jmp,,
dal:V350:F0961A:F95CAC,,OS+0x0961A,unmapped-segment,OS-RAM,$FFF95CAC,$F95CAC,,ROM,direct,direct-abs.l,V350,static-abs.l,unknown,,1,jmp,,
dal:V350:F09620:F95D82,,OS+0x09620,unmapped-segment,OS-RAM,$FFF95D82,$F95D82,,ROM,direct,direct-abs.l,V350,static-abs.l,unknown,,1,jmp,,
dal:V350:F09626:F95EB2,,OS+0x09626,unmapped-segment,OS-RAM,$FFF95EB2,$F95EB2,,ROM,direct,direct-abs.l,V350,static-abs.l,unknown,,1,jmp,,
dal:V350:F09644:F95FFA,,OS+0x09644,unmapped-segment,OS-RAM,$FFF95FFA,$F95FFA,,ROM,direct,direct-abs.l,V350,static-abs.l,unknown,,1,jmp,,
dal:V350:F0964A:F96022,,OS+0x0964A,unmapped-segment,OS-RAM,$FFF96022,$F96022,,ROM,direct,direct-abs.l,V350,static-abs.l,unknown,,1,jmp,,
dal:V350:F09656:F960E0,,OS+0x09656,unmapped-segment,OS-RAM,$FFF960E0,$F960E0,,ROM,direct,direct-abs.l,V350,static-abs.l,unknown,,1,jmp,,
dal:V350:F0965C:F9615A,,OS+0x0965C,unmapped-segment,OS-RAM,$FFF9615A,$F9615A,,ROM,direct,direct-abs.l,V350,static-abs.l,unknown,,1,jmp,,
dal:V350:F09662:F95C52,,OS+0x09662,unmapped-segment,OS-RAM,$FFF95C52,$F95C52,,ROM,direct,direct-abs.l,V350,static-abs.l,unknown,,1,jmp,,
dal:V350:F09668:F95E6E,,OS+0x09668,unmapped-segment,OS-RAM,$FFF95E6E,$F95E6E,,ROM,direct,direct-abs.l,V350,static-abs.l,unknown,,1,jmp,,
dal:V350:F0969E:F962DE,,OS+0x0969E,unmapped-segment,OS-RAM,$FFF962DE,$F962DE,,ROM,direct,direct-abs.l,V350,static-abs.l,unknown,,1,jmp,,
dal:V350:F096A4:F96328,,OS+0x096A4,unmapped-segment,OS-RAM,$FFF96328,$F96328,,ROM,direct,direct-abs.l,V350,static-abs.l,unknown,,1,jmp,,
dal:V350:F096C2:F9640C,,OS+0x096C2,unmapped-segment,OS-RAM,$FFF9640C,$F9640C,,ROM,direct,direct-abs.l,V350,static-abs.l,unknown,,1,jmp,,
dal:V350:F096C8:F9646A,,OS+0x096C8,unmapped-segment,OS-RAM,$FFF9646A,$F9646A,,ROM,direct,direct-abs.l,V350,static-abs.l,unknown,,1,jmp,,
dal:V350:F096DA:F96256,,OS+0x096DA,unmapped-segment,OS-RAM,$FFF96256,$F96256,,ROM,direct,direct-abs.l,V350,static-abs.l,unknown,,1,jmp,,
dal:V350:F096E0:F9651A,,OS+0x096E0,unmapped-segment,OS-RAM,$FFF9651A,$F9651A,,ROM,direct,direct-abs.l,V350,static-abs.l,unknown,,1,jmp,,
dal:V350:F096F8:F96232,,OS+0x096F8,unmapped-segment,OS-RAM,$FFF96232,$F96232,,ROM,direct,direct-abs.l,V350,static-abs.l,unknown,,1,jmp,,
dal:V350:F09712:F9653E,,OS+0x09712,unmapped-segment,OS-RAM,$FFF9653E,$F9653E,,ROM,direct,direct-abs.l,V350,static-abs.l,unknown,,1,jmp,,
dal:V350:F09718:F96556,,OS+0x09718,unmapped-segment,OS-RAM,$FFF96556,$F96556,,ROM,direct,direct-abs.l,V350,static-abs.l,unknown,,1,jmp,,
dal:V350:F0971E:F9658A,,OS+0x0971E,unmapped-segment,OS-RAM,$FFF9658A,$F9658A,,ROM,direct,direct-abs.l,V350,static-abs.l,unknown,,1,jmp,,
dal:V350:F09724:F965A2,,OS+0x09724,unmapped-segment,OS-RAM,$FFF965A2,$F965A2,,ROM,direct,direct-abs.l,V350,static-abs.l,unknown,,1,jmp,,
dal:V350:F0972A:F96638,,OS+0x0972A,unmapped-segment,OS-RAM,$FFF96638,$F96638,,ROM,direct,direct-abs.l,V350,static-abs.l,unknown,,1,jmp,,
dal:V350:F09736:F9666C,,OS+0x09736,unmapped-segment,OS-RAM,$FFF9666C,$F9666C,,ROM,direct,direct-abs.l,V350,static-abs.l,unknown,,1,jmp,,
dal:V350:F0973C:F9678C,,OS+0x0973C,unmapped-segment,OS-RAM,$FFF9678C,$F9678C,,ROM,direct,direct-abs.l,V350,static-abs.l,unknown,,1,jmp,,
dal:V350:F0974E:F96934,,OS+0x0974E,unmapped-segment,OS-RAM,$FFF96934,$F96934,,ROM,direct,direct-abs.l,V350,static-abs.l,unknown,,1,jmp,,
dal:V350:F09760:F96A24,,OS+0x09760,unmapped-segment,OS-RAM,$FFF96A24,$F96A24,,ROM,direct,direct-abs.l,V350,static-abs.l,unknown,,1,jmp,,
dal:V350:F0976C:F96728,,OS+0x0976C,unmapped-segment,OS-RAM,$FFF96728,$F96728,,ROM,direct,direct-abs.l,V350,static-abs.l,unknown,,1,jmp,,
dal:V350:F09772:F9675C,,OS+0x09772,unmapped-segment,OS-RAM,$FFF9675C,$F9675C,,ROM,direct,direct-abs.l,V350,static-abs.l,unknown,,1,jmp,,
dal:V350:F0977E:F9690E,,OS+0x0977E,unmapped-segment,OS-RAM,$FFF9690E,$F9690E,,ROM,direct,direct-abs.l,V350,static-abs.l,unknown,,1,jmp,,
dal:V350:F0979A:F96B52,,OS+0x0979A,unmapped-segment,OS-RAM,$FFF96B52,$F96B52,,ROM,direct,direct-abs.l,V350,static-abs.l,unknown,,1,jmp,,
dal:V350:F097BE:F96CE2,,OS+0x097BE,unmapped-segment,OS-RAM,$FFF96CE2,$F96CE2,,ROM,direct,direct-abs.l,V350,static-abs.l,unknown,,1,jmp,,
dal:V350:F097C4:F96CF0,,OS+0x097C4,unmapped-segment,OS-RAM,$FFF96CF0,$F96CF0,,ROM,direct,direct-abs.l,V350,static-abs.l,unknown,,1,jmp,,
dal:V350:F097CA:F96CF8,,OS+0x097CA,unmapped-segment,OS-RAM,$FFF96CF8,$F96CF8,,ROM,direct,direct-abs.l,V350,static-abs.l,unknown,,1,jmp,,
dal:V350:F097D6:F96E36,,OS+0x097D6,unmapped-segment,OS-RAM,$FFF96E36,$F96E36,,ROM,direct,direct-abs.l,V350,static-abs.l,unknown,,1,jmp,,
dal:V350:F097DC:F9728C,,OS+0x097DC,unmapped-segment,OS-RAM,$FFF9728C,$F9728C,,ROM,direct,direct-abs.l,V350,static-abs.l,unknown,,1,jmp,,
dal:V350:F097E2:F972AA,,OS+0x097E2,unmapped-segment,OS-RAM,$FFF972AA,$F972AA,,ROM,direct,direct-abs.l,V350,static-abs.l,unknown,,1,jmp,,
dal:V350:F097FA:F96EF2,,OS+0x097FA,unmapped-segment,OS-RAM,$FFF96EF2,$F96EF2,,ROM,direct,direct-abs.l,V350,static-abs.l,unknown,,1,jmp,,
dal:V350:F09800:F96FDE,,OS+0x09800,unmapped-segment,OS-RAM,$FFF96FDE,$F96FDE,,ROM,direct,direct-abs.l,V350,static-abs.l,unknown,,1,jmp,,
dal:V350:F0983C:F96C4C,,OS+0x0983C,unmapped-segment,OS-RAM,$FFF96C4C,$F96C4C,,ROM,direct,direct-abs.l,V350,static-abs.l,unknown,,1,jmp,,
dal:V350:F09842:F96C9C,,OS+0x09842,unmapped-segment,OS-RAM,$FFF96C9C,$F96C9C,,ROM,direct,direct-abs.l,V350,static-abs.l,unknown,,1,jmp,,
dal:V350:F0988A:F88838,,OS+0x0988A,unmapped-segment,OS-RAM,$FFF88838,$F88838,,ROM,direct,direct-abs.l,V350,static-abs.l,unknown,,1,jmp,,
dal:V350:F098BE:F8B81C,,OS+0x098BE,unmapped-segment,OS-RAM,$FFF8B81C,$F8B81C,,ROM,direct,direct-abs.l,V350,static-abs.l,unknown,,1,jsr,,
dal:V350:F0990C:F8947E,,OS+0x0990C,unmapped-segment,OS-RAM,$FFF8947E,$F8947E,,ROM,direct,direct-abs.l,V350,static-abs.l,unknown,,1,jmp,,
dal:V350:F0993C:F894A4,,OS+0x0993C,unmapped-segment,OS-RAM,$FFF894A4,$F894A4,,ROM,direct,direct-abs.l,V350,static-abs.l,unknown,,1,jmp,,
dal:V350:F09A1E:F894FE,,OS+0x09A1E,unmapped-segment,OS-RAM,$FFF894FE,$F894FE,,ROM,direct,direct-abs.l,V350,static-abs.l,unknown,,1,jmp,,
dal:V350:F09A70:F89956,,OS+0x09A70,unmapped-segment,OS-RAM,$FFF89956,$F89956,,ROM,direct,direct-abs.l,V350,static-abs.l,unknown,,1,jmp,,
dal:V350:F09A80:F895EC,,OS+0x09A80,unmapped-segment,OS-RAM,$FFF895EC,$F895EC,,ROM,direct,direct-abs.l,V350,static-abs.l,unknown,,1,jmp,,
dal:V350:F09A90:F8960C,,OS+0x09A90,unmapped-segment,OS-RAM,$FFF8960C,$F8960C,,ROM,direct,direct-abs.l,V350,static-abs.l,unknown,,1,jmp,,
dal:V350:F09B0E:F8964E,,OS+0x09B0E,unmapped-segment,OS-RAM,$FFF8964E,$F8964E,,ROM,direct,direct-abs.l,V350,static-abs.l,unknown,,1,jsr,,
dal:V350:F09B1E:F89694,,OS+0x09B1E,unmapped-segment,OS-RAM,$FFF89694,$F89694,,ROM,direct,direct-abs.l,V350,static-abs.l,unknown,,1,jmp,,
dal:V350:F09BD2:F896B4,,OS+0x09BD2,unmapped-segment,OS-RAM,$FFF896B4,$F896B4,,ROM,direct,direct-abs.l,V350,static-abs.l,unknown,,1,jsr,,
dal:V350:F09D1A:F89978,,OS+0x09D1A,unmapped-segment,OS-RAM,$FFF89978,$F89978,,ROM,direct,direct-abs.l,V350,static-abs.l,unknown,,1,jsr,,
dal:V350:F09E66:F8971A,,OS+0x09E66,unmapped-segment,OS-RAM,$FFF8971A,$F8971A,,ROM,direct,direct-abs.l,V350,static-abs.l,unknown,,1,jmp,,
dal:V350:F09ED0:F89978,,OS+0x09ED0,unmapped-segment,OS-RAM,$FFF89978,$F89978,,ROM,direct,direct-abs.l,V350,static-abs.l,unknown,,1,jsr,,
dal:V350:F09EF8:F89778,,OS+0x09EF8,unmapped-segment,OS-RAM,$FFF89778,$F89778,,ROM,direct,direct-abs.l,V350,static-abs.l,unknown,,1,jmp,,
dal:V350:F0A000:F89794,,OS+0x0A000,unmapped-segment,OS-RAM,$FFF89794,$F89794,,ROM,direct,direct-abs.l,V350,static-abs.l,unknown,,1,jsr,,
dal:V350:F0A1DA:F8983A,,OS+0x0A1DA,unmapped-segment,OS-RAM,$FFF8983A,$F8983A,,ROM,direct,direct-abs.l,V350,static-abs.l,unknown,,1,jmp,,
dal:V350:F0A2A8:F8986A,,OS+0x0A2A8,unmapped-segment,OS-RAM,$FFF8986A,$F8986A,,ROM,direct,direct-abs.l,V350,static-abs.l,unknown,,1,jsr,,
dal:V350:F0A306:F8988E,,OS+0x0A306,unmapped-segment,OS-RAM,$FFF8988E,$F8988E,,ROM,direct,direct-abs.l,V350,static-abs.l,unknown,,1,jmp,,
dal:V350:F0A53E:F8B900,,OS+0x0A53E,unmapped-segment,OS-RAM,$FFF8B900,$F8B900,,ROM,direct,direct-abs.l,V350,static-abs.l,unknown,,1,jsr,,
dal:V350:F0A57A:F8B900,,OS+0x0A57A,unmapped-segment,OS-RAM,$FFF8B900,$F8B900,,ROM,direct,direct-abs.l,V350,static-abs.l,unknown,,1,jsr,,
dal:V350:F0A676:F89944,,OS+0x0A676,unmapped-segment,OS-RAM,$FFF89944,$F89944,,ROM,direct,direct-abs.l,V350,static-abs.l,unknown,,1,jmp,,
dal:V350:F0A68C:F898C0,,OS+0x0A68C,unmapped-segment,OS-RAM,$FFF898C0,$F898C0,,ROM,direct,direct-abs.l,V350,static-abs.l,unknown,,1,jmp,,
dal:V350:F0A696:F89BDE,,OS+0x0A696,unmapped-segment,OS-RAM,$FFF89BDE,$F89BDE,,ROM,direct,direct-abs.l,V350,static-abs.l,unknown,,1,jsr,,
dal:V350:F0A710:F89AEC,,OS+0x0A710,unmapped-segment,OS-RAM,$FFF89AEC,$F89AEC,,ROM,direct,direct-abs.l,V350,static-abs.l,unknown,,1,jsr,,
dal:V350:F0A78E:F89AEC,,OS+0x0A78E,unmapped-segment,OS-RAM,$FFF89AEC,$F89AEC,,ROM,direct,direct-abs.l,V350,static-abs.l,unknown,,1,jsr,,
dal:V350:F0A838:F89AEC,,OS+0x0A838,unmapped-segment,OS-RAM,$FFF89AEC,$F89AEC,,ROM,direct,direct-abs.l,V350,static-abs.l,unknown,,1,jsr,,
dal:V350:F0A8A0:F89AEC,,OS+0x0A8A0,unmapped-segment,OS-RAM,$FFF89AEC,$F89AEC,,ROM,direct,direct-abs.l,V350,static-abs.l,unknown,,1,jsr,,
dal:V350:F0A9CC:F89A9A,,OS+0x0A9CC,unmapped-segment,OS-RAM,$FFF89A9A,$F89A9A,,ROM,direct,direct-abs.l,V350,static-abs.l,unknown,,1,jsr,,
dal:V350:F0AA0C:F89A9A,,OS+0x0AA0C,unmapped-segment,OS-RAM,$FFF89A9A,$F89A9A,,ROM,direct,direct-abs.l,V350,static-abs.l,unknown,,1,jsr,,
dal:V350:F0AA56:F87FD2,,OS+0x0AA56,unmapped-segment,OS-RAM,$FFF87FD2,$F87FD2,,ROM,direct,direct-abs.l,V350,static-abs.l,unknown,,1,jsr,,
dal:V350:F0AA98:F87FD2,,OS+0x0AA98,unmapped-segment,OS-RAM,$FFF87FD2,$F87FD2,,ROM,direct,direct-abs.l,V350,static-abs.l,unknown,,1,jsr,,
dal:V350:F0AADC:F87FD2,,OS+0x0AADC,unmapped-segment,OS-RAM,$FFF87FD2,$F87FD2,,ROM,direct,direct-abs.l,V350,static-abs.l,unknown,,1,jsr,,
dal:V350:F0ABCC:F890E6,,OS+0x0ABCC,unmapped-segment,OS-RAM,$FFF890E6,$F890E6,,ROM,direct,direct-abs.l,V350,static-abs.l,unknown,,1,jmp,,
dal:V350:F0ACBA:F89102,,OS+0x0ACBA,unmapped-segment,OS-RAM,$FFF89102,$F89102,,ROM,direct,direct-abs.l,V350,static-abs.l,unknown,,1,jsr,,
dal:V350:F0AD00:F87FD2,,OS+0x0AD00,unmapped-segment,OS-RAM,$FFF87FD2,$F87FD2,,ROM,direct,direct-abs.l,V350,static-abs.l,unknown,,1,jsr,,
dal:V350:F0AD36:F89E20,,OS+0x0AD36,unmapped-segment,OS-RAM,$FFF89E20,$F89E20,,ROM,direct,direct-abs.l,V350,static-abs.l,unknown,,1,jmp,,
dal:V350:F0AD58:F89E84,,OS+0x0AD58,unmapped-segment,OS-RAM,$FFF89E84,$F89E84,,ROM,direct,direct-abs.l,V350,static-abs.l,unknown,,1,jmp,,
dal:V350:F0ADA8:F89FB0,,OS+0x0ADA8,unmapped-segment,OS-RAM,$FFF89FB0,$F89FB0,,ROM,direct,direct-abs.l,V350,static-abs.l,unknown,,1,jmp,,
dal:V350:F0ADAE:F8A036,,OS+0x0ADAE,unmapped-segment,OS-RAM,$FFF8A036,$F8A036,,ROM,direct,direct-abs.l,V350,static-abs.l,unknown,,1,jmp,,
dal:V350:F0ADB4:F8A048,,OS+0x0ADB4,unmapped-segment,OS-RAM,$FFF8A048,$F8A048,,ROM,direct,direct-abs.l,V350,static-abs.l,unknown,,1,jmp,,
dal:V350:F0AE72:F8AECC,,OS+0x0AE72,unmapped-segment,OS-RAM,$FFF8AECC,$F8AECC,,ROM,direct,direct-abs.l,V350,static-abs.l,unknown,,1,jsr,,
dal:V350:F0AEA4:F8B6D0,,OS+0x0AEA4,unmapped-segment,OS-RAM,$FFF8B6D0,$F8B6D0,,ROM,direct,direct-abs.l,V350,static-abs.l,unknown,,1,jsr,,
dal:V350:F0AF12:F8B7B4,,OS+0x0AF12,unmapped-segment,OS-RAM,$FFF8B7B4,$F8B7B4,,ROM,direct,direct-abs.l,V350,static-abs.l,unknown,,1,jsr,,
dal:V350:F0AFD8:F8B3B4,,OS+0x0AFD8,unmapped-segment,OS-RAM,$FFF8B3B4,$F8B3B4,,ROM,direct,direct-abs.l,V350,static-abs.l,unknown,,1,jsr,,
dal:V350:F0B0EA:F8AF02,,OS+0x0B0EA,unmapped-segment,OS-RAM,$FFF8AF02,$F8AF02,,ROM,direct,direct-abs.l,V350,static-abs.l,unknown,,1,jsr,,
dal:V350:F0B108:F8AF52,,OS+0x0B108,unmapped-segment,OS-RAM,$FFF8AF52,$F8AF52,,ROM,direct,direct-abs.l,V350,static-abs.l,unknown,,1,jmp,,
dal:V350:F0B128:F8AFCC,,OS+0x0B128,unmapped-segment,OS-RAM,$FFF8AFCC,$F8AFCC,,ROM,direct,direct-abs.l,V350,static-abs.l,unknown,,1,jsr,,
dal:V350:F0B146:F8B002,,OS+0x0B146,unmapped-segment,OS-RAM,$FFF8B002,$F8B002,,ROM,direct,direct-abs.l,V350,static-abs.l,unknown,,1,jmp,,
dal:V350:F0B21A:F8B018,,OS+0x0B21A,unmapped-segment,OS-RAM,$FFF8B018,$F8B018,,ROM,direct,direct-abs.l,V350,static-abs.l,unknown,,1,jsr,,
dal:V350:F0B2EE:F8B6AE,,OS+0x0B2EE,unmapped-segment,OS-RAM,$FFF8B6AE,$F8B6AE,,ROM,direct,direct-abs.l,V350,static-abs.l,unknown,,1,jsr,,
dal:V350:F0B2FC:F8B0AA,,OS+0x0B2FC,unmapped-segment,OS-RAM,$FFF8B0AA,$F8B0AA,,ROM,direct,direct-abs.l,V350,static-abs.l,unknown,,1,jsr,,
dal:V350:F0B38A:F8B866,,OS+0x0B38A,unmapped-segment,OS-RAM,$FFF8B866,$F8B866,,ROM,direct,direct-abs.l,V350,static-abs.l,unknown,,1,jmp,,
dal:V350:F0B3F8:F8EA96,,OS+0x0B3F8,unmapped-segment,OS-RAM,$FFF8EA96,$F8EA96,,ROM,direct,direct-abs.l,V350,static-abs.l,unknown,,1,jsr,,
dal:V350:F0B428:F8EA96,,OS+0x0B428,unmapped-segment,OS-RAM,$FFF8EA96,$F8EA96,,ROM,direct,direct-abs.l,V350,static-abs.l,unknown,,1,jmp,,
dal:V350:F0BECE:F9783A,,OS+0x0BECE,unmapped-segment,OS-RAM,$FFF9783A,$F9783A,,ROM,direct,direct-abs.l,V350,static-abs.l,unknown,,1,jsr,,
dal:V350:F0BF04:F973F0,,OS+0x0BF04,unmapped-segment,OS-RAM,$FFF973F0,$F973F0,,ROM,direct,direct-abs.l,V350,static-abs.l,unknown,,1,jsr,,
dal:V350:F0BFA8:F977DC,,OS+0x0BFA8,unmapped-segment,OS-RAM,$FFF977DC,$F977DC,,ROM,direct,direct-abs.l,V350,static-abs.l,unknown,,1,jsr,,
dal:V350:F0BFB6:F9760C,,OS+0x0BFB6,unmapped-segment,OS-RAM,$FFF9760C,$F9760C,,ROM,direct,direct-abs.l,V350,static-abs.l,unknown,,1,jsr,,
dal:V350:F0BFE2:F97854,,OS+0x0BFE2,unmapped-segment,OS-RAM,$FFF97854,$F97854,,ROM,direct,direct-abs.l,V350,static-abs.l,unknown,,1,jsr,,
dal:V350:F0CC9C:F8E50E,,OS+0x0CC9C,unmapped-segment,OS-RAM,$FFF8E50E,$F8E50E,,ROM,direct,direct-abs.l,V350,static-abs.l,unknown,,1,jmp,,
dal:V350:F0CD38:F8B7D6,,OS+0x0CD38,unmapped-segment,OS-RAM,$FFF8B7D6,$F8B7D6,,ROM,direct,direct-abs.l,V350,static-abs.l,unknown,,1,jsr,,
dal:V350:F0CDAA:F97F2E,,OS+0x0CDAA,unmapped-segment,OS-RAM,$FFF97F2E,$F97F2E,,ROM,direct,direct-abs.l,V350,static-abs.l,unknown,,1,jmp,,
dal:V350:F0CDB0:F976CA,,OS+0x0CDB0,unmapped-segment,OS-RAM,$FFF976CA,$F976CA,,ROM,direct,direct-abs.l,V350,static-abs.l,unknown,,1,jmp,,
dal:V350:F0CDBC:F973F0,,OS+0x0CDBC,unmapped-segment,OS-RAM,$FFF973F0,$F973F0,,ROM,direct,direct-abs.l,V350,static-abs.l,unknown,,1,jsr,,
dal:V350:F0CE16:F97E38,,OS+0x0CE16,unmapped-segment,OS-RAM,$FFF97E38,$F97E38,,ROM,direct,direct-abs.l,V350,static-abs.l,unknown,,1,jmp,,
dal:V350:F0CE1C:F977C6,,OS+0x0CE1C,unmapped-segment,OS-RAM,$FFF977C6,$F977C6,,ROM,direct,direct-abs.l,V350,static-abs.l,unknown,,1,jsr,,
dal:V350:F0CE3C:F97662,,OS+0x0CE3C,unmapped-segment,OS-RAM,$FFF97662,$F97662,,ROM,direct,direct-abs.l,V350,static-abs.l,unknown,,1,jsr,,
dal:V350:F0CE46:F97E9A,,OS+0x0CE46,unmapped-segment,OS-RAM,$FFF97E9A,$F97E9A,,ROM,direct,direct-abs.l,V350,static-abs.l,unknown,,1,jsr,,
dal:V350:F0CE4C:F97F10,,OS+0x0CE4C,unmapped-segment,OS-RAM,$FFF97F10,$F97F10,,ROM,direct,direct-abs.l,V350,static-abs.l,unknown,,1,jsr,,
dal:V350:F0CE92:F97D64,,OS+0x0CE92,unmapped-segment,OS-RAM,$FFF97D64,$F97D64,,ROM,direct,direct-abs.l,V350,static-abs.l,unknown,,1,jmp,,
dal:V350:F0CEB6:F977B0,,OS+0x0CEB6,unmapped-segment,OS-RAM,$FFF977B0,$F977B0,,ROM,direct,direct-abs.l,V350,static-abs.l,unknown,,1,jsr,,
dal:V350:F0CECE:F976CA,,OS+0x0CECE,unmapped-segment,OS-RAM,$FFF976CA,$F976CA,,ROM,direct,direct-abs.l,V350,static-abs.l,unknown,,1,jsr,,
dal:V350:F0CEFA:F97662,,OS+0x0CEFA,unmapped-segment,OS-RAM,$FFF97662,$F97662,,ROM,direct,direct-abs.l,V350,static-abs.l,unknown,,1,jsr,,
dal:V350:F0CF18:F97F10,,OS+0x0CF18,unmapped-segment,OS-RAM,$FFF97F10,$F97F10,,ROM,direct,direct-abs.l,V350,static-abs.l,unknown,,1,jsr,,
dal:V350:F0CF32:F97D64,,OS+0x0CF32,unmapped-segment,OS-RAM,$FFF97D64,$F97D64,,ROM,direct,direct-abs.l,V350,static-abs.l,unknown,,1,jmp,,
dal:V350:F0CF92:F97662,,OS+0x0CF92,unmapped-segment,OS-RAM,$FFF97662,$F97662,,ROM,direct,direct-abs.l,V350,static-abs.l,unknown,,1,jsr,,
dal:V350:F0CF9C:F97718,,OS+0x0CF9C,unmapped-segment,OS-RAM,$FFF97718,$F97718,,ROM,direct,direct-abs.l,V350,static-abs.l,unknown,,1,jsr,,
dal:V350:F0CFD8:F976CA,,OS+0x0CFD8,unmapped-segment,OS-RAM,$FFF976CA,$F976CA,,ROM,direct,direct-abs.l,V350,static-abs.l,unknown,,1,jsr,,
dal:V350:F0CFE0:F9772A,,OS+0x0CFE0,unmapped-segment,OS-RAM,$FFF9772A,$F9772A,,ROM,direct,direct-abs.l,V350,static-abs.l,unknown,,1,jsr,,
dal:V350:F0D006:F97662,,OS+0x0D006,unmapped-segment,OS-RAM,$FFF97662,$F97662,,ROM,direct,direct-abs.l,V350,static-abs.l,unknown,,1,jsr,,
dal:V350:F0D02C:F976CA,,OS+0x0D02C,unmapped-segment,OS-RAM,$FFF976CA,$F976CA,,ROM,direct,direct-abs.l,V350,static-abs.l,unknown,,1,jsr,,
dal:V350:F0D334:F8F1E0,,OS+0x0D334,unmapped-segment,OS-RAM,$FFF8F1E0,$F8F1E0,,ROM,direct,direct-abs.l,V350,static-abs.l,unknown,,1,jsr,,
dal:V350:F0D344:F8F1E0,,OS+0x0D344,unmapped-segment,OS-RAM,$FFF8F1E0,$F8F1E0,,ROM,direct,direct-abs.l,V350,static-abs.l,unknown,,1,jsr,,
dal:V350:F0D34C:F8F1D6,,OS+0x0D34C,unmapped-segment,OS-RAM,$FFF8F1D6,$F8F1D6,,ROM,direct,direct-abs.l,V350,static-abs.l,unknown,,1,jsr,,
dal:V350:F0D9BC:F8937E,,OS+0x0D9BC,unmapped-segment,OS-RAM,$FFF8937E,$F8937E,,ROM,direct,direct-abs.l,V350,static-abs.l,unknown,,1,jsr,,
dal:V350:F0EA6E:F8EB96,,OS+0x0EA6E,unmapped-segment,OS-RAM,$FFF8EB96,$F8EB96,,ROM,direct,direct-abs.l,V350,static-abs.l,unknown,,1,jsr,,
dal:V350:F0F5A6:F89C94,,OS+0x0F5A6,unmapped-segment,OS-RAM,$FFF89C94,$F89C94,,ROM,direct,direct-abs.l,V350,static-abs.l,unknown,,1,jsr,,
dal:V350:F0F5D6:F89BDE,,OS+0x0F5D6,unmapped-segment,OS-RAM,$FFF89BDE,$F89BDE,,ROM,direct,direct-abs.l,V350,static-abs.l,unknown,,1,jsr,,
dal:V350:F0FA98:F95EAA,,OS+0x0FA98,unmapped-segment,OS-RAM,$FFF95EAA,$F95EAA,,ROM,direct,direct-abs.l,V350,static-abs.l,unknown,,1,jsr,,
dal:V350:F0FF76:F95EAA,,OS+0x0FF76,unmapped-segment,OS-RAM,$FFF95EAA,$F95EAA,,ROM,direct,direct-abs.l,V350,static-abs.l,unknown,,1,jsr,,
dal:V350:F10278:FBB2A4,,OS+0x10278,unmapped-segment,OS-RAM,$FFFBB2A4,$FBB2A4,,ROM,direct,direct-abs.l,V350,static-abs.l,unknown,,1,jsr,,
dal:V350:F10324:FBB2A4,,OS+0x10324,unmapped-segment,OS-RAM,$FFFBB2A4,$FBB2A4,,ROM,direct,direct-abs.l,V350,static-abs.l,unknown,,1,jsr,,
dal:V350:F103BE:FBB2A4,,OS+0x103BE,unmapped-segment,OS-RAM,$FFFBB2A4,$FBB2A4,,ROM,direct,direct-abs.l,V350,static-abs.l,unknown,,1,jsr,,
dal:V350:F104A0:FB84DA,,OS+0x104A0,unmapped-segment,OS-RAM,$FFFB84DA,$FB84DA,,ROM,direct,direct-abs.l,V350,static-abs.l,unknown,,1,jsr,,
dal:V350:F104BA:FB84DA,,OS+0x104BA,unmapped-segment,OS-RAM,$FFFB84DA,$FB84DA,,ROM,direct,direct-abs.l,V350,static-abs.l,unknown,,1,jsr,,
dal:V350:F1053C:FB84DA,,OS+0x1053C,unmapped-segment,OS-RAM,$FFFB84DA,$FB84DA,,ROM,direct,direct-abs.l,V350,static-abs.l,unknown,,1,jsr,,
dal:V350:F10556:FB84DA,,OS+0x10556,unmapped-segment,OS-RAM,$FFFB84DA,$FB84DA,,ROM,direct,direct-abs.l,V350,static-abs.l,unknown,,1,jsr,,
dal:V350:F106B4:FBA0D6,,OS+0x106B4,unmapped-segment,OS-RAM,$FFFBA0D6,$FBA0D6,,ROM,direct,direct-abs.l,V350,static-abs.l,unknown,,1,jsr,,
dal:V350:F106E4:FBA0D6,,OS+0x106E4,unmapped-segment,OS-RAM,$FFFBA0D6,$FBA0D6,,ROM,direct,direct-abs.l,V350,static-abs.l,unknown,,1,jsr,,
dal:V350:F10A28:F883FE,,OS+0x10A28,unmapped-segment,OS-RAM,$FFF883FE,$F883FE,,ROM,direct,direct-abs.l,V350,static-abs.l,unknown,,1,jsr,,
dal:V350:F10A3E:FB7F30,,OS+0x10A3E,unmapped-segment,OS-RAM,$FFFB7F30,$FB7F30,,ROM,direct,direct-abs.l,V350,static-abs.l,unknown,,1,jsr,,
dal:V350:F10A68:F8C0E6,,OS+0x10A68,unmapped-segment,OS-RAM,$FFF8C0E6,$F8C0E6,,ROM,direct,direct-abs.l,V350,static-abs.l,unknown,,1,jsr,,
dal:V350:F10A92:FB7F4A,,OS+0x10A92,unmapped-segment,OS-RAM,$FFFB7F4A,$FB7F4A,,ROM,direct,direct-abs.l,V350,static-abs.l,unknown,,1,jsr,,
dal:V350:F10ABA:FBA626,,OS+0x10ABA,unmapped-segment,OS-RAM,$FFFBA626,$FBA626,,ROM,direct,direct-abs.l,V350,static-abs.l,unknown,,1,jsr,,
dal:V350:F10B74:FB8CFC,,OS+0x10B74,unmapped-segment,OS-RAM,$FFFB8CFC,$FB8CFC,,ROM,direct,direct-abs.l,V350,static-abs.l,unknown,,1,jsr,,
dal:V350:F10B7A:FB8D78,,OS+0x10B7A,unmapped-segment,OS-RAM,$FFFB8D78,$FB8D78,,ROM,direct,direct-abs.l,V350,static-abs.l,unknown,,1,jsr,,
dal:V350:F10B86:FB7C3C,,OS+0x10B86,unmapped-segment,OS-RAM,$FFFB7C3C,$FB7C3C,,ROM,direct,direct-abs.l,V350,static-abs.l,unknown,,1,jsr,,
dal:V350:F10B96:FB816A,,OS+0x10B96,unmapped-segment,OS-RAM,$FFFB816A,$FB816A,,ROM,direct,direct-abs.l,V350,static-abs.l,unknown,,1,jsr,,
dal:V350:F10B9C:FB7BEE,,OS+0x10B9C,unmapped-segment,OS-RAM,$FFFB7BEE,$FB7BEE,,ROM,direct,direct-abs.l,V350,static-abs.l,unknown,,1,jmp,,
dal:V350:F10BA4:FBA626,,OS+0x10BA4,unmapped-segment,OS-RAM,$FFFBA626,$FBA626,,ROM,direct,direct-abs.l,V350,static-abs.l,unknown,,1,jsr,,
dal:V350:F10BC0:FB950A,,OS+0x10BC0,unmapped-segment,OS-RAM,$FFFB950A,$FB950A,,ROM,direct,direct-abs.l,V350,static-abs.l,unknown,,1,jsr,,
dal:V350:F10BE4:FBB2A4,,OS+0x10BE4,unmapped-segment,OS-RAM,$FFFBB2A4,$FBB2A4,,ROM,direct,direct-abs.l,V350,static-abs.l,unknown,,1,jsr,,
dal:V350:F10BF4:FBB2A4,,OS+0x10BF4,unmapped-segment,OS-RAM,$FFFBB2A4,$FBB2A4,,ROM,direct,direct-abs.l,V350,static-abs.l,unknown,,1,jsr,,
dal:V350:F10C3E:FB7F4A,,OS+0x10C3E,unmapped-segment,OS-RAM,$FFFB7F4A,$FB7F4A,,ROM,direct,direct-abs.l,V350,static-abs.l,unknown,,1,jsr,,
dal:V350:F10C58:F8822C,,OS+0x10C58,unmapped-segment,OS-RAM,$FFF8822C,$F8822C,,ROM,direct,direct-abs.l,V350,static-abs.l,unknown,,1,jsr,,
dal:V350:F10C88:FB7F30,,OS+0x10C88,unmapped-segment,OS-RAM,$FFFB7F30,$FB7F30,,ROM,direct,direct-abs.l,V350,static-abs.l,unknown,,1,jsr,,
dal:V350:F10C9A:FB7F30,,OS+0x10C9A,unmapped-segment,OS-RAM,$FFFB7F30,$FB7F30,,ROM,direct,direct-abs.l,V350,static-abs.l,unknown,,1,jsr,,
dal:V350:F10CA6:FB7BFA,,OS+0x10CA6,unmapped-segment,OS-RAM,$FFFB7BFA,$FB7BFA,,ROM,direct,direct-abs.l,V350,static-abs.l,unknown,,1,jsr,,
dal:V350:F10CAE:FBB25A,,OS+0x10CAE,unmapped-segment,OS-RAM,$FFFBB25A,$FBB25A,,ROM,direct,direct-abs.l,V350,static-abs.l,unknown,,1,jsr,,
dal:V350:F10CDE:F8822C,,OS+0x10CDE,unmapped-segment,OS-RAM,$FFF8822C,$F8822C,,ROM,direct,direct-abs.l,V350,static-abs.l,unknown,,1,jsr,,
dal:V350:F10DB0:FBA51E,,OS+0x10DB0,unmapped-segment,OS-RAM,$FFFBA51E,$FBA51E,,ROM,direct,direct-abs.l,V350,static-abs.l,unknown,,1,jsr,,
dal:V350:F10E4C:FBA136,,OS+0x10E4C,unmapped-segment,OS-RAM,$FFFBA136,$FBA136,,ROM,direct,direct-abs.l,V350,static-abs.l,unknown,,1,jsr,,
dal:V350:F10E66:FBA51E,,OS+0x10E66,unmapped-segment,OS-RAM,$FFFBA51E,$FBA51E,,ROM,direct,direct-abs.l,V350,static-abs.l,unknown,,1,jsr,,
dal:V350:F10FAA:FB84DA,,OS+0x10FAA,unmapped-segment,OS-RAM,$FFFB84DA,$FB84DA,,ROM,direct,direct-abs.l,V350,static-abs.l,unknown,,1,jsr,,
dal:V350:F10FB4:FBA636,,OS+0x10FB4,unmapped-segment,OS-RAM,$FFFBA636,$FBA636,,ROM,direct,direct-abs.l,V350,static-abs.l,unknown,,1,jsr,,
dal:V350:F10FBE:FBA5A2,,OS+0x10FBE,unmapped-segment,OS-RAM,$FFFBA5A2,$FBA5A2,,ROM,direct,direct-abs.l,V350,static-abs.l,unknown,,1,jsr,,
dal:V350:F10FC4:FB8058,,OS+0x10FC4,unmapped-segment,OS-RAM,$FFFB8058,$FB8058,,ROM,direct,direct-abs.l,V350,static-abs.l,unknown,,1,jsr,,
dal:V350:F10FD4:FBA0D6,,OS+0x10FD4,unmapped-segment,OS-RAM,$FFFBA0D6,$FBA0D6,,ROM,direct,direct-abs.l,V350,static-abs.l,unknown,,1,jsr,,
dal:V350:F10FFA:FB8024,,OS+0x10FFA,unmapped-segment,OS-RAM,$FFFB8024,$FB8024,,ROM,direct,direct-abs.l,V350,static-abs.l,unknown,,1,jsr,,
dal:V350:F11000:FBA0D6,,OS+0x11000,unmapped-segment,OS-RAM,$FFFBA0D6,$FBA0D6,,ROM,direct,direct-abs.l,V350,static-abs.l,unknown,,1,jsr,,
dal:V350:F1104C:FB7F9E,,OS+0x1104C,unmapped-segment,OS-RAM,$FFFB7F9E,$FB7F9E,,ROM,direct,direct-abs.l,V350,static-abs.l,unknown,,1,jsr,,
dal:V350:F1105A:FBA5A2,,OS+0x1105A,unmapped-segment,OS-RAM,$FFFBA5A2,$FBA5A2,,ROM,direct,direct-abs.l,V350,static-abs.l,unknown,,1,jsr,,
dal:V350:F11060:FB9C5E,,OS+0x11060,unmapped-segment,OS-RAM,$FFFB9C5E,$FB9C5E,,ROM,direct,direct-abs.l,V350,static-abs.l,unknown,,1,jsr,,
dal:V350:F1106E:FB7F9E,,OS+0x1106E,unmapped-segment,OS-RAM,$FFFB7F9E,$FB7F9E,,ROM,direct,direct-abs.l,V350,static-abs.l,unknown,,1,jsr,,
dal:V350:F11088:FBA5F2,,OS+0x11088,unmapped-segment,OS-RAM,$FFFBA5F2,$FBA5F2,,ROM,direct,direct-abs.l,V350,static-abs.l,unknown,,1,jsr,,
dal:V350:F11092:FBA5A2,,OS+0x11092,unmapped-segment,OS-RAM,$FFFBA5A2,$FBA5A2,,ROM,direct,direct-abs.l,V350,static-abs.l,unknown,,1,jsr,,
dal:V350:F110A4:FBA5F2,,OS+0x110A4,unmapped-segment,OS-RAM,$FFFBA5F2,$FBA5F2,,ROM,direct,direct-abs.l,V350,static-abs.l,unknown,,1,jsr,,
dal:V350:F110CE:FBA5D0,,OS+0x110CE,unmapped-segment,OS-RAM,$FFFBA5D0,$FBA5D0,,ROM,direct,direct-abs.l,V350,static-abs.l,unknown,,1,jsr,,
dal:V350:F110D4:FBA136,,OS+0x110D4,unmapped-segment,OS-RAM,$FFFBA136,$FBA136,,ROM,direct,direct-abs.l,V350,static-abs.l,unknown,,1,jsr,,
dal:V350:F110F2:FBA2BA,,OS+0x110F2,unmapped-segment,OS-RAM,$FFFBA2BA,$FBA2BA,,ROM,direct,direct-abs.l,V350,static-abs.l,unknown,,1,jsr,,
dal:V350:F11106:FBA270,,OS+0x11106,unmapped-segment,OS-RAM,$FFFBA270,$FBA270,,ROM,direct,direct-abs.l,V350,static-abs.l,unknown,,1,jsr,,
dal:V350:F1111A:FBA0D6,,OS+0x1111A,unmapped-segment,OS-RAM,$FFFBA0D6,$FBA0D6,,ROM,direct,direct-abs.l,V350,static-abs.l,unknown,,1,jsr,,
dal:V350:F11124:FB7F9E,,OS+0x11124,unmapped-segment,OS-RAM,$FFFB7F9E,$FB7F9E,,ROM,direct,direct-abs.l,V350,static-abs.l,unknown,,1,jsr,,
dal:V350:F11140:FBA136,,OS+0x11140,unmapped-segment,OS-RAM,$FFFBA136,$FBA136,,ROM,direct,direct-abs.l,V350,static-abs.l,unknown,,1,jsr,,
dal:V350:F1115C:FBA2BA,,OS+0x1115C,unmapped-segment,OS-RAM,$FFFBA2BA,$FBA2BA,,ROM,direct,direct-abs.l,V350,static-abs.l,unknown,,1,jsr,,
dal:V350:F1116E:FBA0D6,,OS+0x1116E,unmapped-segment,OS-RAM,$FFFBA0D6,$FBA0D6,,ROM,direct,direct-abs.l,V350,static-abs.l,unknown,,1,jsr,,
dal:V350:F11184:FBA51E,,OS+0x11184,unmapped-segment,OS-RAM,$FFFBA51E,$FBA51E,,ROM,direct,direct-abs.l,V350,static-abs.l,unknown,,1,jsr,,
dal:V350:F111A8:FBA636,,OS+0x111A8,unmapped-segment,OS-RAM,$FFFBA636,$FBA636,,ROM,direct,direct-abs.l,V350,static-abs.l,unknown,,1,jsr,,
dal:V350:F111BE:FBA5F2,,OS+0x111BE,unmapped-segment,OS-RAM,$FFFBA5F2,$FBA5F2,,ROM,direct,direct-abs.l,V350,static-abs.l,unknown,,1,jsr,,
dal:V350:F111C8:FB7F9E,,OS+0x111C8,unmapped-segment,OS-RAM,$FFFB7F9E,$FB7F9E,,ROM,direct,direct-abs.l,V350,static-abs.l,unknown,,1,jsr,,
dal:V350:F111D4:FBA5F2,,OS+0x111D4,unmapped-segment,OS-RAM,$FFFBA5F2,$FBA5F2,,ROM,direct,direct-abs.l,V350,static-abs.l,unknown,,1,jsr,,
dal:V350:F111DE:FBA5A2,,OS+0x111DE,unmapped-segment,OS-RAM,$FFFBA5A2,$FBA5A2,,ROM,direct,direct-abs.l,V350,static-abs.l,unknown,,1,jsr,,
dal:V350:F111F6:FB8094,,OS+0x111F6,unmapped-segment,OS-RAM,$FFFB8094,$FB8094,,ROM,direct,direct-abs.l,V350,static-abs.l,unknown,,1,jsr,,
dal:V350:F11200:FB7F88,,OS+0x11200,unmapped-segment,OS-RAM,$FFFB7F88,$FB7F88,,ROM,direct,direct-abs.l,V350,static-abs.l,unknown,,1,jsr,,
dal:V350:F1121A:FB807C,,OS+0x1121A,unmapped-segment,OS-RAM,$FFFB807C,$FB807C,,ROM,direct,direct-abs.l,V350,static-abs.l,unknown,,1,jsr,,
dal:V350:F1124E:FBA0D6,,OS+0x1124E,unmapped-segment,OS-RAM,$FFFBA0D6,$FBA0D6,,ROM,direct,direct-abs.l,V350,static-abs.l,unknown,,1,jsr,,
dal:V350:F1125C:FBA5A2,,OS+0x1125C,unmapped-segment,OS-RAM,$FFFBA5A2,$FBA5A2,,ROM,direct,direct-abs.l,V350,static-abs.l,unknown,,1,jsr,,
dal:V350:F11272:FB8034,,OS+0x11272,unmapped-segment,OS-RAM,$FFFB8034,$FB8034,,ROM,direct,direct-abs.l,V350,static-abs.l,unknown,,1,jsr,,
dal:V350:F11278:FBA5D0,,OS+0x11278,unmapped-segment,OS-RAM,$FFFBA5D0,$FBA5D0,,ROM,direct,direct-abs.l,V350,static-abs.l,unknown,,1,jsr,,
dal:V350:F1128C:FB8094,,OS+0x1128C,unmapped-segment,OS-RAM,$FFFB8094,$FB8094,,ROM,direct,direct-abs.l,V350,static-abs.l,unknown,,1,jsr,,
dal:V350:F11292:FBA136,,OS+0x11292,unmapped-segment,OS-RAM,$FFFBA136,$FBA136,,ROM,direct,direct-abs.l,V350,static-abs.l,unknown,,1,jsr,,
dal:V350:F112B0:FBA2BA,,OS+0x112B0,unmapped-segment,OS-RAM,$FFFBA2BA,$FBA2BA,,ROM,direct,direct-abs.l,V350,static-abs.l,unknown,,1,jsr,,
dal:V350:F112C4:FBA270,,OS+0x112C4,unmapped-segment,OS-RAM,$FFFBA270,$FBA270,,ROM,direct,direct-abs.l,V350,static-abs.l,unknown,,1,jsr,,
dal:V350:F112D8:FBA0D6,,OS+0x112D8,unmapped-segment,OS-RAM,$FFFBA0D6,$FBA0D6,,ROM,direct,direct-abs.l,V350,static-abs.l,unknown,,1,jsr,,
dal:V350:F112F0:FB7F9E,,OS+0x112F0,unmapped-segment,OS-RAM,$FFFB7F9E,$FB7F9E,,ROM,direct,direct-abs.l,V350,static-abs.l,unknown,,1,jsr,,
dal:V350:F11388:FBA136,,OS+0x11388,unmapped-segment,OS-RAM,$FFFBA136,$FBA136,,ROM,direct,direct-abs.l,V350,static-abs.l,unknown,,1,jsr,,
dal:V350:F1139E:FBA2BA,,OS+0x1139E,unmapped-segment,OS-RAM,$FFFBA2BA,$FBA2BA,,ROM,direct,direct-abs.l,V350,static-abs.l,unknown,,1,jsr,,
dal:V350:F113B0:FBA0D6,,OS+0x113B0,unmapped-segment,OS-RAM,$FFFBA0D6,$FBA0D6,,ROM,direct,direct-abs.l,V350,static-abs.l,unknown,,1,jsr,,
dal:V350:F113EE:FBA136,,OS+0x113EE,unmapped-segment,OS-RAM,$FFFBA136,$FBA136,,ROM,direct,direct-abs.l,V350,static-abs.l,unknown,,1,jsr,,
dal:V350:F11404:FBA51E,,OS+0x11404,unmapped-segment,OS-RAM,$FFFBA51E,$FBA51E,,ROM,direct,direct-abs.l,V350,static-abs.l,unknown,,1,jsr,,
dal:V350:F1140E:FBA68C,,OS+0x1140E,unmapped-segment,OS-RAM,$FFFBA68C,$FBA68C,,ROM,direct,direct-abs.l,V350,static-abs.l,unknown,,1,jsr,,
dal:V350:F11428:FB7C7A,,OS+0x11428,unmapped-segment,OS-RAM,$FFFB7C7A,$FB7C7A,,ROM,direct,direct-abs.l,V350,static-abs.l,unknown,,1,jsr,,
dal:V350:F11434:FB7BFA,,OS+0x11434,unmapped-segment,OS-RAM,$FFFB7BFA,$FB7BFA,,ROM,direct,direct-abs.l,V350,static-abs.l,unknown,,1,jsr,,
dal:V350:F11444:FB7CF6,,OS+0x11444,unmapped-segment,OS-RAM,$FFFB7CF6,$FB7CF6,,ROM,direct,direct-abs.l,V350,static-abs.l,unknown,,1,jsr,,
dal:V350:F11456:FB7D70,,OS+0x11456,unmapped-segment,OS-RAM,$FFFB7D70,$FB7D70,,ROM,direct,direct-abs.l,V350,static-abs.l,unknown,,1,jsr,,
dal:V350:F1146A:FB7D86,,OS+0x1146A,unmapped-segment,OS-RAM,$FFFB7D86,$FB7D86,,ROM,direct,direct-abs.l,V350,static-abs.l,unknown,,1,jsr,,
dal:V350:F114C0:FB7F0A,,OS+0x114C0,unmapped-segment,OS-RAM,$FFFB7F0A,$FB7F0A,,ROM,direct,direct-abs.l,V350,static-abs.l,unknown,,1,jsr,,
dal:V350:F114CC:FBA626,,OS+0x114CC,unmapped-segment,OS-RAM,$FFFBA626,$FBA626,,ROM,direct,direct-abs.l,V350,static-abs.l,unknown,,1,jsr,,
dal:V350:F114D4:FB7E8E,,OS+0x114D4,unmapped-segment,OS-RAM,$FFFB7E8E,$FB7E8E,,ROM,direct,direct-abs.l,V350,static-abs.l,unknown,,1,jsr,,
dal:V350:F114DC:FBB370,,OS+0x114DC,unmapped-segment,OS-RAM,$FFFBB370,$FBB370,,ROM,direct,direct-abs.l,V350,static-abs.l,unknown,,1,jsr,,
dal:V350:F11512:FB9C20,,OS+0x11512,unmapped-segment,OS-RAM,$FFFB9C20,$FB9C20,,ROM,direct,direct-abs.l,V350,static-abs.l,unknown,,1,jsr,,
dal:V350:F115C6:FB8174,,OS+0x115C6,unmapped-segment,OS-RAM,$FFFB8174,$FB8174,,ROM,direct,direct-abs.l,V350,static-abs.l,unknown,,1,jsr,,
dal:V350:F115EC:F8B81C,,OS+0x115EC,unmapped-segment,OS-RAM,$FFF8B81C,$F8B81C,,ROM,direct,direct-abs.l,V350,static-abs.l,unknown,,1,jsr,,
dal:V350:F1160C:F8B832,,OS+0x1160C,unmapped-segment,OS-RAM,$FFF8B832,$F8B832,,ROM,direct,direct-abs.l,V350,static-abs.l,unknown,,1,jsr,,
dal:V350:F11612:F8DF1E,,OS+0x11612,unmapped-segment,OS-RAM,$FFF8DF1E,$F8DF1E,,ROM,direct,direct-abs.l,V350,static-abs.l,unknown,,1,jsr,,
dal:V350:F1197C:F89978,,OS+0x1197C,unmapped-segment,OS-RAM,$FFF89978,$F89978,,ROM,direct,direct-abs.l,V350,static-abs.l,unknown,,1,jsr,,
dal:V350:F11CB4:FB816A,,OS+0x11CB4,unmapped-segment,OS-RAM,$FFFB816A,$FB816A,,ROM,direct,direct-abs.l,V350,static-abs.l,unknown,,1,jsr,,
dal:V350:F120BE:F89188,,OS+0x120BE,unmapped-segment,OS-RAM,$FFF89188,$F89188,,ROM,direct,direct-abs.l,V350,static-abs.l,unknown,,1,jsr,,
dal:V350:F123EE:F89442,,OS+0x123EE,unmapped-segment,OS-RAM,$FFF89442,$F89442,,ROM,direct,direct-abs.l,V350,static-abs.l,unknown,,1,jsr,,
dal:V350:F12716:F8971A,,OS+0x12716,unmapped-segment,OS-RAM,$FFF8971A,$F8971A,,ROM,direct,direct-abs.l,V350,static-abs.l,unknown,,1,jsr,,
dal:V350:F12810:F8967A,,OS+0x12810,unmapped-segment,OS-RAM,$FFF8967A,$F8967A,,ROM,direct,direct-abs.l,V350,static-abs.l,unknown,,1,jsr,,
dal:V350:F129E6:F89798,,OS+0x129E6,unmapped-segment,OS-RAM,$FFF89798,$F89798,,ROM,direct,direct-abs.l,V350,static-abs.l,unknown,,1,jsr,,
dal:V350:F12A4A:F8971A,,OS+0x12A4A,unmapped-segment,OS-RAM,$FFF8971A,$F8971A,,ROM,direct,direct-abs.l,V350,static-abs.l,unknown,,1,jsr,,
dal:V350:F12BE4:F89988,,OS+0x12BE4,unmapped-segment,OS-RAM,$FFF89988,$F89988,,ROM,direct,direct-abs.l,V350,static-abs.l,unknown,,1,jsr,,
dal:V350:F12C26:F897D2,,OS+0x12C26,unmapped-segment,OS-RAM,$FFF897D2,$F897D2,,ROM,direct,direct-abs.l,V350,static-abs.l,unknown,,1,jmp,,
dal:V350:F12C2C:F89810,,OS+0x12C2C,unmapped-segment,OS-RAM,$FFF89810,$F89810,,ROM,direct,direct-abs.l,V350,static-abs.l,unknown,,1,jmp,,
dal:V350:F12C52:F899C2,,OS+0x12C52,unmapped-segment,OS-RAM,$FFF899C2,$F899C2,,ROM,direct,direct-abs.l,V350,static-abs.l,unknown,,1,jsr,,
dal:V350:F12C92:F89824,,OS+0x12C92,unmapped-segment,OS-RAM,$FFF89824,$F89824,,ROM,direct,direct-abs.l,V350,static-abs.l,unknown,,1,jsr,,
dal:V350:F12CF0:F8A564,,OS+0x12CF0,unmapped-segment,OS-RAM,$FFF8A564,$F8A564,,ROM,direct,direct-abs.l,V350,static-abs.l,unknown,,1,jsr,,
dal:V350:F12CFA:F8A564,,OS+0x12CFA,unmapped-segment,OS-RAM,$FFF8A564,$F8A564,,ROM,direct,direct-abs.l,V350,static-abs.l,unknown,,1,jmp,,
dal:V350:F13338:F8B058,,OS+0x13338,unmapped-segment,OS-RAM,$FFF8B058,$F8B058,,ROM,direct,direct-abs.l,V350,static-abs.l,unknown,,1,jsr,,
dal:V350:F13430:F8B054,,OS+0x13430,unmapped-segment,OS-RAM,$FFF8B054,$F8B054,,ROM,direct,direct-abs.l,V350,static-abs.l,unknown,,1,jsr,,
dal:V350:F134A8:F8A9B4,,OS+0x134A8,unmapped-segment,OS-RAM,$FFF8A9B4,$F8A9B4,,ROM,direct,direct-abs.l,V350,static-abs.l,unknown,,1,jmp,,
dal:V350:F136AC:F8AD90,,OS+0x136AC,unmapped-segment,OS-RAM,$FFF8AD90,$F8AD90,,ROM,direct,direct-abs.l,V350,static-abs.l,unknown,,1,jsr,,
dal:V350:F136B6:F8AD90,,OS+0x136B6,unmapped-segment,OS-RAM,$FFF8AD90,$F8AD90,,ROM,direct,direct-abs.l,V350,static-abs.l,unknown,,1,jsr,,
dal:V350:F1371A:F8AB08,,OS+0x1371A,unmapped-segment,OS-RAM,$FFF8AB08,$F8AB08,,ROM,direct,direct-abs.l,V350,static-abs.l,unknown,,1,jsr,,
dal:V350:F13880:F8B5E0,,OS+0x13880,unmapped-segment,OS-RAM,$FFF8B5E0,$F8B5E0,,ROM,direct,direct-abs.l,V350,static-abs.l,unknown,,1,jsr,,
dal:V350:F138D2:F8B800,,OS+0x138D2,unmapped-segment,OS-RAM,$FFF8B800,$F8B800,,ROM,direct,direct-abs.l,V350,static-abs.l,unknown,,1,jsr,,
dal:V350:F13A62:F916EE,,OS+0x13A62,unmapped-segment,OS-RAM,$FFF916EE,$F916EE,,ROM,direct,direct-abs.l,V350,static-abs.l,unknown,,1,jsr,,
dal:V350:F13B28:F8BC2A,,OS+0x13B28,unmapped-segment,OS-RAM,$FFF8BC2A,$F8BC2A,,ROM,direct,direct-abs.l,V350,static-abs.l,unknown,,1,jmp,,
dal:V350:F13B5A:F8BB70,,OS+0x13B5A,unmapped-segment,OS-RAM,$FFF8BB70,$F8BB70,,ROM,direct,direct-abs.l,V350,static-abs.l,unknown,,1,jmp,,
dal:V350:F13B96:F8BE9A,,OS+0x13B96,unmapped-segment,OS-RAM,$FFF8BE9A,$F8BE9A,,ROM,direct,direct-abs.l,V350,static-abs.l,unknown,,1,jsr,,
dal:V350:F13BE6:F8BEDC,,OS+0x13BE6,unmapped-segment,OS-RAM,$FFF8BEDC,$F8BEDC,,ROM,direct,direct-abs.l,V350,static-abs.l,unknown,,1,jsr,,
dal:V350:F13C66:F8C012,,OS+0x13C66,unmapped-segment,OS-RAM,$FFF8C012,$F8C012,,ROM,direct,direct-abs.l,V350,static-abs.l,unknown,,1,jsr,,
dal:V350:F13C8C:F8C012,,OS+0x13C8C,unmapped-segment,OS-RAM,$FFF8C012,$F8C012,,ROM,direct,direct-abs.l,V350,static-abs.l,unknown,,1,jsr,,
dal:V350:F13CC2:F8C012,,OS+0x13CC2,unmapped-segment,OS-RAM,$FFF8C012,$F8C012,,ROM,direct,direct-abs.l,V350,static-abs.l,unknown,,1,jsr,,
dal:V350:F13D66:F8A0CC,,OS+0x13D66,unmapped-segment,OS-RAM,$FFF8A0CC,$F8A0CC,,ROM,direct,direct-abs.l,V350,static-abs.l,unknown,,1,jmp,,
dal:V350:F13DFC:F8C0E6,,OS+0x13DFC,unmapped-segment,OS-RAM,$FFF8C0E6,$F8C0E6,,ROM,direct,direct-abs.l,V350,static-abs.l,unknown,,1,jsr,,
dal:V350:F13E06:F8C1A2,,OS+0x13E06,unmapped-segment,OS-RAM,$FFF8C1A2,$F8C1A2,,ROM,direct,direct-abs.l,V350,static-abs.l,unknown,,1,jsr,,
dal:V350:F13E2C:F8DF3E,,OS+0x13E2C,unmapped-segment,OS-RAM,$FFF8DF3E,$F8DF3E,,ROM,direct,direct-abs.l,V350,static-abs.l,unknown,,1,jsr,,
dal:V350:F13E40:F976EC,,OS+0x13E40,unmapped-segment,OS-RAM,$FFF976EC,$F976EC,,ROM,direct,direct-abs.l,V350,static-abs.l,unknown,,1,jsr,,
dal:V350:F13E46:F8C142,,OS+0x13E46,unmapped-segment,OS-RAM,$FFF8C142,$F8C142,,ROM,direct,direct-abs.l,V350,static-abs.l,unknown,,1,jsr,,
dal:V350:F13EF2:F8C09E,,OS+0x13EF2,unmapped-segment,OS-RAM,$FFF8C09E,$F8C09E,,ROM,direct,direct-abs.l,V350,static-abs.l,unknown,,1,jsr,,
dal:V350:F13F5E:F8CA38,,OS+0x13F5E,unmapped-segment,OS-RAM,$FFF8CA38,$F8CA38,,ROM,direct,direct-abs.l,V350,static-abs.l,unknown,,1,jsr,,
dal:V350:F13FFC:F8C888,,OS+0x13FFC,unmapped-segment,OS-RAM,$FFF8C888,$F8C888,,ROM,direct,direct-abs.l,V350,static-abs.l,unknown,,1,jsr,,
dal:V350:F14010:F8C55E,,OS+0x14010,unmapped-segment,OS-RAM,$FFF8C55E,$F8C55E,,ROM,direct,direct-abs.l,V350,static-abs.l,unknown,,1,jsr,,
dal:V350:F141D2:F8CFFA,,OS+0x141D2,unmapped-segment,OS-RAM,$FFF8CFFA,$F8CFFA,,ROM,direct,direct-abs.l,V350,static-abs.l,unknown,,1,jsr,,
dal:V350:F141E0:F8C142,,OS+0x141E0,unmapped-segment,OS-RAM,$FFF8C142,$F8C142,,ROM,direct,direct-abs.l,V350,static-abs.l,unknown,,1,jsr,,
dal:V350:F143C2:F8DB30,,OS+0x143C2,unmapped-segment,OS-RAM,$FFF8DB30,$F8DB30,,ROM,direct,direct-abs.l,V350,static-abs.l,unknown,,1,jsr,,
dal:V350:F1441E:F8DC66,,OS+0x1441E,unmapped-segment,OS-RAM,$FFF8DC66,$F8DC66,,ROM,direct,direct-abs.l,V350,static-abs.l,unknown,,1,jsr,,
dal:V350:F14438:F8DB30,,OS+0x14438,unmapped-segment,OS-RAM,$FFF8DB30,$F8DB30,,ROM,direct,direct-abs.l,V350,static-abs.l,unknown,,1,jsr,,
dal:V350:F1446E:F8DC66,,OS+0x1446E,unmapped-segment,OS-RAM,$FFF8DC66,$F8DC66,,ROM,direct,direct-abs.l,V350,static-abs.l,unknown,,1,jsr,,
dal:V350:F14482:F8DB30,,OS+0x14482,unmapped-segment,OS-RAM,$FFF8DB30,$F8DB30,,ROM,direct,direct-abs.l,V350,static-abs.l,unknown,,1,jsr,,
dal:V350:F144FC:F8DB4C,,OS+0x144FC,unmapped-segment,OS-RAM,$FFF8DB4C,$F8DB4C,,ROM,direct,direct-abs.l,V350,static-abs.l,unknown,,1,jsr,,
dal:V350:F1453E:F8DB30,,OS+0x1453E,unmapped-segment,OS-RAM,$FFF8DB30,$F8DB30,,ROM,direct,direct-abs.l,V350,static-abs.l,unknown,,1,jsr,,
dal:V350:F14596:F8DC66,,OS+0x14596,unmapped-segment,OS-RAM,$FFF8DC66,$F8DC66,,ROM,direct,direct-abs.l,V350,static-abs.l,unknown,,1,jsr,,
dal:V350:F1479A:F8C8E4,,OS+0x1479A,unmapped-segment,OS-RAM,$FFF8C8E4,$F8C8E4,,ROM,direct,direct-abs.l,V350,static-abs.l,unknown,,1,jsr,,
dal:V350:F148FC:F8C8D6,,OS+0x148FC,unmapped-segment,OS-RAM,$FFF8C8D6,$F8C8D6,,ROM,direct,direct-abs.l,V350,static-abs.l,unknown,,1,jsr,,
dal:V350:F149C8:F8E0CA,,OS+0x149C8,unmapped-segment,OS-RAM,$FFF8E0CA,$F8E0CA,,ROM,direct,direct-abs.l,V350,static-abs.l,unknown,,1,jmp,,
dal:V350:F14D34:F8F212,,OS+0x14D34,unmapped-segment,OS-RAM,$FFF8F212,$F8F212,,ROM,direct,direct-abs.l,V350,static-abs.l,unknown,,1,jsr,,
dal:V350:F14DB6:F89BDE,,OS+0x14DB6,unmapped-segment,OS-RAM,$FFF89BDE,$F89BDE,,ROM,direct,direct-abs.l,V350,static-abs.l,unknown,,1,jsr,,
dal:V350:F15666:F8B586,,OS+0x15666,unmapped-segment,OS-RAM,$FFF8B586,$F8B586,,ROM,direct,direct-abs.l,V350,static-abs.l,unknown,,1,jsr,,
dal:V350:F159B6:FB81CE,,OS+0x159B6,unmapped-segment,OS-RAM,$FFFB81CE,$FB81CE,,ROM,direct,direct-abs.l,V350,static-abs.l,unknown,,1,jsr,,
dal:V350:F159D6:FB81DA,,OS+0x159D6,unmapped-segment,OS-RAM,$FFFB81DA,$FB81DA,,ROM,direct,direct-abs.l,V350,static-abs.l,unknown,,1,jsr,,
dal:V350:F159EA:FB81D4,,OS+0x159EA,unmapped-segment,OS-RAM,$FFFB81D4,$FB81D4,,ROM,direct,direct-abs.l,V350,static-abs.l,unknown,,1,jsr,,
dal:V350:F15DD2:FB81CE,,OS+0x15DD2,unmapped-segment,OS-RAM,$FFFB81CE,$FB81CE,,ROM,direct,direct-abs.l,V350,static-abs.l,unknown,,1,jsr,,
dal:V350:F15E48:FB81DA,,OS+0x15E48,unmapped-segment,OS-RAM,$FFFB81DA,$FB81DA,,ROM,direct,direct-abs.l,V350,static-abs.l,unknown,,1,jsr,,
dal:V350:F16388:FB81DA,,OS+0x16388,unmapped-segment,OS-RAM,$FFFB81DA,$FB81DA,,ROM,direct,direct-abs.l,V350,static-abs.l,unknown,,1,jsr,,
dal:V350:F1639C:FB81D4,,OS+0x1639C,unmapped-segment,OS-RAM,$FFFB81D4,$FB81D4,,ROM,direct,direct-abs.l,V350,static-abs.l,unknown,,1,jsr,,
dal:V350:F16654:FB81DA,,OS+0x16654,unmapped-segment,OS-RAM,$FFFB81DA,$FB81DA,,ROM,direct,direct-abs.l,V350,static-abs.l,unknown,,1,jsr,,
dal:V350:F16676:FB81CE,,OS+0x16676,unmapped-segment,OS-RAM,$FFFB81CE,$FB81CE,,ROM,direct,direct-abs.l,V350,static-abs.l,unknown,,1,jsr,,
dal:V350:F1684A:F8F2F8,,OS+0x1684A,unmapped-segment,OS-RAM,$FFF8F2F8,$F8F2F8,,ROM,direct,direct-abs.l,V350,static-abs.l,unknown,,1,jmp,,
dal:V350:F16850:F8F2DA,,OS+0x16850,unmapped-segment,OS-RAM,$FFF8F2DA,$F8F2DA,,ROM,direct,direct-abs.l,V350,static-abs.l,unknown,,1,jmp,,
dal:V350:F16856:F8F476,,OS+0x16856,unmapped-segment,OS-RAM,$FFF8F476,$F8F476,,ROM,direct,direct-abs.l,V350,static-abs.l,unknown,,1,jsr,,
dal:V350:F168C2:F900E8,,OS+0x168C2,unmapped-segment,OS-RAM,$FFF900E8,$F900E8,,ROM,direct,direct-abs.l,V350,static-abs.l,unknown,,1,jmp,,
dal:V350:F168CE:F8FDC4,,OS+0x168CE,unmapped-segment,OS-RAM,$FFF8FDC4,$F8FDC4,,ROM,direct,direct-abs.l,V350,static-abs.l,unknown,,1,jmp,,
dal:V350:F1696C:F90282,,OS+0x1696C,unmapped-segment,OS-RAM,$FFF90282,$F90282,,ROM,direct,direct-abs.l,V350,static-abs.l,unknown,,1,jmp,,
dal:V350:F16974:F9062C,,OS+0x16974,unmapped-segment,OS-RAM,$FFF9062C,$F9062C,,ROM,direct,direct-abs.l,V350,static-abs.l,unknown,,1,jsr,,
dal:V350:F169DE:F912B0,,OS+0x169DE,unmapped-segment,OS-RAM,$FFF912B0,$F912B0,,ROM,direct,direct-abs.l,V350,static-abs.l,unknown,,1,jsr,,
dal:V350:F169F6:F912B0,,OS+0x169F6,unmapped-segment,OS-RAM,$FFF912B0,$F912B0,,ROM,direct,direct-abs.l,V350,static-abs.l,unknown,,1,jsr,,
dal:V350:F16AA0:F91432,,OS+0x16AA0,unmapped-segment,OS-RAM,$FFF91432,$F91432,,ROM,direct,direct-abs.l,V350,static-abs.l,unknown,,1,jmp,,
dal:V350:F16BB0:F91104,,OS+0x16BB0,unmapped-segment,OS-RAM,$FFF91104,$F91104,,ROM,direct,direct-abs.l,V350,static-abs.l,unknown,,1,jmp,,
dal:V350:F16BD0:F90A7C,,OS+0x16BD0,unmapped-segment,OS-RAM,$FFF90A7C,$F90A7C,,ROM,direct,direct-abs.l,V350,static-abs.l,unknown,,1,jsr,,
dal:V350:F16BDE:F90982,,OS+0x16BDE,unmapped-segment,OS-RAM,$FFF90982,$F90982,,ROM,direct,direct-abs.l,V350,static-abs.l,unknown,,1,jsr,,
dal:V350:F16C48:F90A7C,,OS+0x16C48,unmapped-segment,OS-RAM,$FFF90A7C,$F90A7C,,ROM,direct,direct-abs.l,V350,static-abs.l,unknown,,1,jsr,,
dal:V350:F16E7C:F90A7C,,OS+0x16E7C,unmapped-segment,OS-RAM,$FFF90A7C,$F90A7C,,ROM,direct,direct-abs.l,V350,static-abs.l,unknown,,1,jsr,,
dal:V350:F16FB2:F95EAA,,OS+0x16FB2,unmapped-segment,OS-RAM,$FFF95EAA,$F95EAA,,ROM,direct,direct-abs.l,V350,static-abs.l,unknown,,1,jsr,,
dal:V350:F1701C:F95EAA,,OS+0x1701C,unmapped-segment,OS-RAM,$FFF95EAA,$F95EAA,,ROM,direct,direct-abs.l,V350,static-abs.l,unknown,,1,jsr,,
dal:V350:F17060:F95EAA,,OS+0x17060,unmapped-segment,OS-RAM,$FFF95EAA,$F95EAA,,ROM,direct,direct-abs.l,V350,static-abs.l,unknown,,1,jsr,,
dal:V350:F1707C:F95EAA,,OS+0x1707C,unmapped-segment,OS-RAM,$FFF95EAA,$F95EAA,,ROM,direct,direct-abs.l,V350,static-abs.l,unknown,,1,jsr,,
dal:V350:F17106:F95EAA,,OS+0x17106,unmapped-segment,OS-RAM,$FFF95EAA,$F95EAA,,ROM,direct,direct-abs.l,V350,static-abs.l,unknown,,1,jsr,,
dal:V350:F17162:F95EAA,,OS+0x17162,unmapped-segment,OS-RAM,$FFF95EAA,$F95EAA,,ROM,direct,direct-abs.l,V350,static-abs.l,unknown,,1,jsr,,
dal:V350:F171FA:F918A8,,OS+0x171FA,unmapped-segment,OS-RAM,$FFF918A8,$F918A8,,ROM,direct,direct-abs.l,V350,static-abs.l,unknown,,1,jmp,,
dal:V350:F172F6:F8DE16,,OS+0x172F6,unmapped-segment,OS-RAM,$FFF8DE16,$F8DE16,,ROM,direct,direct-abs.l,V350,static-abs.l,unknown,,1,jmp,,
dal:V350:F17338:F9200A,,OS+0x17338,unmapped-segment,OS-RAM,$FFF9200A,$F9200A,,ROM,direct,direct-abs.l,V350,static-abs.l,unknown,,1,jmp,,
dal:V350:F17346:F91EE8,,OS+0x17346,unmapped-segment,OS-RAM,$FFF91EE8,$F91EE8,,ROM,direct,direct-abs.l,V350,static-abs.l,unknown,,1,jmp,,
dal:V350:F1734C:F91EAA,,OS+0x1734C,unmapped-segment,OS-RAM,$FFF91EAA,$F91EAA,,ROM,direct,direct-abs.l,V350,static-abs.l,unknown,,1,jmp,,
dal:V350:F1735A:F91CC6,,OS+0x1735A,unmapped-segment,OS-RAM,$FFF91CC6,$F91CC6,,ROM,direct,direct-abs.l,V350,static-abs.l,unknown,,1,jmp,,
dal:V350:F17374:F91EAA,,OS+0x17374,unmapped-segment,OS-RAM,$FFF91EAA,$F91EAA,,ROM,direct,direct-abs.l,V350,static-abs.l,unknown,,1,jsr,,
dal:V350:F1737C:F91C8C,,OS+0x1737C,unmapped-segment,OS-RAM,$FFF91C8C,$F91C8C,,ROM,direct,direct-abs.l,V350,static-abs.l,unknown,,1,jmp,,
dal:V350:F17382:F91B0C,,OS+0x17382,unmapped-segment,OS-RAM,$FFF91B0C,$F91B0C,,ROM,direct,direct-abs.l,V350,static-abs.l,unknown,,1,jmp,,
dal:V350:F17470:F917C4,,OS+0x17470,unmapped-segment,OS-RAM,$FFF917C4,$F917C4,,ROM,direct,direct-abs.l,V350,static-abs.l,unknown,,1,jmp,,
dal:V350:F17476:F9250E,,OS+0x17476,unmapped-segment,OS-RAM,$FFF9250E,$F9250E,,ROM,direct,direct-abs.l,V350,static-abs.l,unknown,,1,jsr,,
dal:V350:F174BC:F92AD6,,OS+0x174BC,unmapped-segment,OS-RAM,$FFF92AD6,$F92AD6,,ROM,direct,direct-abs.l,V350,static-abs.l,unknown,,1,jmp,,
dal:V350:F17558:F9223A,,OS+0x17558,unmapped-segment,OS-RAM,$FFF9223A,$F9223A,,ROM,direct,direct-abs.l,V350,static-abs.l,unknown,,1,jsr,,
dal:V350:F17570:F9220A,,OS+0x17570,unmapped-segment,OS-RAM,$FFF9220A,$F9220A,,ROM,direct,direct-abs.l,V350,static-abs.l,unknown,,1,jmp,,
dal:V350:F1757A:F92B6C,,OS+0x1757A,unmapped-segment,OS-RAM,$FFF92B6C,$F92B6C,,ROM,direct,direct-abs.l,V350,static-abs.l,unknown,,1,jsr,,
dal:V350:F175AE:F92DCC,,OS+0x175AE,unmapped-segment,OS-RAM,$FFF92DCC,$F92DCC,,ROM,direct,direct-abs.l,V350,static-abs.l,unknown,,1,jmp,,
dal:V350:F175B4:F927F6,,OS+0x175B4,unmapped-segment,OS-RAM,$FFF927F6,$F927F6,,ROM,direct,direct-abs.l,V350,static-abs.l,unknown,,1,jsr,,
dal:V350:F175E2:F92DE0,,OS+0x175E2,unmapped-segment,OS-RAM,$FFF92DE0,$F92DE0,,ROM,direct,direct-abs.l,V350,static-abs.l,unknown,,1,jsr,,
dal:V350:F17632:F92D66,,OS+0x17632,unmapped-segment,OS-RAM,$FFF92D66,$F92D66,,ROM,direct,direct-abs.l,V350,static-abs.l,unknown,,1,jmp,,
dal:V350:F17660:F9381C,,OS+0x17660,unmapped-segment,OS-RAM,$FFF9381C,$F9381C,,ROM,direct,direct-abs.l,V350,static-abs.l,unknown,,1,jmp,,
dal:V350:F17670:F93B70,,OS+0x17670,unmapped-segment,OS-RAM,$FFF93B70,$F93B70,,ROM,direct,direct-abs.l,V350,static-abs.l,unknown,,1,jmp,,
dal:V350:F1767A:F93EFA,,OS+0x1767A,unmapped-segment,OS-RAM,$FFF93EFA,$F93EFA,,ROM,direct,direct-abs.l,V350,static-abs.l,unknown,,1,jmp,,
dal:V350:F17798:F942F0,,OS+0x17798,unmapped-segment,OS-RAM,$FFF942F0,$F942F0,,ROM,direct,direct-abs.l,V350,static-abs.l,unknown,,1,jmp,,
dal:V350:F177A2:F9430C,,OS+0x177A2,unmapped-segment,OS-RAM,$FFF9430C,$F9430C,,ROM,direct,direct-abs.l,V350,static-abs.l,unknown,,1,jmp,,
dal:V350:F177B4:F94F9A,,OS+0x177B4,unmapped-segment,OS-RAM,$FFF94F9A,$F94F9A,,ROM,direct,direct-abs.l,V350,static-abs.l,unknown,,1,jsr,,
dal:V350:F177C2:F95058,,OS+0x177C2,unmapped-segment,OS-RAM,$FFF95058,$F95058,,ROM,direct,direct-abs.l,V350,static-abs.l,unknown,,1,jsr,,
dal:V350:F177D0:F950D2,,OS+0x177D0,unmapped-segment,OS-RAM,$FFF950D2,$F950D2,,ROM,direct,direct-abs.l,V350,static-abs.l,unknown,,1,jsr,,
dal:V350:F177DE:F95186,,OS+0x177DE,unmapped-segment,OS-RAM,$FFF95186,$F95186,,ROM,direct,direct-abs.l,V350,static-abs.l,unknown,,1,jsr,,
dal:V350:F177EC:F95288,,OS+0x177EC,unmapped-segment,OS-RAM,$FFF95288,$F95288,,ROM,direct,direct-abs.l,V350,static-abs.l,unknown,,1,jsr,,
dal:V350:F17808:F951FE,,OS+0x17808,unmapped-segment,OS-RAM,$FFF951FE,$F951FE,,ROM,direct,direct-abs.l,V350,static-abs.l,unknown,,1,jsr,,
dal:V350:F178C6:F954D4,,OS+0x178C6,unmapped-segment,OS-RAM,$FFF954D4,$F954D4,,ROM,direct,direct-abs.l,V350,static-abs.l,unknown,,1,jmp,,
dal:V350:F178EC:F954BE,,OS+0x178EC,unmapped-segment,OS-RAM,$FFF954BE,$F954BE,,ROM,direct,direct-abs.l,V350,static-abs.l,unknown,,1,jmp,,
dal:V350:F17A54:F955DA,,OS+0x17A54,unmapped-segment,OS-RAM,$FFF955DA,$F955DA,,ROM,direct,direct-abs.l,V350,static-abs.l,unknown,,1,jmp,,
dal:V350:F17A5E:F955BA,,OS+0x17A5E,unmapped-segment,OS-RAM,$FFF955BA,$F955BA,,ROM,direct,direct-abs.l,V350,static-abs.l,unknown,,1,jsr,,
dal:V350:F17A6C:F95382,,OS+0x17A6C,unmapped-segment,OS-RAM,$FFF95382,$F95382,,ROM,direct,direct-abs.l,V350,static-abs.l,unknown,,1,jmp,,
dal:V350:F17AA2:F95A2A,,OS+0x17AA2,unmapped-segment,OS-RAM,$FFF95A2A,$F95A2A,,ROM,direct,direct-abs.l,V350,static-abs.l,unknown,,1,jmp,,
dal:V350:F17B1C:F95F40,,OS+0x17B1C,unmapped-segment,OS-RAM,$FFF95F40,$F95F40,,ROM,direct,direct-abs.l,V350,static-abs.l,unknown,,1,jmp,,
dal:V350:F17BB0:F95FDC,,OS+0x17BB0,unmapped-segment,OS-RAM,$FFF95FDC,$F95FDC,,ROM,direct,direct-abs.l,V350,static-abs.l,unknown,,1,jmp,,
dal:V350:F17BD4:F964AC,,OS+0x17BD4,unmapped-segment,OS-RAM,$FFF964AC,$F964AC,,ROM,direct,direct-abs.l,V350,static-abs.l,unknown,,1,jsr,,
dal:V350:F17C0A:F964FA,,OS+0x17C0A,unmapped-segment,OS-RAM,$FFF964FA,$F964FA,,ROM,direct,direct-abs.l,V350,static-abs.l,unknown,,1,jmp,,
dal:V350:F17CB8:F9677A,,OS+0x17CB8,unmapped-segment,OS-RAM,$FFF9677A,$F9677A,,ROM,direct,direct-abs.l,V350,static-abs.l,unknown,,1,jmp,,
dal:V350:F17CF6:F96980,,OS+0x17CF6,unmapped-segment,OS-RAM,$FFF96980,$F96980,,ROM,direct,direct-abs.l,V350,static-abs.l,unknown,,1,jmp,,
dal:V350:F17E66:F965D8,,OS+0x17E66,unmapped-segment,OS-RAM,$FFF965D8,$F965D8,,ROM,direct,direct-abs.l,V350,static-abs.l,unknown,,1,jsr,,
dal:V350:F17E78:F966E8,,OS+0x17E78,unmapped-segment,OS-RAM,$FFF966E8,$F966E8,,ROM,direct,direct-abs.l,V350,static-abs.l,unknown,,1,jmp,,
dal:V350:F17EC0:F96B46,,OS+0x17EC0,unmapped-segment,OS-RAM,$FFF96B46,$F96B46,,ROM,direct,direct-abs.l,V350,static-abs.l,unknown,,1,jsr,,
dal:V350:F17EDE:F96B46,,OS+0x17EDE,unmapped-segment,OS-RAM,$FFF96B46,$F96B46,,ROM,direct,direct-abs.l,V350,static-abs.l,unknown,,1,jsr,,
dal:V350:F17F18:F96B46,,OS+0x17F18,unmapped-segment,OS-RAM,$FFF96B46,$F96B46,,ROM,direct,direct-abs.l,V350,static-abs.l,unknown,,1,jsr,,
dal:V350:F180D4:F95EAA,,OS+0x180D4,unmapped-segment,OS-RAM,$FFF95EAA,$F95EAA,,ROM,direct,direct-abs.l,V350,static-abs.l,unknown,,1,jsr,,
dal:V350:F1820C:F95EAA,,OS+0x1820C,unmapped-segment,OS-RAM,$FFF95EAA,$F95EAA,,ROM,direct,direct-abs.l,V350,static-abs.l,unknown,,1,jsr,,
dal:V350:F1836C:F95EAA,,OS+0x1836C,unmapped-segment,OS-RAM,$FFF95EAA,$F95EAA,,ROM,direct,direct-abs.l,V350,static-abs.l,unknown,,1,jsr,,
dal:V350:F18408:F96220,,OS+0x18408,unmapped-segment,OS-RAM,$FFF96220,$F96220,,ROM,direct,direct-abs.l,V350,static-abs.l,unknown,,1,jsr,,
dal:V350:F185C6:F95EAA,,OS+0x185C6,unmapped-segment,OS-RAM,$FFF95EAA,$F95EAA,,ROM,direct,direct-abs.l,V350,static-abs.l,unknown,,1,jsr,,
dal:V350:F185CE:F95EAA,,OS+0x185CE,unmapped-segment,OS-RAM,$FFF95EAA,$F95EAA,,ROM,direct,direct-abs.l,V350,static-abs.l,unknown,,1,jsr,,
dal:V350:F18646:F95EAA,,OS+0x18646,unmapped-segment,OS-RAM,$FFF95EAA,$F95EAA,,ROM,direct,direct-abs.l,V350,static-abs.l,unknown,,1,jsr,,
dal:V350:F1878E:F95B80,,OS+0x1878E,unmapped-segment,OS-RAM,$FFF95B80,$F95B80,,ROM,direct,direct-abs.l,V350,static-abs.l,unknown,,1,jsr,,
dal:V350:F187C2:F95EAA,,OS+0x187C2,unmapped-segment,OS-RAM,$FFF95EAA,$F95EAA,,ROM,direct,direct-abs.l,V350,static-abs.l,unknown,,1,jsr,,
dal:V350:F187CC:F95EAA,,OS+0x187CC,unmapped-segment,OS-RAM,$FFF95EAA,$F95EAA,,ROM,direct,direct-abs.l,V350,static-abs.l,unknown,,1,jsr,,
dal:V350:F188BE:F95EAA,,OS+0x188BE,unmapped-segment,OS-RAM,$FFF95EAA,$F95EAA,,ROM,direct,direct-abs.l,V350,static-abs.l,unknown,,1,jsr,,
dal:V350:F188D0:F95EAA,,OS+0x188D0,unmapped-segment,OS-RAM,$FFF95EAA,$F95EAA,,ROM,direct,direct-abs.l,V350,static-abs.l,unknown,,1,jsr,,
dal:V350:F18AAC:F89CF6,,OS+0x18AAC,unmapped-segment,OS-RAM,$FFF89CF6,$F89CF6,,ROM,direct,direct-abs.l,V350,static-abs.l,unknown,,1,jsr,,
dal:V350:F18D48:FB7C3C,,OS+0x18D48,unmapped-segment,OS-RAM,$FFFB7C3C,$FB7C3C,,ROM,direct,direct-abs.l,V350,static-abs.l,unknown,,1,jsr,,
dal:V350:F18D58:FB816A,,OS+0x18D58,unmapped-segment,OS-RAM,$FFFB816A,$FB816A,,ROM,direct,direct-abs.l,V350,static-abs.l,unknown,,1,jsr,,
dal:V350:F18D5E:FB8D78,,OS+0x18D5E,unmapped-segment,OS-RAM,$FFFB8D78,$FB8D78,,ROM,direct,direct-abs.l,V350,static-abs.l,unknown,,1,jsr,,
dal:V350:F18D74:FB7C5A,,OS+0x18D74,unmapped-segment,OS-RAM,$FFFB7C5A,$FB7C5A,,ROM,direct,direct-abs.l,V350,static-abs.l,unknown,,1,jsr,,
dal:V350:F18D84:FB7EF8,,OS+0x18D84,unmapped-segment,OS-RAM,$FFFB7EF8,$FB7EF8,,ROM,direct,direct-abs.l,V350,static-abs.l,unknown,,1,jmp,,
dal:V350:F18D8C:FB7F04,,OS+0x18D8C,unmapped-segment,OS-RAM,$FFFB7F04,$FB7F04,,ROM,direct,direct-abs.l,V350,static-abs.l,unknown,,1,jmp,,
dal:V350:F18D92:FB7E8E,,OS+0x18D92,unmapped-segment,OS-RAM,$FFFB7E8E,$FB7E8E,,ROM,direct,direct-abs.l,V350,static-abs.l,unknown,,1,jmp,,
dal:V350:F18DB6:FB8D78,,OS+0x18DB6,unmapped-segment,OS-RAM,$FFFB8D78,$FB8D78,,ROM,direct,direct-abs.l,V350,static-abs.l,unknown,,1,jsr,,
dal:V350:F18DF8:FB8CFC,,OS+0x18DF8,unmapped-segment,OS-RAM,$FFFB8CFC,$FB8CFC,,ROM,direct,direct-abs.l,V350,static-abs.l,unknown,,1,jsr,,
dal:V350:F18E1C:FB7F88,,OS+0x18E1C,unmapped-segment,OS-RAM,$FFFB7F88,$FB7F88,,ROM,direct,direct-abs.l,V350,static-abs.l,unknown,,1,jsr,,
dal:V350:F18E40:FB84DA,,OS+0x18E40,unmapped-segment,OS-RAM,$FFFB84DA,$FB84DA,,ROM,direct,direct-abs.l,V350,static-abs.l,unknown,,1,jsr,,
dal:V350:F18EB0:FBA4FE,,OS+0x18EB0,unmapped-segment,OS-RAM,$FFFBA4FE,$FBA4FE,,ROM,direct,direct-abs.l,V350,static-abs.l,unknown,,1,jsr,,
dal:V350:F18ECE:FB9C20,,OS+0x18ECE,unmapped-segment,OS-RAM,$FFFB9C20,$FB9C20,,ROM,direct,direct-abs.l,V350,static-abs.l,unknown,,1,jsr,,
dal:V350:F18EF0:FB84DA,,OS+0x18EF0,unmapped-segment,OS-RAM,$FFFB84DA,$FB84DA,,ROM,direct,direct-abs.l,V350,static-abs.l,unknown,,1,jsr,,
dal:V350:F18F24:FB84DA,,OS+0x18F24,unmapped-segment,OS-RAM,$FFFB84DA,$FB84DA,,ROM,direct,direct-abs.l,V350,static-abs.l,unknown,,1,jsr,,
dal:V350:F18F50:FB84DA,,OS+0x18F50,unmapped-segment,OS-RAM,$FFFB84DA,$FB84DA,,ROM,direct,direct-abs.l,V350,static-abs.l,unknown,,1,jsr,,
dal:V350:F18F84:FB981E,,OS+0x18F84,unmapped-segment,OS-RAM,$FFFB981E,$FB981E,,ROM,direct,direct-abs.l,V350,static-abs.l,unknown,,1,jsr,,
dal:V350:F19100:FBA4FE,,OS+0x19100,unmapped-segment,OS-RAM,$FFFBA4FE,$FBA4FE,,ROM,direct,direct-abs.l,V350,static-abs.l,unknown,,1,jsr,,
dal:V350:F19118:FBA4FE,,OS+0x19118,unmapped-segment,OS-RAM,$FFFBA4FE,$FBA4FE,,ROM,direct,direct-abs.l,V350,static-abs.l,unknown,,1,jsr,,
dal:V350:F19260:FBA4FE,,OS+0x19260,unmapped-segment,OS-RAM,$FFFBA4FE,$FBA4FE,,ROM,direct,direct-abs.l,V350,static-abs.l,unknown,,1,jsr,,
dal:V350:F19290:FBA4FE,,OS+0x19290,unmapped-segment,OS-RAM,$FFFBA4FE,$FBA4FE,,ROM,direct,direct-abs.l,V350,static-abs.l,unknown,,1,jsr,,
dal:V350:F192B4:FB9FE2,,OS+0x192B4,unmapped-segment,OS-RAM,$FFFB9FE2,$FB9FE2,,ROM,direct,direct-abs.l,V350,static-abs.l,unknown,,1,jsr,,
dal:V350:F1932A:FB9EBE,,OS+0x1932A,unmapped-segment,OS-RAM,$FFFB9EBE,$FB9EBE,,ROM,direct,direct-abs.l,V350,static-abs.l,unknown,,1,jsr,,
dal:V350:F193AA:FBA4DA,,OS+0x193AA,unmapped-segment,OS-RAM,$FFFBA4DA,$FBA4DA,,ROM,direct,direct-abs.l,V350,static-abs.l,unknown,,1,jsr,,
dal:V350:F19460:FBA4FE,,OS+0x19460,unmapped-segment,OS-RAM,$FFFBA4FE,$FBA4FE,,ROM,direct,direct-abs.l,V350,static-abs.l,unknown,,1,jsr,,
dal:V350:F1955C:FBA4FE,,OS+0x1955C,unmapped-segment,OS-RAM,$FFFBA4FE,$FBA4FE,,ROM,direct,direct-abs.l,V350,static-abs.l,unknown,,1,jsr,,
dal:V350:F1958A:FBA4FE,,OS+0x1958A,unmapped-segment,OS-RAM,$FFFBA4FE,$FBA4FE,,ROM,direct,direct-abs.l,V350,static-abs.l,unknown,,1,jsr,,
dal:V350:F195BC:FBA4FE,,OS+0x195BC,unmapped-segment,OS-RAM,$FFFBA4FE,$FBA4FE,,ROM,direct,direct-abs.l,V350,static-abs.l,unknown,,1,jsr,,
dal:V350:F19692:FB84DA,,OS+0x19692,unmapped-segment,OS-RAM,$FFFB84DA,$FB84DA,,ROM,direct,direct-abs.l,V350,static-abs.l,unknown,,1,jsr,,
dal:V350:F1970E:FB84DA,,OS+0x1970E,unmapped-segment,OS-RAM,$FFFB84DA,$FB84DA,,ROM,direct,direct-abs.l,V350,static-abs.l,unknown,,1,jsr,,
dal:V350:F19752:FBA4DA,,OS+0x19752,unmapped-segment,OS-RAM,$FFFBA4DA,$FBA4DA,,ROM,direct,direct-abs.l,V350,static-abs.l,unknown,,1,jsr,,
dal:V350:F197F4:FB7F6C,,OS+0x197F4,unmapped-segment,OS-RAM,$FFFB7F6C,$FB7F6C,,ROM,direct,direct-abs.l,V350,static-abs.l,unknown,,1,jsr,,
dal:V350:F1989C:FB7E04,,OS+0x1989C,unmapped-segment,OS-RAM,$FFFB7E04,$FB7E04,,ROM,direct,direct-abs.l,V350,static-abs.l,unknown,,1,jsr,,
dal:V350:F198A2:FB86C6,,OS+0x198A2,unmapped-segment,OS-RAM,$FFFB86C6,$FB86C6,,ROM,direct,direct-abs.l,V350,static-abs.l,unknown,,1,jsr,,
dal:V350:F198AE:FB8550,,OS+0x198AE,unmapped-segment,OS-RAM,$FFFB8550,$FB8550,,ROM,direct,direct-abs.l,V350,static-abs.l,unknown,,1,jsr,,
dal:V350:F198DA:FBACDC,,OS+0x198DA,unmapped-segment,OS-RAM,$FFFBACDC,$FBACDC,,ROM,direct,direct-abs.l,V350,static-abs.l,unknown,,1,jsr,,
dal:V350:F198FE:FB7C3C,,OS+0x198FE,unmapped-segment,OS-RAM,$FFFB7C3C,$FB7C3C,,ROM,direct,direct-abs.l,V350,static-abs.l,unknown,,1,jsr,,
dal:V350:F19904:FB8D78,,OS+0x19904,unmapped-segment,OS-RAM,$FFFB8D78,$FB8D78,,ROM,direct,direct-abs.l,V350,static-abs.l,unknown,,1,jsr,,
dal:V350:F19928:FBADFA,,OS+0x19928,unmapped-segment,OS-RAM,$FFFBADFA,$FBADFA,,ROM,direct,direct-abs.l,V350,static-abs.l,unknown,,1,jsr,,
dal:V350:F19950:FBADFA,,OS+0x19950,unmapped-segment,OS-RAM,$FFFBADFA,$FBADFA,,ROM,direct,direct-abs.l,V350,static-abs.l,unknown,,1,jsr,,
dal:V350:F199EC:F88300,,OS+0x199EC,unmapped-segment,OS-RAM,$FFF88300,$F88300,,ROM,direct,direct-abs.l,V350,static-abs.l,unknown,,1,jmp,,
dal:V350:F199F4:F9097A,,OS+0x199F4,unmapped-segment,OS-RAM,$FFF9097A,$F9097A,,ROM,direct,direct-abs.l,V350,static-abs.l,unknown,,1,jmp,,
dal:V350:F19A08:F91702,,OS+0x19A08,unmapped-segment,OS-RAM,$FFF91702,$F91702,,ROM,direct,direct-abs.l,V350,static-abs.l,unknown,,1,jsr,,
dal:V350:F19A30:F91706,,OS+0x19A30,unmapped-segment,OS-RAM,$FFF91706,$F91706,,ROM,direct,direct-abs.l,V350,static-abs.l,unknown,,1,jsr,,
dal:V350:F19A38:F91702,,OS+0x19A38,unmapped-segment,OS-RAM,$FFF91702,$F91702,,ROM,direct,direct-abs.l,V350,static-abs.l,unknown,,1,jsr,,
dal:V350:F19A40:F91706,,OS+0x19A40,unmapped-segment,OS-RAM,$FFF91706,$F91706,,ROM,direct,direct-abs.l,V350,static-abs.l,unknown,,1,jsr,,
dal:V350:F19ABE:F95EAA,,OS+0x19ABE,unmapped-segment,OS-RAM,$FFF95EAA,$F95EAA,,ROM,direct,direct-abs.l,V350,static-abs.l,unknown,,1,jsr,,
dal:V350:F19BB8:F95EAA,,OS+0x19BB8,unmapped-segment,OS-RAM,$FFF95EAA,$F95EAA,,ROM,direct,direct-abs.l,V350,static-abs.l,unknown,,1,jsr,,
dal:V350:F19E52:F91702,,OS+0x19E52,unmapped-segment,OS-RAM,$FFF91702,$F91702,,ROM,direct,direct-abs.l,V350,static-abs.l,unknown,,1,jsr,,
dal:V350:F19ECE:F914C0,,OS+0x19ECE,unmapped-segment,OS-RAM,$FFF914C0,$F914C0,,ROM,direct,direct-abs.l,V350,static-abs.l,unknown,,1,jmp,,
dal:V350:F19F42:F95C1E,,OS+0x19F42,unmapped-segment,OS-RAM,$FFF95C1E,$F95C1E,,ROM,direct,direct-abs.l,V350,static-abs.l,unknown,,1,jmp,,
dal:V350:F19F50:F95C12,,OS+0x19F50,unmapped-segment,OS-RAM,$FFF95C12,$F95C12,,ROM,direct,direct-abs.l,V350,static-abs.l,unknown,,1,jmp,,
dal:V350:F1A002:F95EAA,,OS+0x1A002,unmapped-segment,OS-RAM,$FFF95EAA,$F95EAA,,ROM,direct,direct-abs.l,V350,static-abs.l,unknown,,1,jsr,,
dal:V350:F1A020:F9621E,,OS+0x1A020,unmapped-segment,OS-RAM,$FFF9621E,$F9621E,,ROM,direct,direct-abs.l,V350,static-abs.l,unknown,,1,jsr,,
dal:V350:F1A030:F9622E,,OS+0x1A030,unmapped-segment,OS-RAM,$FFF9622E,$F9622E,,ROM,direct,direct-abs.l,V350,static-abs.l,unknown,,1,jsr,,
dal:V350:F1A050:F960A2,,OS+0x1A050,unmapped-segment,OS-RAM,$FFF960A2,$F960A2,,ROM,direct,direct-abs.l,V350,static-abs.l,unknown,,1,jmp,,
dal:V350:F1A098:F95EAA,,OS+0x1A098,unmapped-segment,OS-RAM,$FFF95EAA,$F95EAA,,ROM,direct,direct-abs.l,V350,static-abs.l,unknown,,1,jsr,,
dal:V350:F1A0A0:F95EAA,,OS+0x1A0A0,unmapped-segment,OS-RAM,$FFF95EAA,$F95EAA,,ROM,direct,direct-abs.l,V350,static-abs.l,unknown,,1,jsr,,
dal:V350:F1A0BC:F95EAA,,OS+0x1A0BC,unmapped-segment,OS-RAM,$FFF95EAA,$F95EAA,,ROM,direct,direct-abs.l,V350,static-abs.l,unknown,,1,jsr,,
dal:V350:F1A124:F8FDCC,,OS+0x1A124,unmapped-segment,OS-RAM,$FFF8FDCC,$F8FDCC,,ROM,direct,direct-abs.l,V350,static-abs.l,unknown,,1,jsr,,
dal:V350:F1A278:F96220,,OS+0x1A278,unmapped-segment,OS-RAM,$FFF96220,$F96220,,ROM,direct,direct-abs.l,V350,static-abs.l,unknown,,1,jsr,,
dal:V350:F1A4A4:F95EAA,,OS+0x1A4A4,unmapped-segment,OS-RAM,$FFF95EAA,$F95EAA,,ROM,direct,direct-abs.l,V350,static-abs.l,unknown,,1,jsr,,
dal:V350:F1A4BE:F96400,,OS+0x1A4BE,unmapped-segment,OS-RAM,$FFF96400,$F96400,,ROM,direct,direct-abs.l,V350,static-abs.l,unknown,,1,jmp,,
dal:V350:F1A4C4:F963B0,,OS+0x1A4C4,unmapped-segment,OS-RAM,$FFF963B0,$F963B0,,ROM,direct,direct-abs.l,V350,static-abs.l,unknown,,1,jmp,,
dal:V350:F1A62A:F96796,,OS+0x1A62A,unmapped-segment,OS-RAM,$FFF96796,$F96796,,ROM,direct,direct-abs.l,V350,static-abs.l,unknown,,1,jsr,,
dal:V350:F1A678:F95EAA,,OS+0x1A678,unmapped-segment,OS-RAM,$FFF95EAA,$F95EAA,,ROM,direct,direct-abs.l,V350,static-abs.l,unknown,,1,jsr,,
dal:V350:F1A6CA:F968FC,,OS+0x1A6CA,unmapped-segment,OS-RAM,$FFF968FC,$F968FC,,ROM,direct,direct-abs.l,V350,static-abs.l,unknown,,1,jmp,,
dal:V350:F1A720:F968F6,,OS+0x1A720,unmapped-segment,OS-RAM,$FFF968F6,$F968F6,,ROM,direct,direct-abs.l,V350,static-abs.l,unknown,,1,jmp,,
dal:V350:F1A79E:F9621E,,OS+0x1A79E,unmapped-segment,OS-RAM,$FFF9621E,$F9621E,,ROM,direct,direct-abs.l,V350,static-abs.l,unknown,,1,jsr,,
dal:V350:F1AB3C:F8C09E,,OS+0x1AB3C,unmapped-segment,OS-RAM,$FFF8C09E,$F8C09E,,ROM,direct,direct-abs.l,V350,static-abs.l,unknown,,1,jsr,,
dal:V350:F1ABD6:F96220,,OS+0x1ABD6,unmapped-segment,OS-RAM,$FFF96220,$F96220,,ROM,direct,direct-abs.l,V350,static-abs.l,unknown,,1,jsr,,
dal:V350:F1ABE6:F95EAA,,OS+0x1ABE6,unmapped-segment,OS-RAM,$FFF95EAA,$F95EAA,,ROM,direct,direct-abs.l,V350,static-abs.l,unknown,,1,jsr,,
dal:V350:F1ABFC:F9622C,,OS+0x1ABFC,unmapped-segment,OS-RAM,$FFF9622C,$F9622C,,ROM,direct,direct-abs.l,V350,static-abs.l,unknown,,1,jsr,,
dal:V350:F1AC12:F95EAA,,OS+0x1AC12,unmapped-segment,OS-RAM,$FFF95EAA,$F95EAA,,ROM,direct,direct-abs.l,V350,static-abs.l,unknown,,1,jsr,,
dal:V350:F1AC28:F9622C,,OS+0x1AC28,unmapped-segment,OS-RAM,$FFF9622C,$F9622C,,ROM,direct,direct-abs.l,V350,static-abs.l,unknown,,1,jsr,,
dal:V350:F1ACC8:F95EAA,,OS+0x1ACC8,unmapped-segment,OS-RAM,$FFF95EAA,$F95EAA,,ROM,direct,direct-abs.l,V350,static-abs.l,unknown,,1,jsr,,
dal:V350:F1ACDA:F96220,,OS+0x1ACDA,unmapped-segment,OS-RAM,$FFF96220,$F96220,,ROM,direct,direct-abs.l,V350,static-abs.l,unknown,,1,jsr,,
dal:V350:F1ACF0:F96220,,OS+0x1ACF0,unmapped-segment,OS-RAM,$FFF96220,$F96220,,ROM,direct,direct-abs.l,V350,static-abs.l,unknown,,1,jsr,,
dal:V350:F1AD00:F95EAA,,OS+0x1AD00,unmapped-segment,OS-RAM,$FFF95EAA,$F95EAA,,ROM,direct,direct-abs.l,V350,static-abs.l,unknown,,1,jsr,,
dal:V350:F1AD18:F9622C,,OS+0x1AD18,unmapped-segment,OS-RAM,$FFF9622C,$F9622C,,ROM,direct,direct-abs.l,V350,static-abs.l,unknown,,1,jsr,,
dal:V350:F1AD2E:F95EAA,,OS+0x1AD2E,unmapped-segment,OS-RAM,$FFF95EAA,$F95EAA,,ROM,direct,direct-abs.l,V350,static-abs.l,unknown,,1,jsr,,
dal:V350:F1AD46:F9622C,,OS+0x1AD46,unmapped-segment,OS-RAM,$FFF9622C,$F9622C,,ROM,direct,direct-abs.l,V350,static-abs.l,unknown,,1,jsr,,
dal:V350:F1ADF4:F95EAA,,OS+0x1ADF4,unmapped-segment,OS-RAM,$FFF95EAA,$F95EAA,,ROM,direct,direct-abs.l,V350,static-abs.l,unknown,,1,jsr,,
dal:V350:F1AE06:F96220,,OS+0x1AE06,unmapped-segment,OS-RAM,$FFF96220,$F96220,,ROM,direct,direct-abs.l,V350,static-abs.l,unknown,,1,jsr,,
dal:V350:F1AF54:F96C30,,OS+0x1AF54,unmapped-segment,OS-RAM,$FFF96C30,$F96C30,,ROM,direct,direct-abs.l,V350,static-abs.l,unknown,,1,jsr,,
dal:V350:F1AF68:F96C2A,,OS+0x1AF68,unmapped-segment,OS-RAM,$FFF96C2A,$F96C2A,,ROM,direct,direct-abs.l,V350,static-abs.l,unknown,,1,jmp,,
dal:V350:F1AF8C:F95EAA,,OS+0x1AF8C,unmapped-segment,OS-RAM,$FFF95EAA,$F95EAA,,ROM,direct,direct-abs.l,V350,static-abs.l,unknown,,1,jsr,,
dal:V350:F1AFB0:F96D06,,OS+0x1AFB0,unmapped-segment,OS-RAM,$FFF96D06,$F96D06,,ROM,direct,direct-abs.l,V350,static-abs.l,unknown,,1,jsr,,
dal:V350:F1B1C2:F8941C,,OS+0x1B1C2,unmapped-segment,OS-RAM,$FFF8941C,$F8941C,,ROM,direct,direct-abs.l,V350,static-abs.l,unknown,,1,jmp,,
dal:V350:F1B216:F8C09E,,OS+0x1B216,unmapped-segment,OS-RAM,$FFF8C09E,$F8C09E,,ROM,direct,direct-abs.l,V350,static-abs.l,unknown,,1,jsr,,
dal:V350:F1B420:F89DFE,,OS+0x1B420,unmapped-segment,OS-RAM,$FFF89DFE,$F89DFE,,ROM,direct,direct-abs.l,V350,static-abs.l,unknown,,1,jsr,,
dal:V350:F1B456:F973F0,,OS+0x1B456,unmapped-segment,OS-RAM,$FFF973F0,$F973F0,,ROM,direct,direct-abs.l,V350,static-abs.l,unknown,,1,jsr,,
dal:V350:F1B4A8:F977C6,,OS+0x1B4A8,unmapped-segment,OS-RAM,$FFF977C6,$F977C6,,ROM,direct,direct-abs.l,V350,static-abs.l,unknown,,1,jsr,,
dal:V350:F1B4BA:F977B0,,OS+0x1B4BA,unmapped-segment,OS-RAM,$FFF977B0,$F977B0,,ROM,direct,direct-abs.l,V350,static-abs.l,unknown,,1,jsr,,
dal:V350:F1BB94:FB9B46,,OS+0x1BB94,unmapped-segment,OS-RAM,$FFFB9B46,$FB9B46,,ROM,direct,direct-abs.l,V350,static-abs.l,unknown,,1,jsr,,
dal:V350:F1BD84:F8B75E,,OS+0x1BD84,unmapped-segment,OS-RAM,$FFF8B75E,$F8B75E,,ROM,direct,direct-abs.l,V350,static-abs.l,unknown,,1,jsr,,
dal:V350:F1C082:FBB5C0,,OS+0x1C082,unmapped-segment,OS-RAM,$FFFBB5C0,$FBB5C0,,ROM,direct,direct-abs.l,V350,static-abs.l,unknown,,1,jsr,,
dal:V350:F1C092:FBB25A,,OS+0x1C092,unmapped-segment,OS-RAM,$FFFBB25A,$FBB25A,,ROM,direct,direct-abs.l,V350,static-abs.l,unknown,,1,jsr,,
dal:V350:F1C0A2:FBB0B2,,OS+0x1C0A2,unmapped-segment,OS-RAM,$FFFBB0B2,$FBB0B2,,ROM,direct,direct-abs.l,V350,static-abs.l,unknown,,1,jsr,,
dal:V350:F1C104:FBB100,,OS+0x1C104,unmapped-segment,OS-RAM,$FFFBB100,$FBB100,,ROM,direct,direct-abs.l,V350,static-abs.l,unknown,,1,jsr,,
dal:V350:F1C10A:FBB5C0,,OS+0x1C10A,unmapped-segment,OS-RAM,$FFFBB5C0,$FBB5C0,,ROM,direct,direct-abs.l,V350,static-abs.l,unknown,,1,jsr,,
dal:V350:F1C118:FBB25A,,OS+0x1C118,unmapped-segment,OS-RAM,$FFFBB25A,$FBB25A,,ROM,direct,direct-abs.l,V350,static-abs.l,unknown,,1,jsr,,
dal:V350:F1C452:F8C2CC,,OS+0x1C452,unmapped-segment,OS-RAM,$FFF8C2CC,$F8C2CC,,ROM,direct,direct-abs.l,V350,static-abs.l,unknown,,1,jmp,,
dal:V350:F1CB5C:F89ECC,,OS+0x1CB5C,unmapped-segment,OS-RAM,$FFF89ECC,$F89ECC,,ROM,direct,direct-abs.l,V350,static-abs.l,unknown,,1,jmp,,
dal:V350:F1CB62:F89EBE,,OS+0x1CB62,unmapped-segment,OS-RAM,$FFF89EBE,$F89EBE,,ROM,direct,direct-abs.l,V350,static-abs.l,unknown,,1,jmp,,
dal:V350:F1CB68:F89F06,,OS+0x1CB68,unmapped-segment,OS-RAM,$FFF89F06,$F89F06,,ROM,direct,direct-abs.l,V350,static-abs.l,unknown,,1,jmp,,
dal:V350:F1CC44:F8C55C,,OS+0x1CC44,unmapped-segment,OS-RAM,$FFF8C55C,$F8C55C,,ROM,direct,direct-abs.l,V350,static-abs.l,unknown,,1,jmp,,
dal:V350:F1CCA6:F8C4FC,,OS+0x1CCA6,unmapped-segment,OS-RAM,$FFF8C4FC,$F8C4FC,,ROM,direct,direct-abs.l,V350,static-abs.l,unknown,,1,jmp,,
dal:V350:F1CCE6:F8D148,,OS+0x1CCE6,unmapped-segment,OS-RAM,$FFF8D148,$F8D148,,ROM,direct,direct-abs.l,V350,static-abs.l,unknown,,1,jmp,,
dal:V350:F1CCF6:F8DAFE,,OS+0x1CCF6,unmapped-segment,OS-RAM,$FFF8DAFE,$F8DAFE,,ROM,direct,direct-abs.l,V350,static-abs.l,unknown,,1,jsr,,
dal:V350:F1CD48:F8DC66,,OS+0x1CD48,unmapped-segment,OS-RAM,$FFF8DC66,$F8DC66,,ROM,direct,direct-abs.l,V350,static-abs.l,unknown,,1,jsr,,
dal:V350:F1CD50:F8DD70,,OS+0x1CD50,unmapped-segment,OS-RAM,$FFF8DD70,$F8DD70,,ROM,direct,direct-abs.l,V350,static-abs.l,unknown,,1,jsr,,
dal:V350:F1CD9A:F8DCBE,,OS+0x1CD9A,unmapped-segment,OS-RAM,$FFF8DCBE,$F8DCBE,,ROM,direct,direct-abs.l,V350,static-abs.l,unknown,,1,jsr,,
dal:V350:F1CDC8:F8DCD6,,OS+0x1CDC8,unmapped-segment,OS-RAM,$FFF8DCD6,$F8DCD6,,ROM,direct,direct-abs.l,V350,static-abs.l,unknown,,1,jmp,,
dal:V350:F1CE34:F8B3B4,,OS+0x1CE34,unmapped-segment,OS-RAM,$FFF8B3B4,$F8B3B4,,ROM,direct,direct-abs.l,V350,static-abs.l,unknown,,1,jsr,,
dal:V350:F2FAC2:F8C8D6,,OS+0x2FAC2,unmapped-segment,OS-RAM,$FFF8C8D6,$F8C8D6,,ROM,direct,direct-abs.l,V350,static-abs.l,unknown,,1,jsr,,
dal:V350:F2FAD4:F8D0C4,,OS+0x2FAD4,unmapped-segment,OS-RAM,$FFF8D0C4,$F8D0C4,,ROM,direct,direct-abs.l,V350,static-abs.l,unknown,,1,jsr,,
dal:V350:F2FAE6:F8D0C4,,OS+0x2FAE6,unmapped-segment,OS-RAM,$FFF8D0C4,$F8D0C4,,ROM,direct,direct-abs.l,V350,static-abs.l,unknown,,1,jsr,,
dal:V350:F2FAFA:F8D0F0,,OS+0x2FAFA,unmapped-segment,OS-RAM,$FFF8D0F0,$F8D0F0,,ROM,direct,direct-abs.l,V350,static-abs.l,unknown,,1,jsr,,
dal:V350:F2FB0E:F8D0F0,,OS+0x2FB0E,unmapped-segment,OS-RAM,$FFF8D0F0,$F8D0F0,,ROM,direct,direct-abs.l,V350,static-abs.l,unknown,,1,jsr,,
vec:V161:000008:F882AA,$000008,OS+0x00008,vector-slot,VECTOR,$FFF882AA,$F882AA,,ROM,direct,vector,V161,static-vectortable,unknown,,1,vektor 2,,
vec:V161:00000C:F882AE,$00000C,OS+0x0000C,vector-slot,VECTOR,$FFF882AE,$F882AE,,ROM,direct,vector,V161,static-vectortable,unknown,,1,vektor 3,,
vec:V161:000010:FC6000,$000010,OS+0x00010,vector-slot,VECTOR,$FFFC6000,$FC6000,,DPRAM,direct,vector,V161,static-vectortable,unknown,,1,vektor 4,,
vec:V161:000014:F882B6,$000014,OS+0x00014,vector-slot,VECTOR,$FFF882B6,$F882B6,,ROM,direct,vector,V161,static-vectortable,unknown,,1,vektor 5,,
vec:V161:000018:F882BA,$000018,OS+0x00018,vector-slot,VECTOR,$FFF882BA,$F882BA,,ROM,direct,vector,V161,static-vectortable,unknown,,1,vektor 6,,
vec:V161:00001C:F882BE,$00001C,OS+0x0001C,vector-slot,VECTOR,$FFF882BE,$F882BE,,ROM,direct,vector,V161,static-vectortable,unknown,,1,vektor 7,,
vec:V161:000020:F882C2,$000020,OS+0x00020,vector-slot,VECTOR,$FFF882C2,$F882C2,,ROM,direct,vector,V161,static-vectortable,unknown,,1,vektor 8,,
vec:V161:000024:F882C6,$000024,OS+0x00024,vector-slot,VECTOR,$FFF882C6,$F882C6,,ROM,direct,vector,V161,static-vectortable,unknown,,1,vektor 9,,
vec:V161:000028:F882CA,$000028,OS+0x00028,vector-slot,VECTOR,$FFF882CA,$F882CA,,ROM,direct,vector,V161,static-vectortable,unknown,,1,vektor 10,,
vec:V161:00002C:FC6014,$00002C,OS+0x0002C,vector-slot,VECTOR,$FFFC6014,$FC6014,,DPRAM,direct,vector,V161,static-vectortable,unknown,,1,vektor 11,,
vec:V161:000030:F882DA,$000030,OS+0x00030,vector-slot,VECTOR,$FFF882DA,$F882DA,,ROM,direct,vector,V161,static-vectortable,unknown,,1,vektor 12,,
vec:V161:000034:F882DA,$000034,OS+0x00034,vector-slot,VECTOR,$FFF882DA,$F882DA,,ROM,direct,vector,V161,static-vectortable,unknown,,1,vektor 13,,
vec:V161:000038:F882DA,$000038,OS+0x00038,vector-slot,VECTOR,$FFF882DA,$F882DA,,ROM,direct,vector,V161,static-vectortable,unknown,,1,vektor 14,,
vec:V161:00003C:F882DA,$00003C,OS+0x0003C,vector-slot,VECTOR,$FFF882DA,$F882DA,,ROM,direct,vector,V161,static-vectortable,unknown,,1,vektor 15,,
vec:V161:000040:F882DA,$000040,OS+0x00040,vector-slot,VECTOR,$FFF882DA,$F882DA,,ROM,direct,vector,V161,static-vectortable,unknown,,1,vektor 16,,
vec:V161:000044:F882DA,$000044,OS+0x00044,vector-slot,VECTOR,$FFF882DA,$F882DA,,ROM,direct,vector,V161,static-vectortable,unknown,,1,vektor 17,,
vec:V161:000048:F882DA,$000048,OS+0x00048,vector-slot,VECTOR,$FFF882DA,$F882DA,,ROM,direct,vector,V161,static-vectortable,unknown,,1,vektor 18,,
vec:V161:00004C:F882DA,$00004C,OS+0x0004C,vector-slot,VECTOR,$FFF882DA,$F882DA,,ROM,direct,vector,V161,static-vectortable,unknown,,1,vektor 19,,
vec:V161:000050:F882DA,$000050,OS+0x00050,vector-slot,VECTOR,$FFF882DA,$F882DA,,ROM,direct,vector,V161,static-vectortable,unknown,,1,vektor 20,,
vec:V161:000054:F882DA,$000054,OS+0x00054,vector-slot,VECTOR,$FFF882DA,$F882DA,,ROM,direct,vector,V161,static-vectortable,unknown,,1,vektor 21,,
vec:V161:000058:F882DA,$000058,OS+0x00058,vector-slot,VECTOR,$FFF882DA,$F882DA,,ROM,direct,vector,V161,static-vectortable,unknown,,1,vektor 22,,
vec:V161:00005C:F882DA,$00005C,OS+0x0005C,vector-slot,VECTOR,$FFF882DA,$F882DA,,ROM,direct,vector,V161,static-vectortable,unknown,,1,vektor 23,,
vec:V161:000060:F882D6,$000060,OS+0x00060,vector-slot,VECTOR,$FFF882D6,$F882D6,,ROM,direct,vector,V161,static-vectortable,unknown,,1,vektor 24,,
vec:V161:000064:F882DA,$000064,OS+0x00064,vector-slot,VECTOR,$FFF882DA,$F882DA,,ROM,direct,vector,V161,static-vectortable,unknown,,1,vektor 25,,
vec:V161:000068:F882DA,$000068,OS+0x00068,vector-slot,VECTOR,$FFF882DA,$F882DA,,ROM,direct,vector,V161,static-vectortable,unknown,,1,vektor 26,,
vec:V161:00006C:F882DA,$00006C,OS+0x0006C,vector-slot,VECTOR,$FFF882DA,$F882DA,,ROM,direct,vector,V161,static-vectortable,unknown,,1,vektor 27,,
vec:V161:000070:F882DA,$000070,OS+0x00070,vector-slot,VECTOR,$FFF882DA,$F882DA,,ROM,direct,vector,V161,static-vectortable,unknown,,1,vektor 28,,
vec:V161:000074:F882DA,$000074,OS+0x00074,vector-slot,VECTOR,$FFF882DA,$F882DA,,ROM,direct,vector,V161,static-vectortable,unknown,,1,vektor 29,,
vec:V161:000078:F882DA,$000078,OS+0x00078,vector-slot,VECTOR,$FFF882DA,$F882DA,,ROM,direct,vector,V161,static-vectortable,unknown,,1,vektor 30,,
vec:V161:00007C:F882DA,$00007C,OS+0x0007C,vector-slot,VECTOR,$FFF882DA,$F882DA,,ROM,direct,vector,V161,static-vectortable,unknown,,1,vektor 31,,
vec:V161:000080:F88280,$000080,OS+0x00080,vector-slot,VECTOR,$FFF88280,$F88280,,ROM,direct,vector,V161,static-vectortable,unknown,,1,vektor 32,,
vec:V161:000084:F87F76,$000084,OS+0x00084,vector-slot,VECTOR,$FFF87F76,$F87F76,,ROM,direct,vector,V161,static-vectortable,unknown,,1,vektor 33,,
vec:V161:000088:F88066,$000088,OS+0x00088,vector-slot,VECTOR,$FFF88066,$F88066,,ROM,direct,vector,V161,static-vectortable,unknown,,1,vektor 34,,
vec:V161:00008C:F88078,$00008C,OS+0x0008C,vector-slot,VECTOR,$FFF88078,$F88078,,ROM,direct,vector,V161,static-vectortable,unknown,,1,vektor 35,,
vec:V161:000090:F880A2,$000090,OS+0x00090,vector-slot,VECTOR,$FFF880A2,$F880A2,,ROM,direct,vector,V161,static-vectortable,unknown,,1,vektor 36,,
vec:V161:000094:F880B6,$000094,OS+0x00094,vector-slot,VECTOR,$FFF880B6,$F880B6,,ROM,direct,vector,V161,static-vectortable,unknown,,1,vektor 37,,
vec:V161:000098:F880D6,$000098,OS+0x00098,vector-slot,VECTOR,$FFF880D6,$F880D6,,ROM,direct,vector,V161,static-vectortable,unknown,,1,vektor 38,,
vec:V161:00009C:F88108,$00009C,OS+0x0009C,vector-slot,VECTOR,$FFF88108,$F88108,,ROM,direct,vector,V161,static-vectortable,unknown,,1,vektor 39,,
vec:V161:0000A0:F8812C,$0000A0,OS+0x000A0,vector-slot,VECTOR,$FFF8812C,$F8812C,,ROM,direct,vector,V161,static-vectortable,unknown,,1,vektor 40,,
vec:V161:0000A4:F88138,$0000A4,OS+0x000A4,vector-slot,VECTOR,$FFF88138,$F88138,,ROM,direct,vector,V161,static-vectortable,unknown,,1,vektor 41,,
vec:V161:0000A8:FF88E8,$0000A8,OS+0x000A8,vector-slot,VECTOR,$FFFF88E8,$FF88E8,$0088E8,HIGH-RAM-ALIAS-CANDIDATE,mirror-hypothesis,vector,V161,static-vectortable,unknown,,1,vektor 42,,
vec:V161:0000AC:FF88E2,$0000AC,OS+0x000AC,vector-slot,VECTOR,$FFFF88E2,$FF88E2,$0088E2,HIGH-RAM-ALIAS-CANDIDATE,mirror-hypothesis,vector,V161,static-vectortable,unknown,,1,vektor 43,,
vec:V161:0000B0:F88174,$0000B0,OS+0x000B0,vector-slot,VECTOR,$FFF88174,$F88174,,ROM,direct,vector,V161,static-vectortable,unknown,,1,vektor 44,,
vec:V161:0000B4:F881F6,$0000B4,OS+0x000B4,vector-slot,VECTOR,$FFF881F6,$F881F6,,ROM,direct,vector,V161,static-vectortable,unknown,,1,vektor 45,,
vec:V161:0000B8:F881E6,$0000B8,OS+0x000B8,vector-slot,VECTOR,$FFF881E6,$F881E6,,ROM,direct,vector,V161,static-vectortable,unknown,,1,vektor 46,,
vec:V161:0000BC:F88056,$0000BC,OS+0x000BC,vector-slot,VECTOR,$FFF88056,$F88056,,ROM,direct,vector,V161,static-vectortable,unknown,,1,vektor 47,,
vec:V350:000008:F882AA,$000008,OS+0x00008,vector-slot,VECTOR,$FFF882AA,$F882AA,,ROM,direct,vector,V350,static-vectortable,unknown,,1,vektor 2,,
vec:V350:00000C:F882AE,$00000C,OS+0x0000C,vector-slot,VECTOR,$FFF882AE,$F882AE,,ROM,direct,vector,V350,static-vectortable,unknown,,1,vektor 3,,
vec:V350:000010:FC6000,$000010,OS+0x00010,vector-slot,VECTOR,$FFFC6000,$FC6000,,DPRAM,direct,vector,V350,static-vectortable,unknown,,1,vektor 4,,
vec:V350:000014:F882B6,$000014,OS+0x00014,vector-slot,VECTOR,$FFF882B6,$F882B6,,ROM,direct,vector,V350,static-vectortable,unknown,,1,vektor 5,,
vec:V350:000018:F882BA,$000018,OS+0x00018,vector-slot,VECTOR,$FFF882BA,$F882BA,,ROM,direct,vector,V350,static-vectortable,unknown,,1,vektor 6,,
vec:V350:00001C:F882BE,$00001C,OS+0x0001C,vector-slot,VECTOR,$FFF882BE,$F882BE,,ROM,direct,vector,V350,static-vectortable,unknown,,1,vektor 7,,
vec:V350:000020:F882C2,$000020,OS+0x00020,vector-slot,VECTOR,$FFF882C2,$F882C2,,ROM,direct,vector,V350,static-vectortable,unknown,,1,vektor 8,,
vec:V350:000024:F882C6,$000024,OS+0x00024,vector-slot,VECTOR,$FFF882C6,$F882C6,,ROM,direct,vector,V350,static-vectortable,unknown,,1,vektor 9,,
vec:V350:000028:F882CA,$000028,OS+0x00028,vector-slot,VECTOR,$FFF882CA,$F882CA,,ROM,direct,vector,V350,static-vectortable,unknown,,1,vektor 10,,
vec:V350:00002C:FC6014,$00002C,OS+0x0002C,vector-slot,VECTOR,$FFFC6014,$FC6014,,DPRAM,direct,vector,V350,static-vectortable,unknown,,1,vektor 11,,
vec:V350:000030:F882DA,$000030,OS+0x00030,vector-slot,VECTOR,$FFF882DA,$F882DA,,ROM,direct,vector,V350,static-vectortable,unknown,,1,vektor 12,,
vec:V350:000034:F882DA,$000034,OS+0x00034,vector-slot,VECTOR,$FFF882DA,$F882DA,,ROM,direct,vector,V350,static-vectortable,unknown,,1,vektor 13,,
vec:V350:000038:F882DA,$000038,OS+0x00038,vector-slot,VECTOR,$FFF882DA,$F882DA,,ROM,direct,vector,V350,static-vectortable,unknown,,1,vektor 14,,
vec:V350:00003C:F882DA,$00003C,OS+0x0003C,vector-slot,VECTOR,$FFF882DA,$F882DA,,ROM,direct,vector,V350,static-vectortable,unknown,,1,vektor 15,,
vec:V350:000040:F882DA,$000040,OS+0x00040,vector-slot,VECTOR,$FFF882DA,$F882DA,,ROM,direct,vector,V350,static-vectortable,unknown,,1,vektor 16,,
vec:V350:000044:F882DA,$000044,OS+0x00044,vector-slot,VECTOR,$FFF882DA,$F882DA,,ROM,direct,vector,V350,static-vectortable,unknown,,1,vektor 17,,
vec:V350:000048:F882DA,$000048,OS+0x00048,vector-slot,VECTOR,$FFF882DA,$F882DA,,ROM,direct,vector,V350,static-vectortable,unknown,,1,vektor 18,,
vec:V350:00004C:F882DA,$00004C,OS+0x0004C,vector-slot,VECTOR,$FFF882DA,$F882DA,,ROM,direct,vector,V350,static-vectortable,unknown,,1,vektor 19,,
vec:V350:000050:F882DA,$000050,OS+0x00050,vector-slot,VECTOR,$FFF882DA,$F882DA,,ROM,direct,vector,V350,static-vectortable,unknown,,1,vektor 20,,
vec:V350:000054:F882DA,$000054,OS+0x00054,vector-slot,VECTOR,$FFF882DA,$F882DA,,ROM,direct,vector,V350,static-vectortable,unknown,,1,vektor 21,,
vec:V350:000058:F882DA,$000058,OS+0x00058,vector-slot,VECTOR,$FFF882DA,$F882DA,,ROM,direct,vector,V350,static-vectortable,unknown,,1,vektor 22,,
vec:V350:00005C:F882DA,$00005C,OS+0x0005C,vector-slot,VECTOR,$FFF882DA,$F882DA,,ROM,direct,vector,V350,static-vectortable,unknown,,1,vektor 23,,
vec:V350:000060:F882D6,$000060,OS+0x00060,vector-slot,VECTOR,$FFF882D6,$F882D6,,ROM,direct,vector,V350,static-vectortable,unknown,,1,vektor 24,,
vec:V350:000064:F882DA,$000064,OS+0x00064,vector-slot,VECTOR,$FFF882DA,$F882DA,,ROM,direct,vector,V350,static-vectortable,unknown,,1,vektor 25,,
vec:V350:000068:F882DA,$000068,OS+0x00068,vector-slot,VECTOR,$FFF882DA,$F882DA,,ROM,direct,vector,V350,static-vectortable,unknown,,1,vektor 26,,
vec:V350:00006C:F882DA,$00006C,OS+0x0006C,vector-slot,VECTOR,$FFF882DA,$F882DA,,ROM,direct,vector,V350,static-vectortable,unknown,,1,vektor 27,,
vec:V350:000070:F882DA,$000070,OS+0x00070,vector-slot,VECTOR,$FFF882DA,$F882DA,,ROM,direct,vector,V350,static-vectortable,unknown,,1,vektor 28,,
vec:V350:000074:F882DA,$000074,OS+0x00074,vector-slot,VECTOR,$FFF882DA,$F882DA,,ROM,direct,vector,V350,static-vectortable,unknown,,1,vektor 29,,
vec:V350:000078:F882DA,$000078,OS+0x00078,vector-slot,VECTOR,$FFF882DA,$F882DA,,ROM,direct,vector,V350,static-vectortable,unknown,,1,vektor 30,,
vec:V350:00007C:F882DA,$00007C,OS+0x0007C,vector-slot,VECTOR,$FFF882DA,$F882DA,,ROM,direct,vector,V350,static-vectortable,unknown,,1,vektor 31,,
vec:V350:000080:F88280,$000080,OS+0x00080,vector-slot,VECTOR,$FFF88280,$F88280,,ROM,direct,vector,V350,static-vectortable,unknown,,1,vektor 32,,
vec:V350:000084:F87F76,$000084,OS+0x00084,vector-slot,VECTOR,$FFF87F76,$F87F76,,ROM,direct,vector,V350,static-vectortable,unknown,,1,vektor 33,,
vec:V350:000088:F88066,$000088,OS+0x00088,vector-slot,VECTOR,$FFF88066,$F88066,,ROM,direct,vector,V350,static-vectortable,unknown,,1,vektor 34,,
vec:V350:00008C:F88078,$00008C,OS+0x0008C,vector-slot,VECTOR,$FFF88078,$F88078,,ROM,direct,vector,V350,static-vectortable,unknown,,1,vektor 35,,
vec:V350:000090:F880A2,$000090,OS+0x00090,vector-slot,VECTOR,$FFF880A2,$F880A2,,ROM,direct,vector,V350,static-vectortable,unknown,,1,vektor 36,,
vec:V350:000094:F880B6,$000094,OS+0x00094,vector-slot,VECTOR,$FFF880B6,$F880B6,,ROM,direct,vector,V350,static-vectortable,unknown,,1,vektor 37,,
vec:V350:000098:F880D6,$000098,OS+0x00098,vector-slot,VECTOR,$FFF880D6,$F880D6,,ROM,direct,vector,V350,static-vectortable,unknown,,1,vektor 38,,
vec:V350:00009C:F88108,$00009C,OS+0x0009C,vector-slot,VECTOR,$FFF88108,$F88108,,ROM,direct,vector,V350,static-vectortable,unknown,,1,vektor 39,,
vec:V350:0000A0:F8812C,$0000A0,OS+0x000A0,vector-slot,VECTOR,$FFF8812C,$F8812C,,ROM,direct,vector,V350,static-vectortable,unknown,,1,vektor 40,,
vec:V350:0000A4:F88138,$0000A4,OS+0x000A4,vector-slot,VECTOR,$FFF88138,$F88138,,ROM,direct,vector,V350,static-vectortable,unknown,,1,vektor 41,,
vec:V350:0000A8:FF88E8,$0000A8,OS+0x000A8,vector-slot,VECTOR,$FFFF88E8,$FF88E8,$0088E8,HIGH-RAM-ALIAS-CANDIDATE,mirror-hypothesis,vector,V350,static-vectortable,unknown,,1,vektor 42,,
vec:V350:0000AC:FF88E2,$0000AC,OS+0x000AC,vector-slot,VECTOR,$FFFF88E2,$FF88E2,$0088E2,HIGH-RAM-ALIAS-CANDIDATE,mirror-hypothesis,vector,V350,static-vectortable,unknown,,1,vektor 43,,
vec:V350:0000B0:F88174,$0000B0,OS+0x000B0,vector-slot,VECTOR,$FFF88174,$F88174,,ROM,direct,vector,V350,static-vectortable,unknown,,1,vektor 44,,
vec:V350:0000B4:F881F6,$0000B4,OS+0x000B4,vector-slot,VECTOR,$FFF881F6,$F881F6,,ROM,direct,vector,V350,static-vectortable,unknown,,1,vektor 45,,
vec:V350:0000B8:F881E6,$0000B8,OS+0x000B8,vector-slot,VECTOR,$FFF881E6,$F881E6,,ROM,direct,vector,V350,static-vectortable,unknown,,1,vektor 46,,
vec:V350:0000BC:F88056,$0000BC,OS+0x000BC,vector-slot,VECTOR,$FFF88056,$F88056,,ROM,direct,vector,V350,static-vectortable,unknown,,1,vektor 47,,
jal:ROM:F80072:FC6200,$F80072,ROM+0x00072,mapped,ROM,$00FC6200,$FC6200,,DPRAM,direct,jmp-abs.l,ROM,static+arch,inferred_from_trace,runtime-v350-boot-file1,1,reset-bryggan; boot kan ej na FILE 1 utan denna,,
jal:ROM:FC6206:FB8E06,$FC6206,,runtime-only,DPRAM,$FFFB8E06,$FB8E06,,ROM,direct,jmp-abs.l,ROM,static+arch,inferred_from_trace,runtime-v350-boot-file1,1,DPRAM-kopian -> PIO-init,,
mmw:V350:0067EC:FC6829,$0067EC,OS+0x05DEC,mapped,OS-RAM,$00FC6829,$FC6829,,SIB,direct,mmio-write,V350,runtime-PC,observed,runtime-v350-historical-error130,1,"PAR-kanalval, PBDAT lag byte",,
fth:V350:006800:006802,$006800,OS+0x05E00,mapped,OS-RAM,,$006802,,OS-RAM,direct,fall-through,V350,runtime-PC,observed,runtime-v350-historical-error130,1,divu.w; fallande_PC=006802 live-observerad,,
vec:V350:000014:F882B6#2,$000014,OS+0x00014,mapped,VECTOR,$FFF882B6,$F882B6,,ROM,direct,vector,V350,runtime-PC,observed,runtime-v350-historical-error130,1,vektor 5 division-by-zero -> ROM-stubb,,
fth:ROM:F882B6:F88280,$F882B6,ROM+0x082B6,mapped,ROM,,$F88280,,ROM,direct,fall-through,ROM,runtime-PC,inferred_from_trace,runtime-v350-historical-error130,1,stubb -> gemensam exception-svans -> ERROR 130,,
mmw:V161:00BEF2:FC6894,$00BEF2,OS+0x118F2,mapped,OS-RAM,$00FC6894,$FC6894,,SIB,direct,mmio-write,V161,runtime-PC,observed,runtime-v161-historical-scc,1,SCM2 <- $703B (ENR),,
mmw:V161:00BF00:FC6884,$00BF00,OS+0x11900,mapped,OS-RAM,$00FC6884,$FC6884,,SIB,direct,mmio-write,V161,runtime-PC,observed,runtime-v161-historical-scc,1,SCM1 <- $703B (ENR),,
dal:V161:00BF0E:FF8ECA,$00BF0E,OS+0x1190E,mapped,OS-RAM,$FFFF8ECA,$FF8ECA,$008ECA,HIGH-RAM-ALIAS-CANDIDATE,mirror-hypothesis,direct-abs.l,V161,runtime-PC,observed,runtime-v161-historical-scc,1,aterflode till $00BF14 observerat; traffar slot $008ECA endast om spegling galler,,
mmw:V161:00BF1A:FC6816,$00BF1A,OS+0x1191A,mapped,OS-RAM,$00FC6816,$FC6816,,SIB,direct,mmio-write,V161,runtime-PC,observed,runtime-v161-historical-scc,1,IMR |= $2400 (SCC1+SCC2),,
bsr:ROM:F8C182:F8C1A2,$F8C182,ROM+0x0C182,mapped,ROM,,$F8C1A2,,ROM,direct,bsr,ROM,static,not_reached_in_bounded_run,,1,CP ENTER HUNT MODE SCC1 ($21) - ej observerad,,
bsr:ROM:F8C19E:F8C1A2,$F8C19E,ROM+0x0C19E,mapped,ROM,,$F8C1A2,,ROM,direct,bsr,ROM,static,not_reached_in_bounded_run,,1,CP ENTER HUNT MODE SCC2 ($23) - ej observerad,,
daw:V350:008D6A:00643C,$008D6A,OS+0x0836A,mapped,OS-RAM,$643C,$00643C,,OS-RAM,direct,direct-abs.w,V350,static,not_reached_in_bounded_run,,1,SCC1 ISR -> gemensam mottagningsrutin,,
daw:V350:008DA6:00643C,$008DA6,OS+0x083A6,mapped,OS-RAM,$643C,$00643C,,OS-RAM,direct,direct-abs.w,V350,static,not_reached_in_bounded_run,,1,SCC2 ISR -> gemensam mottagningsrutin,,
obs:V350:rx22:001627181525:F884BE:FF8638,$F884BE,ROM+0x084BE,mapped,ROM,$8638.w,$FF8638,$FF8638,HIGH-RAM,direct,duart-irq6-dispatch,V350,observed,observed,rx-event-v350-raw22@0016.271815250,1,counter-ready bit 3 via jmp $8638.w; PC observed at $FF8638 in same event,,
obs:V350:rx22:001627161962:F884BE:FFB0BC,$F884BE,ROM+0x084BE,mapped,ROM,($00DE).w,$FFB0BC,$FFB0BC,HIGH-RAM,direct,duart-irq6-dispatch,V350,observed,observed,rx-event-v350-raw22@0016.271619625,1,"RxRDYB bit 5 via movea.l $00de.w,A0 / jmp (A0)",,
obs:V350:rx22:001627190137:F87FC0:00780C,$F87FC0,ROM+0x07FC0,mapped,ROM,RTE frame,$00780C,$00780C,OS-RAM,direct,scheduler-rte,V350,observed,observed,rx-event-v350-raw22@0016.271901375,1,scheduler RTE from slot 5; frame SR $0000,,
obs:V350:rx22:001627289950:F87FC0:0069CC,$F87FC0,ROM+0x07FC0,mapped,ROM,RTE frame,$0069CC,$0069CC,OS-RAM,direct,scheduler-rte,V350,observed,observed,rx-event-v350-raw22@0016.272899500,1,scheduler RTE from slot 4; frame SR $0004,,
obs:V350:rx22:001627691500:F87FC0:006876,$F87FC0,ROM+0x07FC0,mapped,ROM,RTE frame,$006876,$006876,OS-RAM,direct,scheduler-rte,V350,observed,observed,rx-event-v350-raw22@0016.276915000,1,scheduler RTE from slot 4; frame SR $0004,,
